0.01,3.307,0.01,0.239115034,0.01,2.511672565
0.02,3.297,0.02,2.412417937,0.02,2.514613325
0.03,3.293,0.03,4.096444362,0.03,2.513209212
0.04,3.289,0.04,2.306286688,0.04,2.517404138
0.05,3.284,0.05,0.215062775,0.05,2.506997943
0.06,3.286,0.06,5.579208346,0.06,2.50543992
0.07,3.284,0.07,0.617453659,0.07,2.516400825
0.08,3.288,0.08,4.04573846,0.08,2.544753241
0.09,3.277,0.09,2.68577986,0.09,2.531032291
0.1,3.275,0.1,0.191772432,0.1,2.516548971
0.11,3.286,0.11,4.629718408,0.11,2.516010686
0.12,3.316,0.12,4.625003167,0.12,2.507404977
0.13,3.303,0.13,-0.342114821,0.13,2.498590943
0.14,3.289,0.14,2.593086229,0.14,2.490663585
0.15,3.289,0.15,5.91417336,0.15,2.469290543
0.16,3.28,0.16,1.206897867,0.16,2.461357546
0.17,3.269,0.17,2.672679863,0.17,2.494307995
0.18,3.259,0.18,3.912698187,0.18,2.58684793
0.19,3.235,0.19,0.909093554,0.19,2.620190726
0.2,3.224,0.2,4.856971776,0.2,2.612746711
0.21,3.256,0.21,3.003234157,0.21,2.587095246
0.22,3.353,0.22,-0.489447741,0.22,2.526949946
0.23,3.393,0.23,6.756652506,0.23,2.491870979
0.24,3.393,0.24,2.037646356,0.24,2.5001711
0.25,3.374,0.25,2.391667774,0.25,2.505291456
0.26,3.316,0.26,5.315425144,0.26,2.498985731
0.27,3.277,0.27,-1.10949947,0.27,2.498231647
0.28,3.28,0.28,4.603016557,0.28,2.49686579
0.29,3.28,0.29,2.334175367,0.29,2.48241297
0.3,3.269,0.3,3.465734122,0.3,2.470602285
0.31,3.266,0.31,4.252463864,0.31,2.297652304
0.32,3.264,0.32,1.41649522,0.32,2.044128687
0.33,3.248,0.33,1.176147075,0.33,2.201231067
0.34,3.234,0.34,6.5678006,0.34,3.655910357
0.35,3.05,0.35,4.142813616,0.35,3.623704098
0.36,2.772,0.36,0.386932415,0.36,2.441634089
0.37,2.913,0.37,3.485598913,0.37,1.706107511
0.38,4.43,0.38,3.296934303,0.38,1.951382134
0.39,4.458,0.39,0.287946424,0.39,2.383046188
0.4,3.283,0.4,1.567902637,0.4,2.561522025
0.41,2.528,0.41,5.277498357,0.41,2.541169173
0.42,2.761,0.42,2.533347185,0.42,2.497715455
0.43,3.136,0.43,2.745961054,0.43,2.515067218
0.44,3.265,0.44,2.784013549,0.44,2.535558676
0.45,3.245,0.45,3.379463326,0.45,2.532791056
0.46,3.233,0.46,1.35718745,0.46,2.534995562
0.47,3.273,0.47,1.472930277,0.47,2.517573534
0.48,3.301,0.48,3.942662486,0.48,2.489361328
0.49,3.3,0.49,2.739125603,0.49,2.487481171
0.5,3.305,0.5,4.789244139,0.5,2.481903253
0.51,3.29,0.51,2.193826449,0.51,2.47398841
0.52,3.261,0.52,2.641193792,0.52,2.490569016
0.53,3.257,0.53,-0.333734265,0.53,2.47856731
0.54,3.249,0.54,5.52156135,0.54,2.498299948
0.55,3.238,0.55,2.118862742,0.55,2.568931806
0.56,3.253,0.56,1.955278253,0.56,2.637391365
0.57,3.24,0.57,2.19029203,0.57,2.705750527
0.58,3.26,0.58,3.883321513,0.58,2.732965815
0.59,3.335,0.59,3.887549353,0.59,2.692046807
0.6,3.412,0.6,1.516374585,0.6,2.588773089
0.61,3.492,0.61,2.985232951,0.61,2.514736855
0.62,3.533,0.62,2.54556113,0.62,2.445978162
0.63,3.503,0.63,1.561301474,0.63,2.438533126
0.64,3.402,0.64,1.921409988,0.64,2.435215731
0.65,3.323,0.65,4.747801186,0.65,2.461215619
0.66,3.242,0.66,0.909549578,0.66,2.478957231
0.67,3.22,0.67,4.544660988,0.67,2.493390895
0.68,3.203,0.68,3.033797349,0.68,2.519466179
0.69,3.221,0.69,0.36448624,0.69,2.50836847
0.7,3.235,0.7,3.844826197,0.7,2.504203194
0.71,3.25,0.71,4.07698502,0.71,2.502725109
0.72,3.279,0.72,0.318678219,0.72,2.504759579
0.73,3.271,0.73,0.079144265,0.73,2.52592986
0.74,3.269,0.74,6.875697841,0.74,2.525771786
0.75,3.269,0.75,3.121398144,0.75,2.529295784
0.76,3.272,0.76,2.104217177,0.76,2.526945489
0.77,3.294,0.77,-0.048777805,0.77,2.518162245
0.78,3.295,0.78,5.332782364,0.78,2.510733817
0.79,3.3,0.79,3.43554255,0.79,2.527451972
0.8,3.299,0.8,2.921183829,0.8,2.517928833
0.81,3.291,0.81,1.532995398,0.81,2.515464925
0.82,3.283,0.82,3.24473414,0.82,2.520413205
0.83,3.3,0.83,2.834743626,0.83,2.526663906
0.84,3.29,0.84,3.493501158,0.84,2.544692092
0.85,3.287,0.85,3.295453808,0.85,2.51868872
0.86,3.292,0.86,0.622045371,0.86,2.510913614
0.87,3.299,0.87,5.128313045,0.87,2.516112795
0.88,3.318,0.88,1.864053045,0.88,2.516585846
0.89,3.292,0.89,3.727651577,0.89,2.504556977
0.9,3.284,0.9,3.380340182,0.9,2.52527857
0.91,3.289,0.91,2.647777489,0.91,2.532307724
0.92,3.289,0.92,2.006751606,0.92,2.533457856
0.93,3.275,0.93,1.493984377,0.93,2.516524477
0.94,3.296,0.94,5.326647082,0.94,2.501736578
0.95,3.304,0.95,2.160858566,0.95,2.505664999
0.96,3.306,0.96,3.598024032,0.96,2.519238293
0.97,3.289,0.97,4.106380675,0.97,2.514193675
0.98,3.274,0.98,1.073625698,0.98,2.503949218
0.99,3.277,0.99,1.081900677,0.99,2.51448409
1,3.29,1,3.410511797,1,2.519871903
1.01,3.284,1.01,2.376450845,1.01,2.520768239
1.02,3.273,1.02,2.959700981,1.02,2.460644834
1.03,3.284,1.03,1.592198654,1.03,2.441988243
1.04,3.29,1.04,3.41212572,1.04,2.498845716
1.05,3.291,1.05,1.815275414,1.05,2.565452802
1.06,3.228,1.06,2.719540654,1.06,2.59170616
1.07,3.206,1.07,2.920608585,1.07,2.625321413
1.08,3.262,1.08,0.812545452,1.08,2.585054205
1.09,3.331,1.09,3.144847441,1.09,2.53285567
1.1,3.361,1.1,3.21252822,1.1,2.499458539
1.11,3.403,1.11,1.823254215,1.11,2.494645874
1.12,3.37,1.12,4.351376687,1.12,2.496655762
1.13,3.32,1.13,0.8480191,1.13,2.506755864
1.14,3.284,1.14,4.948109201,1.14,2.533300981
1.15,3.275,1.15,2.222412772,1.15,2.512418572
1.16,3.271,1.16,2.609698074,1.16,2.496919909
1.17,3.277,1.17,2.828524976,1.17,2.371049849
1.18,3.303,1.18,0.949314693,1.18,2.130314478
1.19,3.282,1.19,3.886843487,1.19,2.016917596
1.2,3.266,1.2,2.442555582,1.2,3.074070644
1.21,3.133,1.21,4.97070485,1.21,3.653482354
1.22,2.872,1.22,3.326076787,1.22,2.916483258
1.23,2.731,1.23,2.241727962,1.23,1.8927724
1.24,3.818,1.24,1.969542131,1.24,1.858121103
1.25,4.458,1.25,0.379338093,1.25,2.253681664
1.26,3.749,1.26,4.353863535,1.26,2.500016284
1.27,2.711,1.27,2.716232101,1.27,2.56276882
1.28,2.667,1.28,3.573254056,1.28,2.549700986
1.29,3.026,1.29,2.824752717,1.29,2.550187956
1.3,3.22,1.3,2.636693176,1.3,2.551992935
1.31,3.264,1.31,3.029224719,1.31,2.515144247
1.32,3.277,1.32,2.649414747,1.32,2.522738773
1.33,3.306,1.33,3.600276638,1.33,2.516284128
1.34,3.321,1.34,2.540959553,1.34,2.485700084
1.35,3.287,1.35,3.76698075,1.35,2.469664254
1.36,3.296,1.36,1.588281463,1.36,2.491032452
1.37,3.29,1.37,3.151500622,1.37,2.491808562
1.38,3.257,1.38,3.789095388,1.38,2.488501575
1.39,3.237,1.39,0.931227766,1.39,2.487816448
1.4,3.257,1.4,4.747831926,1.4,2.526177354
1.41,3.256,1.41,3.380158029,1.41,2.559639061
1.42,3.251,1.42,2.546541601,1.42,2.590356348
1.43,3.25,1.43,4.259470061,1.43,2.647723594
1.44,3.291,1.44,1.747694487,1.44,2.701101467
1.45,3.328,1.45,3.483147765,1.45,2.683112683
1.46,3.364,1.46,5.193623571,1.46,2.631355373
1.47,3.43,1.47,3.30978239,1.47,2.558025595
1.48,3.495,1.48,3.53113875,1.48,2.484493004
1.49,3.486,1.49,2.96912391,1.49,2.459247288
1.5,3.439,1.5,2.890036386,1.5,2.441733802
1.51,3.365,1.51,3.276162874,1.51,2.44417457
1.52,3.284,1.52,4.983476116,1.52,2.438824793
1.53,3.247,1.53,2.38138588,1.53,2.482632989
1.54,3.217,1.54,3.493624346,1.54,2.523705251
1.55,3.209,1.55,3.667574551,1.55,2.500669331
1.56,3.196,1.56,2.815957271,1.56,2.50877018
1.57,3.238,1.57,3.802378522,1.57,2.522560121
1.58,3.281,1.58,3.009566282,1.58,2.517397609
1.59,3.26,1.59,3.282925676,1.59,2.518064001
1.6,3.271,1.6,4.099905674,1.6,2.501690691
1.61,3.289,1.61,3.537715182,1.61,2.508400566
1.62,3.286,1.62,2.093306881,1.62,2.529782443
1.63,3.287,1.63,5.717533475,1.63,2.524327208
1.64,3.271,1.64,0.89700484,1.64,2.517270322
1.65,3.278,1.65,2.978708786,1.65,2.507062954
1.66,3.3,1.66,6.055032797,1.66,2.51472731
1.67,3.295,1.67,1.626428623,1.67,2.541916559
1.68,3.288,1.68,3.348734171,1.68,2.532411919
1.69,3.278,1.69,5.221971068,1.69,2.521161311
1.7,3.286,1.7,2.364731081,1.7,2.531897623
1.71,3.314,1.71,1.354918046,1.71,2.533871099
1.72,3.305,1.72,5.704409871,1.72,2.517914602
1.73,3.294,1.73,2.819353516,1.73,2.509989168
1.74,3.306,1.74,1.985410152,1.74,2.504871393
1.75,3.309,1.75,3.355927195,1.75,2.482490765
1.76,3.292,1.76,3.693547772,1.76,2.51547832
1.77,3.283,1.77,1.791945639,1.77,2.52812367
1.78,3.277,1.78,3.905953627,1.78,2.511240234
1.79,3.252,1.79,4.289221664,1.79,2.515842953
1.8,3.284,1.8,1.111850056,1.8,2.479320449
1.81,3.297,1.81,3.837158533,1.81,2.450683956
1.82,3.28,1.82,2.904940731,1.82,2.494332177
1.83,3.285,1.83,0.65431839,1.83,2.554101328
1.84,3.248,1.84,4.659415085,1.84,2.600590708
1.85,3.216,1.85,3.379237309,1.85,2.61941176
1.86,3.258,1.86,1.438218144,1.86,2.595973536
1.87,3.32,1.87,2.067600326,1.87,2.525053757
1.88,3.371,1.88,4.795209201,1.88,2.484921174
1.89,3.397,1.89,1.238141949,1.89,2.509743964
1.9,3.381,1.9,0.331856875,1.9,2.50696211
1.91,3.312,1.91,5.678325913,1.91,2.507490329
1.92,3.269,1.92,2.657728371,1.92,2.493812568
1.93,3.29,1.93,2.438669634,1.93,2.483771339
1.94,3.282,1.94,3.386126628,1.94,2.516893859
1.95,3.278,1.95,0.498257922,1.95,2.454097816
1.96,3.262,1.96,2.532318691,1.96,2.251928007
1.97,3.251,1.97,3.950098211,1.97,2.036647871
1.98,3.284,1.98,2.513222295,1.98,2.476400706
1.99,3.218,1.99,2.321390886,1.99,3.672017074
2,3.002,2,3.902017125,2,3.371242808
2.01,2.762,2.01,2.590181759,2.01,2.192309637
2.02,3.201,2.02,3.209745987,2.02,1.831541485
2.03,4.458,2.03,1.933106144,2.03,2.14355344
2.04,4.205,2.04,1.511971057,2.04,2.454766789
2.05,3.022,2.05,4.03832864,2.05,2.531829668
2.06,2.649,2.06,3.203314254,2.06,2.522804264
2.07,2.946,2.07,1.140621119,2.07,2.536368471
2.08,3.203,2.08,3.357903183,2.08,2.535636859
2.09,3.24,2.09,1.750427899,2.09,2.550211802
2.1,3.242,2.1,3.701521482,2.1,2.525705313
2.11,3.284,2.11,2.162770547,2.11,2.515720452
2.12,3.299,2.12,2.686368696,2.12,2.512746181
2.13,3.319,2.13,3.711416534,2.13,2.478270607
2.14,3.297,2.14,2.223097384,2.14,2.473908475
2.15,3.289,2.15,-1.50849302,2.15,2.468929536
2.16,3.286,2.16,1.525378708,2.16,2.469578131
2.17,3.249,2.17,-0.43284749,2.17,2.492898115
2.18,3.241,2.18,2.262341999,2.18,2.512573285
2.19,3.233,2.19,0.227953322,2.19,2.539435084
2.2,3.231,2.2,-0.921422417,2.2,2.578811529
2.21,3.253,2.21,0.187229932,2.21,2.656845948
2.22,3.274,2.22,-1.071861894,2.22,2.703289447
2.23,3.304,2.23,-3.447003779,2.23,2.693988655
2.24,3.349,2.24,0.651404734,2.24,2.653991119
2.25,3.437,2.25,0.231211723,2.25,2.564640113
2.26,3.495,2.26,5.23422568,2.26,2.504306674
2.27,3.496,2.27,-4.143283727,2.27,2.466650164
2.28,3.463,2.28,-0.995128531,2.28,2.437723962
2.29,3.374,2.29,3.55142297,2.29,2.434690781
2.3,3.307,2.3,1.392423608,2.3,2.452941992
2.31,3.258,2.31,0.907431143,2.31,2.480861301
2.32,3.216,2.32,4.543715363,2.32,2.494932771
2.33,3.201,2.33,4.199896223,2.33,2.505580451
2.34,3.212,2.34,7.242792149,2.34,2.513137431
2.35,3.237,2.35,9.037910415,2.35,2.498894545
2.36,3.251,2.36,8.525870408,2.36,2.509144129
2.37,3.264,2.37,15.36843248,2.37,2.533697428
2.38,3.275,2.38,6.418505428,2.38,2.528100896
2.39,3.263,2.39,15.5235984,2.39,2.524157629
2.4,3.275,2.4,11.21628226,2.4,2.518014432
2.41,3.302,2.41,13.14176534,2.41,2.506010275
2.42,3.298,2.42,6.481288848,2.42,2.50618013
2.43,3.295,2.43,12.41202633,2.43,2.510944402
2.44,3.29,2.44,12.84860525,2.44,2.519146163
2.45,3.278,2.45,15.31186842,2.45,2.525784791
2.46,3.277,2.46,8.507581771,2.46,2.535374709
2.47,3.281,2.47,11.36050611,2.47,2.534934622
2.48,3.289,2.48,12.98430755,2.48,2.537501164
2.49,3.296,2.49,5.320979261,2.49,2.526976406
2.5,3.307,2.5,14.36562937,2.5,2.516303924
2.51,3.308,2.51,3.771522944,2.51,2.507590784
2.52,3.312,2.52,14.47391624,2.52,2.523094673
2.53,3.302,2.53,17.39754125,2.53,2.509543814
2.54,3.291,2.54,12.42251908,2.54,2.521867114
2.55,3.281,2.55,13.59147295,2.55,2.505634886
2.56,3.296,2.56,9.188896093,2.56,2.484074426
2.57,3.281,2.57,14.27584609,2.57,2.510765512
2.58,3.293,2.58,20.52716593,2.58,2.491866682
2.59,3.276,2.59,15.7518257,2.59,2.466797691
2.6,3.253,2.6,15.16138,2.6,2.481256583
2.61,3.279,2.61,10.01048398,2.61,2.544343803
2.62,3.259,2.62,19.26120225,2.62,2.574010435
2.63,3.231,2.63,17.09958478,2.63,2.614553433
2.64,3.244,2.64,17.17234026,2.64,2.62335889
2.65,3.31,2.65,17.55901426,2.65,2.541011028
2.66,3.343,2.66,13.07550307,2.66,2.492053604
2.67,3.39,2.67,19.12902294,2.67,2.503003678
2.68,3.407,2.68,18.32508195,2.68,2.485047665
2.69,3.328,2.69,17.11844444,2.69,2.502931088
2.7,3.277,2.7,19.24172933,2.7,2.522435566
2.71,3.285,2.71,13.3480111,2.71,2.533119461
2.72,3.261,2.72,17.64986537,2.72,2.489505448
2.73,3.273,2.73,18.37798964,2.73,2.292395001
2.74,3.291,2.74,18.63008643,2.74,2.046949275
2.75,3.303,2.75,16.70994229,2.75,2.159421028
2.76,3.258,2.76,15.19291526,2.76,3.509322524
2.77,3.05,2.77,19.4370346,2.77,3.63265001
2.78,2.78,2.78,18.87822422,2.78,2.47695945
2.79,2.873,2.79,18.34446806,2.79,1.834903565
2.8,4.275,2.8,16.98060482,2.8,2.039890326
2.81,4.458,2.81,16.70542767,2.81,2.379794714
2.82,3.311,2.82,16.75506036,2.82,2.513649943
2.83,2.656,2.83,20.49950125,2.83,2.549856153
2.84,2.855,2.84,15.49226493,2.84,2.533999849
2.85,3.145,2.85,16.54750155,2.85,2.533442341
2.86,3.227,2.86,18.84785185,2.86,2.524883247
2.87,3.263,2.87,14.63384203,2.87,2.514384528
2.88,3.275,2.88,19.50046072,2.88,2.517284022
2.89,3.294,2.89,15.3116301,2.89,2.519577926
2.9,3.292,2.9,16.29355174,2.9,2.495968503
2.91,3.284,2.91,14.90635241,2.91,2.495295108
2.92,3.288,2.92,15.30835807,2.92,2.495313278
2.93,3.291,2.93,17.16805392,2.93,2.470823144
2.94,3.266,2.94,11.72300298,2.94,2.449619483
2.95,3.264,2.95,18.00370422,2.95,2.477841866
2.96,3.263,2.96,13.55362901,2.96,2.535914766
2.97,3.236,2.97,15.80657899,2.97,2.579611991
2.98,3.211,2.98,15.64954956,2.98,2.644583379
2.99,3.238,2.99,13.93059893,2.99,2.6984914
3,3.298,3,13.66342412,3,2.716445141
3.01,3.346,3.01,16.20481333,3.01,2.674134092
3.02,3.42,3.02,13.31094653,3.02,2.590264974
3.03,3.487,3.03,13.90424754,3.03,2.515573803
3.04,3.518,3.04,14.35315541,3.04,2.455121118
3.05,3.484,3.05,11.65824146,3.05,2.434281586
3.06,3.402,3.06,14.01390946,3.06,2.431326542
3.07,3.322,3.07,13.58144858,3.07,2.452788725
3.08,3.25,3.08,12.96238432,3.08,2.483247031
3.09,3.215,3.09,12.91441504,3.09,2.49022572
3.1,3.199,3.1,12.48011487,3.1,2.493476942
3.11,3.212,3.11,12.29591414,3.11,2.516752592
3.12,3.239,3.12,10.95592209,3.12,2.522274374
3.13,3.246,3.13,12.40094286,3.13,2.514347174
3.14,3.251,3.14,11.0868017,3.14,2.496652486
3.15,3.278,3.15,11.36981285,3.15,2.509453564
3.16,3.287,3.16,11.84720815,3.16,2.51610434
3.17,3.281,3.17,10.62379308,3.17,2.525619632
3.18,3.264,3.18,9.91323986,3.18,2.528721292
3.19,3.278,3.19,9.629856485,3.19,2.511003252
3.2,3.285,3.2,10.31951456,3.2,2.523210764
3.21,3.295,3.21,10.85566213,3.21,2.530367314
3.22,3.299,3.22,10.02287396,3.22,2.526161513
3.23,3.282,3.23,9.861388098,3.23,2.512850553
3.24,3.295,3.24,8.318056674,3.24,2.528915534
3.25,3.303,3.25,9.79515822,3.25,2.536184198
3.26,3.299,3.26,10.77018199,3.26,2.534850876
3.27,3.285,3.27,8.554297947,3.27,2.510648873
3.28,3.302,3.28,9.170823105,3.28,2.505099721
3.29,3.31,3.29,8.25841583,3.29,2.507211573
3.3,3.309,3.3,8.495832781,3.3,2.52853555
3.31,3.284,3.31,6.862796712,3.31,2.533586541
3.32,3.278,3.32,9.087165816,3.32,2.513595266
3.33,3.279,3.33,8.41399574,3.33,2.505742001
3.34,3.3,3.34,7.632002376,3.34,2.508776073
3.35,3.305,3.35,6.396765198,3.35,2.492606862
3.36,3.285,3.36,6.02569489,3.36,2.450907574
3.37,3.277,3.37,8.76309229,3.37,2.45132594
3.38,3.28,3.38,6.369905019,3.38,2.532123839
3.39,3.262,3.39,6.875587653,3.39,2.599504798
3.4,3.216,3.4,7.071171035,3.4,2.629438432
3.41,3.213,3.41,6.871253914,3.41,2.618834564
3.42,3.295,3.42,6.706748674,3.42,2.557249813
3.43,3.367,3.43,6.636570772,3.43,2.501142298
3.44,3.404,3.44,7.520732794,3.44,2.49455099
3.45,3.402,3.45,4.938665153,3.45,2.486126728
3.46,3.346,3.46,5.198017002,3.46,2.483815265
3.47,3.289,3.47,8.303351096,3.47,2.494573501
3.48,3.278,3.48,3.746664685,3.48,2.507200697
3.49,3.263,3.49,6.639687652,3.49,2.507352831
3.5,3.254,3.5,5.690939677,3.5,2.495479064
3.51,3.261,3.51,4.632127737,3.51,2.348133613
3.52,3.273,3.52,6.072601594,3.52,2.109830776
3.53,3.273,3.53,4.464070665,3.53,2.050368576
3.54,3.261,3.54,4.733335016,3.54,3.307622889
3.55,3.106,3.55,6.860563573,3.55,3.642545852
3.56,2.847,3.56,5.916172329,3.56,2.676844961
3.57,2.763,3.57,2.722430183,3.57,1.85014843
3.58,4.063,3.58,4.068857957,3.58,1.975686844
3.59,4.458,3.59,5.860887402,3.59,2.33946349
3.6,3.509,3.6,4.272135656,3.6,2.514153727
3.61,2.667,3.61,3.505834917,3.61,2.552884878
3.62,2.788,3.62,3.390416318,3.62,2.532650222
3.63,3.109,3.63,1.573312669,3.63,2.511400436
3.64,3.232,3.64,5.383402817,3.64,2.523342604
3.65,3.262,3.65,3.354789873,3.65,2.540691133
3.66,3.269,3.66,3.33344228,3.66,2.54982385
3.67,3.269,3.67,0.724939106,3.67,2.513203879
3.68,3.289,3.68,3.400494314,3.68,2.485030639
3.69,3.31,3.69,3.236210637,3.69,2.469584843
3.7,3.322,3.7,-0.16240229,3.7,2.458668757
3.71,3.286,3.71,3.855017145,3.71,2.472591903
3.72,3.257,3.72,3.964104054,3.72,2.487226705
3.73,3.239,3.73,2.06772206,3.73,2.507515251
3.74,3.224,3.74,-2.841166665,3.74,2.529825801
3.75,3.234,3.75,5.240138016,3.75,2.573116404
3.76,3.247,3.76,3.463693138,3.76,2.643996769
3.77,3.268,3.77,-1.034217969,3.77,2.689909012
3.78,3.293,3.78,2.933918508,3.78,2.715232674
3.79,3.342,3.79,2.815630491,3.79,2.679436752
3.8,3.422,3.8,2.565814039,3.8,2.579004184
3.81,3.479,3.81,1.804745333,3.81,2.519196887
3.82,3.516,3.82,2.453889009,3.82,2.466794155
3.83,3.489,3.83,-4.878441375,3.83,2.432935786
3.84,3.39,3.84,7.949493671,3.84,2.433094791
3.85,3.325,3.85,1.818066467,3.85,2.441634842
3.86,3.262,3.86,-0.39821311,3.86,2.469915998
3.87,3.214,3.87,2.317912962,3.87,2.502755509
3.88,3.201,3.88,0.38505653,3.88,2.524332887
3.89,3.201,3.89,2.519835758,3.89,2.522403327
3.9,3.225,3.9,6.966350517,3.9,2.510064933
3.91,3.258,3.91,-0.177094034,3.91,2.507843857
3.92,3.283,3.92,-1.430707948,3.92,2.508038004
3.93,3.285,3.93,6.358912682,3.93,2.510203349
3.94,3.276,3.94,1.786632657,3.94,2.505708448
3.95,3.276,3.95,3.993919241,3.95,2.512450745
3.96,3.277,3.96,2.270429903,3.96,2.531196508
3.97,3.279,3.97,0.365098263,3.97,2.530045704
3.98,3.274,3.98,3.87045532,3.98,2.523313255
3.99,3.281,3.99,3.605308259,3.99,2.511013743
4,3.301,4,3.429670439,4,2.529027875
4.01,3.301,4.01,3.842514159,4.01,2.533698083
4.02,3.295,4.02,2.439891828,4.02,2.53146274
4.03,3.283,4.03,-1.948435462,4.03,2.521506813
4.04,3.302,4.04,4.71114106,4.04,2.5229253
4.05,3.307,4.05,4.998187651,4.05,2.507990868
4.06,3.305,4.06,5.653169656,4.06,2.504452097
4.07,3.295,4.07,0.012867612,4.07,2.521924147
4.08,3.297,4.08,4.285881168,4.08,2.530515346
4.09,3.281,4.09,3.717429842,4.09,2.519765917
4.1,3.276,4.1,2.750903307,4.1,2.502244943
4.11,3.293,4.11,5.893968014,4.11,2.511021451
4.12,3.302,4.12,2.803584388,4.12,2.515335663
4.13,3.291,4.13,2.038464608,4.13,2.500822162
4.14,3.273,4.14,5.605146014,4.14,2.44674563
4.15,3.282,4.15,1.999990025,4.15,2.440215534
4.16,3.286,4.16,2.177733543,4.16,2.52557721
4.17,3.27,4.17,7.045511323,4.17,2.588802374
4.18,3.212,4.18,0.401044238,4.18,2.603491724
4.19,3.202,4.19,6.234336613,4.19,2.605450125
4.2,3.288,4.2,0.266860565,4.2,2.571660637
4.21,3.355,4.21,2.898800818,4.21,2.531657742
4.22,3.375,4.22,5.808082871,4.22,2.49647203
4.23,3.385,4.23,4.180760984,4.23,2.507592769
4.24,3.358,4.24,1.25778251,4.24,2.503480609
4.25,3.319,4.25,0.366912398,4.25,2.506077107
4.26,3.28,4.26,7.457832404,4.26,2.506039323
4.27,3.287,4.27,1.491286985,4.27,2.499637401
4.28,3.278,4.28,2.179061116,4.28,2.501452754
4.29,3.277,4.29,3.700653676,4.29,2.386104126
4.3,3.275,4.3,1.346477105,4.3,2.178794599
4.31,3.268,4.31,4.113494435,4.31,2.052296327
4.32,3.269,4.32,3.008600118,4.32,3.022544327
4.33,3.147,4.33,2.98756555,4.33,3.651091519
4.34,2.922,4.34,5.939291862,4.34,2.936650891
4.35,2.771,4.35,-1.524291986,4.35,1.880733278
4.36,3.769,4.36,4.285348413,4.36,1.838870648
4.37,4.458,4.37,2.014573615,4.37,2.224856201
4.38,3.772,4.38,0.175617729,4.38,2.486889606
4.39,2.699,4.39,5.843423937,4.39,2.564607145
4.4,2.645,4.4,-1.783982471,4.4,2.566182346
4.41,2.995,4.41,3.046703359,4.41,2.56496441
4.42,3.204,4.42,2.106061653,4.42,2.53342058
4.43,3.262,4.43,2.718820881,4.43,2.519597835
4.44,3.291,4.44,3.476451905,4.44,2.530699596
4.45,3.32,4.45,0.482288158,4.45,2.525345947
4.46,3.302,4.46,-0.048338274,4.46,2.51386824
4.47,3.292,4.47,2.540229044,4.47,2.488011828
4.48,3.305,4.48,1.440521097,4.48,2.482030798
4.49,3.3,4.49,1.687707207,4.49,2.479790273
4.5,3.287,4.5,2.978087314,4.5,2.459453221
4.51,3.259,4.51,-0.721065205,4.51,2.488036188
4.52,3.251,4.52,2.544347138,4.52,2.510274094
4.53,3.246,4.53,2.925174558,4.53,2.561379765
4.54,3.222,4.54,0.198770568,4.54,2.615383487
4.55,3.249,4.55,2.475670401,4.55,2.662698312
4.56,3.272,4.56,-0.446518427,4.56,2.71430967
4.57,3.327,4.57,1.052101619,4.57,2.683456444
4.58,3.388,4.58,3.014973409,4.58,2.614508309
4.59,3.446,4.59,0.341138014,4.59,2.532561912
4.6,3.51,4.6,2.512118217,4.6,2.457190075
4.61,3.489,4.61,0.641023598,4.61,2.436830061
4.62,3.424,4.62,1.119818557,4.62,2.440565411
4.63,3.339,4.63,1.131699484,4.63,2.479525034
4.64,3.254,4.64,1.287122427,4.64,2.485591666
4.65,3.22,4.65,0.021019133,4.65,2.48686679
4.66,3.211,4.66,1.172134722,4.66,2.502810141
4.67,3.242,4.67,1.285995364,4.67,2.505205035
4.68,3.244,4.68,-0.353840528,4.68,2.505882059
4.69,3.245,4.69,1.804469937,4.69,2.509445968
4.7,3.263,4.7,0.621235705,4.7,2.527081572
4.71,3.268,4.71,0.489871496,4.71,2.52937676
4.72,3.27,4.72,1.621565582,4.72,2.501361667
4.73,3.275,4.73,0.444474897,4.73,2.507093102
4.74,3.295,4.74,0.670787797,4.74,2.526054376
4.75,3.299,4.75,-0.128379882,4.75,2.515454723
4.76,3.271,4.76,-0.102750457,4.76,2.519785026
4.77,3.277,4.77,-0.275770951,4.77,2.51136542
4.78,3.297,4.78,0.672214824,4.78,2.518770512
4.79,3.286,4.79,1.462901563,4.79,2.531401577
4.8,3.29,4.8,-0.117324142,4.8,2.525841046
4.81,3.282,4.81,0.250968106,4.81,2.527355385
4.82,3.29,4.82,-0.369879368,4.82,2.518974213
4.83,3.303,4.83,-0.350382155,4.83,2.498043889
4.84,3.298,4.84,-0.440772024,4.84,2.5366092
4.85,3.3,4.85,-1.023769814,4.85,2.528461253
4.86,3.292,4.86,-0.103489753,4.86,2.511256256
4.87,3.27,4.87,-0.939254981,4.87,2.508862953
4.88,3.309,4.88,-0.693224911,4.88,2.508513459
4.89,3.301,4.89,-1.226276145,4.89,2.513604666
4.9,3.283,4.9,-0.947653501,4.9,2.464041315
4.91,3.28,4.91,-1.347809745,4.91,2.453234634
4.92,3.28,4.92,-1.719048546,4.92,2.497029234
4.93,3.284,4.93,-0.07686214,4.93,2.570893631
4.94,3.231,4.94,-1.674567468,4.94,2.616510554
4.95,3.217,4.95,-0.946590598,4.95,2.614816285
4.96,3.26,4.96,-1.061146719,4.96,2.561255912
4.97,3.337,4.97,-2.075726616,4.97,2.508288176
4.98,3.388,4.98,-1.660830905,4.98,2.510549493
4.99,3.394,4.99,-0.949945002,4.99,2.515838442
5,3.346,5,-1.788337472,5,2.495538698
5.01,3.294,5.01,-1.674374247,5.01,2.5046961
5.02,3.294,5.02,-1.741380151,5.02,2.512233697
5.03,3.295,5.03,-3.08217064,5.03,2.503246241
5.04,3.269,5.04,-0.860987086,5.04,2.498566214
5.05,3.275,5.05,-2.266628085,5.05,2.394372903
5.06,3.282,5.06,-2.923786043,5.06,2.174225892
5.07,3.272,5.07,-2.99233515,5.07,1.995089464
5.08,3.266,5.08,-1.342155688,5.08,2.864969995
5.09,3.156,5.09,-0.193905634,5.09,3.661795639
5.1,2.918,5.1,-2.628734685,5.1,3.012959366
5.11,2.711,5.11,-2.742968272,5.11,2.023299388
5.12,3.6,5.12,-2.999919194,5.12,1.929131988
5.13,4.458,5.13,-4.067539074,5.13,2.277702217
5.14,3.841,5.14,-2.777326109,5.14,2.484643576
5.15,2.842,5.15,-0.757353056,5.15,2.535637921
5.16,2.743,5.16,-3.65998343,5.16,2.553002216
5.17,3.066,5.17,-2.513365649,5.17,2.540323506
5.18,3.22,5.18,-4.80511853,5.18,2.523390932
5.19,3.247,5.19,-0.593069019,5.19,2.515537791
5.2,3.285,5.2,-3.173306754,5.2,2.493987049
5.21,3.297,5.21,-1.432723876,5.21,2.510199885
5.22,3.29,5.22,-3.285838885,5.22,2.510005578
5.23,3.285,5.23,-1.678762111,5.23,2.504762366
5.24,3.264,5.24,-2.926152767,5.24,2.481574332
5.25,3.28,5.25,-4.984520984,5.25,2.467218525
5.26,3.279,5.26,-2.78292,5.26,2.478964905
5.27,3.273,5.27,-3.739743781,5.27,2.482519434
5.28,3.248,5.28,-4.139130153,5.28,2.511275317
5.29,3.232,5.29,-5.338273744,5.29,2.55559032
5.3,3.242,5.3,-2.57172565,5.3,2.614974978
5.31,3.244,5.31,-2.324804402,5.31,2.691621406
5.32,3.273,5.32,-1.568543057,5.32,2.719741372
5.33,3.321,5.33,-4.853275872,5.33,2.680069393
5.34,3.388,5.34,-5.679541695,5.34,2.608187099
5.35,3.476,5.35,-1.504331811,5.35,2.539814291
5.36,3.517,5.36,-4.123845505,5.36,2.465319715
5.37,3.487,5.37,-2.561205444,5.37,2.418256694
5.38,3.419,5.38,-3.44728175,5.38,2.440865045
5.39,3.348,5.39,-1.853269399,5.39,2.46918902
5.4,3.263,5.4,-6.475340605,5.4,2.472342192
5.41,3.201,5.41,-0.287787349,5.41,2.483238768
5.42,3.211,5.42,-1.997608132,5.42,2.504297287
5.43,3.231,5.43,-5.239460899,5.43,2.517076654
5.44,3.229,5.44,-6.053812844,5.44,2.509124889
5.45,3.239,5.45,0.836330637,5.45,2.500504872
5.46,3.263,5.46,-7.841120536,5.46,2.491769648
5.47,3.279,5.47,-0.896703584,5.47,2.506286878
5.48,3.273,5.48,-0.561242742,5.48,2.538783747
5.49,3.266,5.49,-4.253604722,5.49,2.535214387
5.5,3.258,5.5,-1.410445043,5.5,2.521996433
5.51,3.273,5.51,-4.098866313,5.51,2.533774336
5.52,3.307,5.52,-0.943336692,5.52,2.524686799
5.53,3.305,5.53,-0.166980236,5.53,2.516492804
5.54,3.293,5.54,1.654665124,5.54,2.512453492
5.55,3.307,5.55,-0.073146633,5.55,2.518558279
5.56,3.299,5.56,-4.966418513,5.56,2.525900864
5.57,3.29,5.57,2.081737446,5.57,2.514512213
5.58,3.285,5.58,-2.555141182,5.58,2.514705544
5.59,3.291,5.59,3.779721632,5.59,2.52987937
5.6,3.298,5.6,-0.330209021,5.6,2.533141024
5.61,3.286,5.61,-3.562659689,5.61,2.534615462
5.62,3.286,5.62,4.524583566,5.62,2.516535236
5.63,3.302,5.63,0.183645313,5.63,2.496498812
5.64,3.306,5.64,0.262616859,5.64,2.494293696
5.65,3.308,5.65,4.685600053,5.65,2.511376492
5.66,3.29,5.66,0.109959711,5.66,2.513472965
5.67,3.269,5.67,-0.342188805,5.67,2.45208685
5.68,3.265,5.68,-0.976191245,5.68,2.452710377
5.69,3.281,5.69,6.55126492,5.69,2.522502653
5.7,3.282,5.7,0.613093943,5.7,2.584690899
5.71,3.217,5.71,3.295770383,5.71,2.614316729
5.72,3.215,5.72,2.976943779,5.72,2.598846909
5.73,3.286,5.73,-1.313567567,5.73,2.558318297
5.74,3.352,5.74,7.91849034,5.74,2.532204736
5.75,3.387,5.75,0.843062134,5.75,2.504469104
5.76,3.379,5.76,3.545254711,5.76,2.499557944
5.77,3.344,5.77,4.135820601,5.77,2.506990707
5.78,3.319,5.78,0.804415174,5.78,2.495562726
5.79,3.288,5.79,5.389857008,5.79,2.490346723
5.8,3.278,5.8,5.109245742,5.8,2.503125934
5.81,3.281,5.81,2.346203242,5.81,2.5129585
5.82,3.266,5.82,3.116036115,5.82,2.371541378
5.83,3.258,5.83,4.87238201,5.83,2.137941639
5.84,3.27,5.84,-1.631730448,5.84,2.005235217
5.85,3.28,5.85,6.348982996,5.85,3.072891722
5.86,3.131,5.86,8.267345509,5.86,3.653915383
5.87,2.878,5.87,1.587628658,5.87,2.864616866
5.88,2.719,5.88,4.473820849,5.88,1.941518378
5.89,3.817,5.89,7.302109617,5.89,1.954301784
5.9,4.458,5.9,3.5179958,5.9,2.292693118
5.91,3.694,5.91,2.004597286,5.91,2.483810279
5.92,2.759,5.92,6.391603641,5.92,2.532640465
5.93,2.768,5.93,4.29183759,5.93,2.533425051
5.94,3.072,5.94,4.013266473,5.94,2.532260449
5.95,3.21,5.95,7.220774937,5.95,2.540699997
5.96,3.241,5.96,3.94972633,5.96,2.54391834
5.97,3.265,5.97,5.496700991,5.97,2.512141535
5.98,3.287,5.98,4.172194013,5.98,2.494310056
5.99,3.306,5.99,3.844232006,5.99,2.484963138
6,3.314,6,4.399076908,6,2.489230032
6.01,3.284,6.01,7.027588395,6.01,2.490817967
6.02,3.266,6.02,5.002481047,6.02,2.480661701
6.03,3.255,6.03,4.728197552,6.03,2.490213172
6.04,3.257,6.04,5.008600887,6.04,2.499795373
6.05,3.256,6.05,4.460723287,6.05,2.516552539
6.06,3.244,6.06,4.63533043,6.06,2.560886555
6.07,3.253,6.07,3.536404275,6.07,2.624271675
6.08,3.263,6.08,5.100961602,6.08,2.677147814
6.09,3.281,6.09,4.123906508,6.09,2.706754711
6.1,3.329,6.1,4.409574694,6.1,2.685163748
6.11,3.4,6.11,4.499229306,6.11,2.606722028
6.12,3.463,6.12,3.481231136,6.12,2.524691292
6.13,3.504,6.13,3.278298071,6.13,2.462775068
6.14,3.492,6.14,3.463441339,6.14,2.441895215
6.15,3.417,6.15,3.014152741,6.15,2.443599958
6.16,3.331,6.16,4.244784647,6.16,2.452701802
6.17,3.259,6.17,3.277230841,6.17,2.474012474
6.18,3.225,6.18,2.491757282,6.18,2.478020366
6.19,3.214,6.19,4.58417187,6.19,2.506969579
6.2,3.214,6.2,2.40774525,6.2,2.516919848
6.21,3.231,6.21,2.50561197,6.21,2.509214806
6.22,3.234,6.22,4.223281045,6.22,2.521556134
6.23,3.265,6.23,2.735938062,6.23,2.518192343
6.24,3.278,6.24,1.980801976,6.24,2.519086814
6.25,3.273,6.25,3.457714715,6.25,2.52048308
6.26,3.288,6.26,2.574844954,6.26,2.504501493
6.27,3.287,6.27,1.018902219,6.27,2.510820053
6.28,3.289,6.28,3.874395701,6.28,2.518702603
6.29,3.291,6.29,2.242045927,6.29,2.539540739
6.3,3.275,6.3,2.292367422,6.3,2.509124296
6.31,3.281,6.31,2.463770898,6.31,2.500409586
6.32,3.289,6.32,1.604539489,6.32,2.536079194
6.33,3.311,6.33,2.549626222,6.33,2.539905743
6.34,3.28,6.34,2.535731627,6.34,2.536827781
6.35,3.271,6.35,2.044279081,6.35,2.526932538
6.36,3.308,6.36,2.017029697,6.36,2.524718872
6.37,3.313,6.37,2.555669919,6.37,2.518465494
6.38,3.31,6.38,0.31509573,6.38,2.506096606
6.39,3.301,6.39,2.156775266,6.39,2.51702285
6.4,3.3,6.4,1.817669562,6.4,2.509970855
6.41,3.293,6.41,2.247478429,6.41,2.507017579
6.42,3.279,6.42,1.503954241,6.42,2.50110742
6.43,3.289,6.43,0.129686882,6.43,2.503450759
6.44,3.281,6.44,2.023482872,6.44,2.516548765
6.45,3.277,6.45,0.655749677,6.45,2.501137756
6.46,3.27,6.46,2.452034756,6.46,2.468294357
6.47,3.272,6.47,-0.616090417,6.47,2.456770899
6.48,3.285,6.48,1.882881642,6.48,2.51617487
6.49,3.269,6.49,0.825360275,6.49,2.589292731
6.5,3.234,6.5,0.961735569,6.5,2.633322418
6.51,3.22,6.51,0.692019768,6.51,2.627072096
6.52,3.28,6.52,1.619917457,6.52,2.557779657
6.53,3.357,6.53,0.196772443,6.53,2.493430688
6.54,3.408,6.54,0.264759511,6.54,2.482065913
6.55,3.41,6.55,-0.597692667,6.55,2.494368573
6.56,3.346,6.56,1.782933978,6.56,2.519512821
6.57,3.281,6.57,1.674128583,6.57,2.505691595
6.58,3.265,6.58,-3.9600782,6.58,2.489859097
6.59,3.271,6.59,-1.93957493,6.59,2.506449595
6.6,3.291,6.6,1.235948495,6.6,2.511071527
6.61,3.274,6.61,2.269193627,6.61,2.391022973
6.62,3.257,6.62,-3.027965522,6.62,2.157724297
6.63,3.274,6.63,-1.20657224,6.63,1.988828476
6.64,3.279,6.64,0.232906394,6.64,3.055544066
6.65,3.152,6.65,0.483877907,6.65,3.653536888
6.66,2.9,6.66,-1.141403873,6.66,2.886955441
6.67,2.704,6.67,4.376490564,6.67,1.9200081
6.68,3.8,6.68,-1.361089067,6.68,1.906664598
6.69,4.458,6.69,2.833023797,6.69,2.300883155
6.7,3.717,6.7,3.336535816,6.7,2.510627515
6.71,2.736,6.71,-3.313132809,6.71,2.555273217
6.72,2.717,6.72,4.402413377,6.72,2.535947277
6.73,3.078,6.73,1.762436225,6.73,2.51542048
6.74,3.236,6.74,-1.711624246,6.74,2.530618225
6.75,3.263,6.75,5.856994001,6.75,2.529730155
6.76,3.268,6.76,2.782573227,6.76,2.528057525
6.77,3.272,6.77,0.263462037,6.77,2.508641469
6.78,3.297,6.78,4.3882003,6.78,2.496035434
6.79,3.299,6.79,3.233665225,6.79,2.500313653
6.8,3.299,6.8,3.930800837,6.8,2.459882646
6.81,3.28,6.81,2.341124349,6.81,2.475591729
6.82,3.267,6.82,7.575441163,6.82,2.484121372
6.83,3.27,6.83,0.692709291,6.83,2.494499299
6.84,3.226,6.84,4.782741939,6.84,2.528238471
6.85,3.239,6.85,4.920337441,6.85,2.566962997
6.86,3.246,6.86,4.974084325,6.86,2.610846561
6.87,3.256,6.87,7.070195312,6.87,2.662210099
6.88,3.291,6.88,5.227594923,6.88,2.694192145
6.89,3.335,6.89,5.612179039,6.89,2.66797569
6.9,3.386,6.9,4.568592422,6.9,2.612512567
6.91,3.447,6.91,6.46129959,6.91,2.556231195
6.92,3.49,6.92,6.661861859,6.92,2.496815396
6.93,3.472,6.93,5.332668089,6.93,2.444191929
6.94,3.42,6.94,5.840019609,6.94,2.424012864
6.95,3.362,6.95,5.731538249,6.95,2.441777008
6.96,3.295,6.96,5.449108197,6.96,2.464912104
6.97,3.23,6.97,6.008037019,6.97,2.479418248
6.98,3.197,6.98,4.964390368,6.98,2.501896026
6.99,3.205,6.99,5.134425908,6.99,2.518049799
7,3.222,7,4.949320209,7,2.508988738
7.01,3.234,7.01,5.106394205,7.01,2.516223803
7.02,3.258,7.02,5.201565149,7.02,2.5131385
7.03,3.278,7.03,4.734634387,7.03,2.501672951
7.04,3.272,7.04,5.327592319,7.04,2.529578427
7.05,3.282,7.05,4.126500564,7.05,2.534961066
7.06,3.281,7.06,5.266623793,7.06,2.536639729
7.07,3.27,7.07,4.523075167,7.07,2.526808113
7.08,3.299,7.08,5.211069196,7.08,2.519826164
7.09,3.306,7.09,4.297340793,7.09,2.507763063
7.1,3.309,7.1,4.081825039,7.1,2.507042269
7.11,3.3,7.11,4.682427852,7.11,2.521696809
7.12,3.294,7.12,4.35421215,7.12,2.524811231
7.13,3.281,7.13,3.782102366,7.13,2.504736577
7.14,3.279,7.14,3.579003751,7.14,2.521191695
7.15,3.293,7.15,4.359582368,7.15,2.532011541
7.16,3.296,7.16,3.164908229,7.16,2.526699224
7.17,3.275,7.17,3.864072619,7.17,2.537913849
7.18,3.292,7.18,2.956310176,7.18,2.520166564
7.19,3.304,7.19,3.667796049,7.19,2.509676204
7.2,3.299,7.2,2.941067576,7.2,2.501197192
7.21,3.311,7.21,3.382882267,7.21,2.50907431
7.22,3.294,7.22,3.08847119,7.22,2.510444731
7.23,3.283,7.23,3.214414679,7.23,2.506296882
7.24,3.273,7.24,3.30540508,7.24,2.526585613
7.25,3.28,7.25,2.79475383,7.25,2.46478288
7.26,3.28,7.26,3.139593282,7.26,2.446201863
7.27,3.275,7.27,2.537516796,7.27,2.497947016
7.28,3.296,7.28,3.432443307,7.28,2.562068231
7.29,3.232,7.29,3.072461776,7.29,2.615265722
7.3,3.21,7.3,3.102276311,7.3,2.628881674
7.31,3.261,7.31,3.223885566,7.31,2.576221709
7.32,3.328,7.32,3.201570868,7.32,2.502599337
7.33,3.386,7.33,3.343210202,7.33,2.481976697
7.34,3.408,7.34,3.329859365,7.34,2.509493499
7.35,3.362,7.35,3.63243222,7.35,2.511950624
7.36,3.289,7.36,3.015612577,7.36,2.516214096
7.37,3.265,7.37,3.431902841,7.37,2.501143198
7.38,3.288,7.38,3.265448386,7.38,2.501941737
7.39,3.285,7.39,4.236767771,7.39,2.51222403
7.4,3.286,7.4,3.191565014,7.4,2.431715133
7.41,3.27,7.41,3.482849561,7.41,2.25282753
7.42,3.271,7.42,1.881036335,7.42,2.031207246
7.43,3.281,7.43,1.718760794,7.43,2.649504165
7.44,3.196,7.44,6.199687982,7.44,3.66455503
7.45,3.003,7.45,2.912440618,7.45,3.221540305
7.46,2.756,7.46,2.452153244,7.46,2.075838624
7.47,3.382,7.47,3.218068602,7.47,1.837467993
7.48,4.458,7.48,2.354234044,7.48,2.169213945
7.49,4.056,7.49,2.20355954,7.49,2.447026544
7.5,2.9,7.5,2.116566598,7.5,2.536451647
7.51,2.65,7.51,0.674710897,7.51,2.53641062
7.52,2.96,7.52,4.527238864,7.52,2.531285692
7.53,3.183,7.53,2.397643863,7.53,2.534234299
7.54,3.239,7.54,3.278810612,7.54,2.545216356
7.55,3.256,7.55,2.221969286,7.55,2.523754398
7.56,3.279,7.56,-1.882079887,7.56,2.514461846
7.57,3.297,7.57,1.531398571,7.57,2.518940474
7.58,3.314,7.58,2.245145555,7.58,2.500209835
7.59,3.295,7.59,-2.377328218,7.59,2.470803769
7.6,3.287,7.6,-3.70775433,7.6,2.468707316
7.61,3.292,7.61,0.938545933,7.61,2.480669689
7.62,3.272,7.62,3.860722868,7.62,2.485622232
7.63,3.239,7.63,3.616948026,7.63,2.516084775
7.64,3.234,7.64,0.160280734,7.64,2.562623924
7.65,3.244,7.65,-0.629558239,7.65,2.604645944
7.66,3.247,7.66,1.625955699,7.66,2.66479892
7.67,3.278,7.67,7.791859463,7.67,2.704846017
7.68,3.329,7.68,1.653851447,7.68,2.682302861
7.69,3.378,7.69,-3.327001109,7.69,2.623962533
7.7,3.448,7.7,8.688131613,7.7,2.54871695
7.71,3.5,7.71,3.230371246,7.71,2.471659626
7.72,3.487,7.72,0.232631606,7.72,2.437793414
7.73,3.433,7.73,4.227445731,7.73,2.438513761
7.74,3.356,7.74,4.085921456,7.74,2.456102015
7.75,3.27,7.75,3.518051461,7.75,2.474473582
7.76,3.223,7.76,8.511756127,7.76,2.495986796
7.77,3.211,7.77,3.354139688,7.77,2.50022715
7.78,3.219,7.78,4.5305649,7.78,2.498018515
7.79,3.232,7.79,3.148919793,7.79,2.504769025
7.8,3.253,7.8,5.107229743,7.8,2.5003077
7.81,3.259,7.81,8.839863911,7.81,2.512100356
7.82,3.259,7.82,4.277881746,7.82,2.532092884
7.83,3.268,7.83,6.786919257,7.83,2.52921962
7.84,3.265,7.84,5.442877859,7.84,2.532522758
7.85,3.278,7.85,3.476409387,7.85,2.505159765
7.86,3.3,7.86,5.562742193,7.86,2.516687682
7.87,3.299,7.87,7.357448891,7.87,2.528594513
7.88,3.304,7.88,5.687961636,7.88,2.523699401
7.89,3.277,7.89,5.641221061,7.89,2.526859332
7.9,3.289,7.9,5.000471965,7.9,2.514505093
7.91,3.301,7.91,1.508087859,7.91,2.527922492
7.92,3.296,7.92,4.493479035,7.92,2.532647312
7.93,3.299,7.93,6.779409044,7.93,2.516971121
7.94,3.287,7.94,6.658319246,7.94,2.516448674
7.95,3.301,7.95,3.086747325,7.95,2.509775384
7.96,3.306,7.96,5.205244354,7.96,2.521093008
7.97,3.29,7.97,5.75913736,7.97,2.512150624
7.98,3.289,7.98,4.481359843,7.98,2.512466621
7.99,3.282,7.99,4.439585103,7.99,2.506109531
8,3.293,8,4.881714533,8,2.520645476
8.01,3.283,8.01,4.364470796,8.01,2.511205365
8.02,3.283,8.02,3.538240567,8.02,2.472384581
8.03,3.276,8.03,4.818663597,8.03,2.448832407
8.04,3.291,8.04,3.738380812,8.04,2.519223689
8.05,3.281,8.05,4.236408517,8.05,2.581049009
8.06,3.24,8.06,4.051611546,8.06,2.610794609
8.07,3.213,8.07,4.560958722,8.07,2.614490913
8.08,3.284,8.08,4.196552039,8.08,2.550324704
8.09,3.349,8.09,3.010798384,8.09,2.514068452
8.1,3.384,8.1,3.648954709,8.1,2.488090803
8.11,3.395,8.11,5.066271149,8.11,2.495282845
8.12,3.336,8.12,4.077010121,8.12,2.505530608
8.13,3.3,8.13,3.897227062,8.13,2.505262085
8.14,3.27,8.14,4.12812426,8.14,2.502592677
8.15,3.272,8.15,2.134663101,8.15,2.496921444
8.16,3.277,8.16,5.442168445,8.16,2.4973135
8.17,3.274,8.17,3.466862519,8.17,2.366959996
8.18,3.27,8.18,4.043140295,8.18,2.128243472
8.19,3.264,8.19,3.781303605,8.19,2.069601445
8.2,3.264,8.2,4.145131017,8.2,3.295111941
8.21,3.126,8.21,5.383039543,8.21,3.640219142
8.22,2.867,8.22,3.536423629,8.22,2.637505229
8.23,2.785,8.23,2.292122705,8.23,1.869579147
8.24,4.053,8.24,4.805736314,8.24,1.993232897
8.25,4.458,8.25,2.596290062,8.25,2.343338323
8.26,3.469,8.26,4.05278028,8.26,2.518798525
8.27,2.686,8.27,4.152860865,8.27,2.544225696
8.28,2.805,8.28,3.359758356,8.28,2.531828947
8.29,3.113,8.29,3.396592017,8.29,2.536003815
8.3,3.237,8.3,3.507297002,8.3,2.538324881
8.31,3.255,8.31,3.653197838,8.31,2.527569169
8.32,3.269,8.32,4.041450846,8.32,2.519965843
8.33,3.295,8.33,3.555461326,8.33,2.504771436
8.34,3.306,8.34,2.937934378,8.34,2.500906111
8.35,3.298,8.35,4.133619494,8.35,2.470208388
8.36,3.292,8.36,3.31390277,8.36,2.478697053
8.37,3.277,8.37,2.80635792,8.37,2.486585811
8.38,3.272,8.38,4.078595232,8.38,2.478265697
8.39,3.238,8.39,3.49880486,8.39,2.508141634
8.4,3.244,8.4,2.915208796,8.4,2.530370464
8.41,3.25,8.41,4.247466805,8.41,2.55641074
8.42,3.24,8.42,1.177833299,8.42,2.633544817
8.43,3.27,8.43,1.753435194,8.43,2.697751065
8.44,3.295,8.44,5.258116977,8.44,2.711393022
8.45,3.325,8.45,0.307126306,8.45,2.655003688
8.46,3.41,8.46,0.841634463,8.46,2.579793164
8.47,3.486,8.47,-1.261882246,8.47,2.510948703
8.48,3.511,8.48,1.855774811,8.48,2.463052342
8.49,3.462,8.49,2.598016027,8.49,2.44535461
8.5,3.389,8.5,3.745892232,8.5,2.431444887
8.51,3.315,8.51,2.069986613,8.51,2.447609099
8.52,3.256,8.52,2.102206712,8.52,2.478981731
8.53,3.225,8.53,2.984173969,8.53,2.496859278
8.54,3.199,8.54,2.05630346,8.54,2.505890045
8.55,3.207,8.55,3.472017885,8.55,2.502912756
8.56,3.235,8.56,1.84158538,8.56,2.51460076
8.57,3.253,8.57,0.911712799,8.57,2.510708389
8.58,3.264,8.58,3.688142273,8.58,2.524798654
8.59,3.264,8.59,4.844942199,8.59,2.520609854
8.6,3.279,8.6,0.613861137,8.6,2.520382515
8.61,3.277,8.61,3.017342516,8.61,2.526489917
8.62,3.293,8.62,4.770424142,8.62,2.531237699
8.63,3.29,8.63,3.838562697,8.63,2.517421889
8.64,3.291,8.64,3.538268877,8.64,2.504167334
8.65,3.298,8.65,2.598252767,8.65,2.519157621
8.66,3.304,8.66,3.148021804,8.66,2.524209872
8.67,3.29,8.67,3.806516238,8.67,2.533988267
8.68,3.276,8.68,-2.933268408,8.68,2.530366571
8.69,3.291,8.69,4.882514748,8.69,2.535802603
8.7,3.296,8.7,1.657328786,8.7,2.521659503
8.71,3.306,8.71,-5.06184654,8.71,2.519799329
8.72,3.303,8.72,-7.634269387,8.72,2.53745344
8.73,3.31,8.73,-6.629790119,8.73,2.50379667
8.74,3.296,8.74,-9.177654315,8.74,2.519554836
8.75,3.294,8.75,-10.6541524,8.75,2.519771123
8.76,3.312,8.76,-7.777643886,8.76,2.499917395
8.77,3.277,8.77,-13.49748359,8.77,2.508419387
8.78,3.292,8.78,-3.476259108,8.78,2.511268291
8.79,3.292,8.79,-10.2340145,8.79,2.506989372
8.8,3.271,8.8,-5.489086915,8.8,2.448858485
8.81,3.278,8.81,-7.260282155,8.81,2.443081399
8.82,3.281,8.82,-6.396821295,8.82,2.505362245
8.83,3.276,8.83,-11.52942896,8.83,2.575081103
8.84,3.214,8.84,0.019058721,8.84,2.611621372
8.85,3.205,8.85,-3.970699408,8.85,2.61991627
8.86,3.267,8.86,-4.702021076,8.86,2.570349337
8.87,3.34,8.87,-4.765258373,8.87,2.523842429
8.88,3.382,8.88,-4.694993375,8.88,2.50171099
8.89,3.399,8.89,-8.215618295,8.89,2.500520125
8.9,3.356,8.9,-3.886551186,8.9,2.498284086
8.91,3.311,8.91,0.410726113,8.91,2.496337214
8.92,3.286,8.92,-4.004616804,8.92,2.511644774
8.93,3.28,8.93,-2.166815583,8.93,2.523264302
8.94,3.272,8.94,-2.650452412,8.94,2.519799954
8.95,3.266,8.95,-1.542137126,8.95,2.443101424
8.96,3.28,8.96,-2.915568158,8.96,2.235270293
8.97,3.292,8.97,-1.857783292,8.97,2.013954534
8.98,3.289,8.98,-1.286078053,8.98,2.559049139
8.99,3.209,8.99,1.301341947,8.99,3.670099379
9,2.987,9,0.283501186,9,3.298696148
9.01,2.739,9.01,-0.845671097,9.01,2.105752798
9.02,3.286,9.02,-1.123524272,9.02,1.814854152
9.03,4.458,9.03,-3.588904466,9.03,2.152258787
9.04,4.131,9.04,1.856021002,9.04,2.444169689
9.05,2.93,9.05,-0.773848228,9.05,2.536833279
9.06,2.627,9.06,-0.336359617,9.06,2.5437331
9.07,2.946,9.07,0.963050807,9.07,2.553433473
9.08,3.183,9.08,0.563825738,9.08,2.538544015
9.09,3.239,9.09,0.27827352,9.09,2.520801996
9.1,3.262,9.1,-0.895676752,9.1,2.522380038
9.11,3.302,9.11,2.495066649,9.11,2.517217867
9.12,3.303,9.12,1.321549061,9.12,2.522502841
9.13,3.29,9.13,0.684236488,9.13,2.495322578
9.14,3.294,9.14,0.834126879,9.14,2.476551954
9.15,3.29,9.15,0.497067764,9.15,2.481722857
9.16,3.295,9.16,-0.255260812,9.16,2.475109845
9.17,3.266,9.17,-0.397438929,9.17,2.487091636
9.18,3.245,9.18,0.752885259,9.18,2.506797185
9.19,3.248,9.19,-0.744636185,9.19,2.553084489
9.2,3.239,9.2,0.201989405,9.2,2.599984397
9.21,3.249,9.21,1.23740216,9.21,2.657333407
9.22,3.269,9.22,-0.02838939,9.22,2.712092912
9.23,3.319,9.23,-0.039505407,9.23,2.691685017
9.24,3.372,9.24,-0.103796528,9.24,2.6220152
9.25,3.439,9.25,-0.945337907,9.25,2.54946074
9.26,3.506,9.26,-0.528204808,9.26,2.496661903
9.27,3.496,9.27,0.11564071,9.27,2.460822545
9.28,3.431,9.28,-0.265914912,9.28,2.43319124
9.29,3.357,9.29,-1.447593467,9.29,2.453766899
9.3,3.297,9.3,-1.694698984,9.3,2.466581464
9.31,3.249,9.31,2.088905868,9.31,2.47724554
9.32,3.208,9.32,-1.509858918,9.32,2.490163542
9.33,3.219,9.33,-0.494797763,9.33,2.484575648
9.34,3.226,9.34,-1.056383753,9.34,2.494876977
9.35,3.234,9.35,-0.412773925,9.35,2.500203476
9.36,3.247,9.36,-1.522626619,9.36,2.518840917
9.37,3.243,9.37,-0.420825728,9.37,2.536121128
9.38,3.255,9.38,-2.17986436,9.38,2.53333668
9.39,3.262,9.39,-0.003986776,9.39,2.52640359
9.4,3.283,9.4,-0.609483807,9.4,2.521985784
9.41,3.303,9.41,-1.877011696,9.41,2.525288811
9.42,3.303,9.42,-0.693063295,9.42,2.534002697
9.43,3.298,9.43,-1.441021175,9.43,2.507166677
9.44,3.295,9.44,-3.681732114,9.44,2.515624478
9.45,3.299,9.45,-0.700432332,9.45,2.527372929
9.46,3.308,9.46,-0.263079433,9.46,2.513048067
9.47,3.28,9.47,-2.891965743,9.47,2.52165342
9.48,3.288,9.48,-4.361304887,9.48,2.537224097
9.49,3.3,9.49,-6.512129926,9.49,2.532385407
9.5,3.285,9.5,0.748405506,9.5,2.520683898
9.51,3.293,9.51,-1.617567835,9.51,2.513695288
9.52,3.31,9.52,-0.96224944,9.52,2.511187626
9.53,3.306,9.53,-4.770003799,9.53,2.522810551
9.54,3.294,9.54,-5.437158269,9.54,2.52516002
9.55,3.287,9.55,2.371750209,9.55,2.506955703
9.56,3.284,9.56,-0.204903596,9.56,2.504562395
9.57,3.295,9.57,2.035179191,9.57,2.515471378
9.58,3.297,9.58,-5.080098819,9.58,2.510156138
9.59,3.278,9.59,-1.51152552,9.59,2.511835551
9.6,3.275,9.6,2.887275447,9.6,2.452878607
9.61,3.286,9.61,-1.549944112,9.61,2.428068787
9.62,3.28,9.62,1.463314002,9.62,2.511357157
9.63,3.281,9.63,-4.063974577,9.63,2.58929365
9.64,3.219,9.64,-2.852314107,9.64,2.630051282
9.65,3.19,9.65,1.215961427,9.65,2.645205869
9.66,3.273,9.66,0.551602337,9.66,2.570928618
9.67,3.355,9.67,-0.889381286,9.67,2.509394071
9.68,3.402,9.68,-4.490429383,9.68,2.473402829
9.69,3.427,9.69,2.055394606,9.69,2.486793026
9.7,3.36,9.7,-0.26402979,9.7,2.502583521
9.71,3.299,9.71,-2.170771425,9.71,2.498725344
9.72,3.258,9.72,0.614364504,9.72,2.510595618
9.73,3.265,9.73,1.567045629,9.73,2.498352444
9.74,3.274,9.74,1.015875305,9.74,2.501219501
9.75,3.266,9.75,-5.145871389,9.75,2.419894782
9.76,3.277,9.76,2.538645856,9.76,2.220863077
9.77,3.265,9.77,0.756798826,9.77,2.002123586
9.78,3.268,9.78,-0.633119022,9.78,2.817184592
9.79,3.182,9.79,3.214782722,9.79,3.660106826
9.8,2.968,9.8,-0.561506381,9.8,3.117784815
9.81,2.722,9.81,0.503641465,9.81,1.952195911
9.82,3.554,9.82,0.880544898,9.82,1.793604602
9.83,4.458,9.83,0.508045988,9.83,2.197529566
9.84,3.952,9.84,1.551357713,9.84,2.471262098
9.85,2.771,9.85,0.256086099,9.85,2.549578202
9.86,2.6,9.86,2.684391403,9.86,2.539773141
9.87,2.976,9.87,2.638398983,9.87,2.543765871
9.88,3.196,9.88,3.380593356,9.88,2.550523918
9.89,3.246,9.89,3.401943913,9.89,2.54126213
9.9,3.259,9.9,2.789527904,9.9,2.532589217
9.91,3.294,9.91,4.032987146,9.91,2.508730399
9.92,3.316,9.92,5.122341052,9.92,2.485611509
9.93,3.312,9.93,3.850255401,9.93,2.494029344
9.94,3.306,9.94,3.727043272,9.94,2.490519475
9.95,3.283,9.95,3.913015787,9.95,2.482206829
9.96,3.258,9.96,3.356254933,9.96,2.456320228
9.97,3.264,9.97,3.742939892,9.97,2.484802541
9.98,3.258,9.98,4.038736908,9.98,2.52448978
9.99,3.247,9.99,3.870782251,9.99,2.579916789
10,3.218,10,3.313014712,10,2.619720557
10.01,3.246,10.01,4.907435659,10.01,2.664722583
10.02,3.287,10.02,3.206305763,10.02,2.712286348
10.03,3.347,10.03,4.431019443,10.03,2.700156041
10.04,3.394,10.04,4.432524356,10.04,2.640676449
10.05,3.45,10.05,2.855288358,10.05,2.545285434
10.06,3.51,10.06,4.697714306,10.06,2.456103586
10.07,3.508,10.07,1.882393783,10.07,2.419620093
10.08,3.453,10.08,3.669375831,10.08,2.424975119
10.09,3.355,10.09,3.865854616,10.09,2.45644139
10.1,3.256,10.1,2.703640305,10.1,2.478590712
10.11,3.205,10.11,3.116856155,10.11,2.490799175
10.12,3.196,10.12,4.344518799,10.12,2.508802267
10.13,3.217,10.13,3.020041655,10.13,2.499861668
10.14,3.234,10.14,2.622033219,10.14,2.507368347
10.15,3.246,10.15,4.134086883,10.15,2.504761539
10.16,3.267,10.16,3.590256142,10.16,2.491354613
10.17,3.261,10.17,2.63381591,10.17,2.519355776
10.18,3.271,10.18,3.455814813,10.18,2.529577252
10.19,3.27,10.19,4.075304115,10.19,2.539646152
10.2,3.257,10.2,2.982463979,10.2,2.527337373
10.21,3.286,10.21,3.342898768,10.21,2.515058202
10.22,3.298,10.22,3.158065732,10.22,2.529276933
10.23,3.31,10.23,2.489842097,10.23,2.529996214
10.24,3.299,10.24,2.624633097,10.24,2.510285463
10.25,3.288,10.25,3.250767439,10.25,2.508204921
10.26,3.303,10.26,2.554323136,10.26,2.516231966
10.27,3.304,10.27,-1.020409788,10.27,2.538711065
10.28,3.283,10.28,1.954923673,10.28,2.536385143
10.29,3.28,10.29,-1.269608194,10.29,2.518088195
10.3,3.288,10.3,-1.724105573,10.3,2.519563823
10.31,3.311,10.31,0.794459849,10.31,2.507068802
10.32,3.309,10.32,-0.74771474,10.32,2.510386594
10.33,3.291,10.33,-0.748253827,10.33,2.515395424
10.34,3.293,10.34,7.407270705,10.34,2.50326847
10.35,3.28,10.35,1.63804187,10.35,2.518412316
10.36,3.282,10.36,5.37120781,10.36,2.513297666
10.37,3.286,10.37,5.845606544,10.37,2.533162679
10.38,3.273,10.38,1.028225521,10.38,2.472509852
10.39,3.288,10.39,3.412792938,10.39,2.426658107
10.4,3.283,10.4,3.242855523,10.4,2.490133453
10.41,3.304,10.41,6.458521083,10.41,2.554056346
10.42,3.241,10.42,3.226211627,10.42,2.602298156
10.43,3.191,10.43,2.511533622,10.43,2.644494884
10.44,3.253,10.44,4.411606344,10.44,2.594091297
10.45,3.319,10.45,4.1008089,10.45,2.51257857
10.46,3.371,10.46,5.360719351,10.46,2.496759649
10.47,3.422,10.47,-0.555502579,10.47,2.492511972
10.48,3.38,10.48,9.662154924,10.48,2.489713435
10.49,3.3,10.49,3.30817914,10.49,2.497756777
10.5,3.282,10.5,1.118530649,10.5,2.523943776
10.51,3.273,10.51,5.724652878,10.51,2.50631804
10.52,3.263,10.52,7.658749746,10.52,2.509100527
10.53,3.266,10.53,3.782879952,10.53,2.454426077
10.54,3.292,10.54,4.593545468,10.54,2.28588344
10.55,3.274,10.55,3.506449215,10.55,2.072001183
10.56,3.277,10.56,6.743276328,10.56,2.42831141
10.57,3.22,10.57,7.018735227,10.57,3.656357299
10.58,3.04,10.58,6.590834644,10.58,3.46087682
10.59,2.802,10.59,4.205818473,10.59,2.23722417
10.6,3.154,10.6,4.563458075,10.6,1.75901796
10.61,4.443,10.61,7.018134976,10.61,2.056544227
10.62,4.3,10.62,4.775996675,10.62,2.396219607
10.63,3.073,10.63,6.181668102,10.63,2.546684029
10.64,2.577,10.64,5.319452272,10.64,2.565774825
10.65,2.857,10.65,5.050273456,10.65,2.551500263
10.66,3.14,10.66,5.184585624,10.66,2.528301309
10.67,3.247,10.67,5.299014116,10.67,2.545357737
10.68,3.277,10.68,4.5306474,10.68,2.533697133
10.69,3.295,10.69,5.341240161,10.69,2.498181894
10.7,3.291,10.7,6.862084064,10.7,2.498436208
10.71,3.316,10.71,4.66333752,10.71,2.487160253
10.72,3.307,10.72,5.872538785,10.72,2.493627875
10.73,3.271,10.73,4.396885926,10.73,2.4671979
10.74,3.27,10.74,6.083135395,10.74,2.472865136
10.75,3.257,10.75,5.306051789,10.75,2.487762058
10.76,3.261,10.76,4.301396213,10.76,2.519384381
10.77,3.231,10.77,4.197485562,10.77,2.561922689
10.78,3.235,10.78,5.169748219,10.78,2.599114618
10.79,3.249,10.79,4.651569271,10.79,2.640195966
10.8,3.282,10.8,3.935676637,10.8,2.698652384
10.81,3.328,10.81,5.580924328,10.81,2.707946997
10.82,3.372,10.82,4.14170814,10.82,2.658728711
10.83,3.422,10.83,4.173805868,10.83,2.552050567
10.84,3.492,10.84,3.15906007,10.84,2.475593869
10.85,3.512,10.85,4.299006711,10.85,2.451601938
10.86,3.469,10.86,5.400960918,10.86,2.429835479
10.87,3.361,10.87,3.964935656,10.87,2.441723905
10.88,3.277,10.88,3.94548925,10.88,2.463878377
10.89,3.241,10.89,3.943047889,10.89,2.487168566
10.9,3.205,10.9,4.40253519,10.9,2.49736826
10.91,3.205,10.91,3.827970038,10.91,2.496985594
10.92,3.221,10.92,3.989021099,10.92,2.515564411
10.93,3.243,10.93,3.020500187,10.93,2.521506083
10.94,3.254,10.94,4.71302868,10.94,2.516621337
10.95,3.256,10.95,4.799928991,10.95,2.530450885
10.96,3.278,10.96,4.174920734,10.96,2.514231793
10.97,3.287,10.97,4.083663487,10.97,2.521527144
10.98,3.284,10.98,3.533282373,10.98,2.517471874
10.99,3.3,10.99,3.470919457,10.99,2.502076849
11,3.285,11,3.065032537,11,2.519458389
11.01,3.293,11.01,4.341673619,11.01,2.521128129
11.02,3.289,11.02,3.279761975,11.02,2.521120229
11.03,3.273,11.03,2.52211941,11.03,2.526656291
11.04,3.29,11.04,-0.576793478,11.04,2.532180724
11.05,3.292,11.05,-0.591728726,11.05,2.532424301
11.06,3.292,11.06,0.649488837,11.06,2.518493225
11.07,3.298,11.07,-0.917245784,11.07,2.533723275
11.08,3.305,11.08,2.625668158,11.08,2.515239751
11.09,3.306,11.09,1.183190187,11.09,2.509334079
11.1,3.292,11.1,6.123281942,11.1,2.522795979
11.11,3.308,11.11,2.78032789,11.11,2.512218977
11.12,3.289,11.12,5.723151325,11.12,2.510426603
11.13,3.282,11.13,7.432649792,11.13,2.505119661
11.14,3.295,11.14,-2.534430497,11.14,2.458029215
11.15,3.284,11.15,0.924777796,11.15,2.453727347
11.16,3.281,11.16,-0.392710242,11.16,2.505262546
11.17,3.275,11.17,-0.069351747,11.17,2.569273941
11.18,3.225,11.18,-0.029413953,11.18,2.60320584
11.19,3.217,11.19,-2.87222126,11.19,2.600989306
11.2,3.268,11.2,2.873141382,11.2,2.566170564
11.21,3.335,11.21,4.13085898,11.21,2.523751604
11.22,3.374,11.22,-5.222314729,11.22,2.50523118
11.23,3.379,11.23,1.572757053,11.23,2.5016593
11.24,3.35,11.24,5.369730115,11.24,2.4890519
11.25,3.309,11.25,-0.924703831,11.25,2.493017839
11.26,3.288,11.26,4.664052575,11.26,2.497987629
11.27,3.28,11.27,0.172822155,11.27,2.510384805
11.28,3.262,11.28,5.556704978,11.28,2.499067277
11.29,3.262,11.29,3.628308354,11.29,2.405949847
11.3,3.265,11.3,1.002732647,11.3,2.20747543
11.31,3.277,11.31,4.27970889,11.31,2.052502355
11.32,3.265,11.32,6.308588683,11.32,2.956641861
11.33,3.167,11.33,4.661881767,11.33,3.651896615
11.34,2.953,11.34,5.221180856,11.34,2.952560678
11.35,2.774,11.35,3.675725304,11.35,1.953099753
11.36,3.702,11.36,6.482994288,11.36,1.873601292
11.37,4.458,11.37,3.269925925,11.37,2.246392069
11.38,3.787,11.38,5.712587553,11.38,2.477846309
11.39,2.773,11.39,4.637745073,11.39,2.545123086
11.4,2.683,11.4,8.420731841,11.4,2.538372375
11.41,3.024,11.41,6.206477203,11.41,2.524939831
11.42,3.202,11.42,3.129323386,11.42,2.542210196
11.43,3.248,11.43,10.59080849,11.43,2.554519769
11.44,3.264,11.44,6.116910178,11.44,2.531985644
11.45,3.277,11.45,6.166124796,11.45,2.518797386
11.46,3.307,11.46,8.091933811,11.46,2.497326666
11.47,3.325,11.47,6.062251093,11.47,2.484822181
11.48,3.305,11.48,8.305411428,11.48,2.479447121
11.49,3.293,11.49,6.853476501,11.49,2.465962036
11.5,3.271,11.5,8.187236179,11.5,2.474523793
11.51,3.256,11.51,8.131847268,11.51,2.495073524
11.52,3.247,11.52,8.563208719,11.52,2.531044093
11.53,3.23,11.53,8.819741911,11.53,2.570505905
11.54,3.236,11.54,8.704681046,11.54,2.620486329
11.55,3.256,11.55,10.45788016,11.55,2.693718023
11.56,3.294,11.56,8.870485352,11.56,2.700368427
11.57,3.338,11.57,9.915006111,11.57,2.650179953
11.58,3.396,11.58,9.949942695,11.58,2.590020721
11.59,3.481,11.59,9.794611864,11.59,2.524840565
11.6,3.499,11.6,9.608497273,11.6,2.481727122
11.61,3.456,11.61,8.580264578,11.61,2.453084806
11.62,3.398,11.62,8.304431661,11.62,2.449879259
11.63,3.329,11.63,10.22759822,11.63,2.456914925
11.64,3.276,11.64,8.328405156,11.64,2.476001964
11.65,3.235,11.65,10.30359382,11.65,2.488183267
11.66,3.221,11.66,9.096844542,11.66,2.508479684
11.67,3.22,11.67,8.245436814,11.67,2.515769365
11.68,3.235,11.68,8.798356326,11.68,2.522595281
11.69,3.246,11.69,9.124533068,11.69,2.508794389
11.7,3.268,11.7,9.044187484,11.7,2.499898812
11.71,3.278,11.71,7.831352044,11.71,2.496169027
11.72,3.288,11.72,9.378307616,11.72,2.505378785
11.73,3.276,11.73,8.404211487,11.73,2.532586947
11.74,3.268,11.74,8.00299255,11.74,2.525656959
11.75,3.264,11.75,9.710368949,11.75,2.525343116
11.76,3.273,11.76,7.053511206,11.76,2.522984564
11.77,3.301,11.77,8.636198178,11.77,2.528674961
11.78,3.295,11.78,8.964272312,11.78,2.527655245
11.79,3.296,11.79,7.952387011,11.79,2.517884952
11.8,3.295,11.8,8.184704751,11.8,2.533323243
11.81,3.302,11.81,8.280196955,11.81,2.505251519
11.82,3.301,11.82,8.11939115,11.82,2.511119198
11.83,3.291,11.83,8.127916602,11.83,2.54707785
11.84,3.307,11.84,8.747781385,11.84,2.521949131
11.85,3.278,11.85,7.942241157,11.85,2.507257451
11.86,3.283,11.86,8.338130277,11.86,2.480760869
11.87,3.32,11.87,7.722933861,11.87,2.433018644
11.88,3.295,11.88,8.449495989,11.88,2.451918371
11.89,3.279,11.89,8.318199649,11.89,2.533461923
11.9,3.251,11.9,9.658101776,11.9,2.59030717
11.91,3.199,11.91,8.494081557,11.91,2.6126771
11.92,3.213,11.92,6.878457706,11.92,2.602233934
11.93,3.295,11.93,6.299397107,11.93,2.551956631
11.94,3.356,11.94,6.766991609,11.94,2.509444767
11.95,3.385,11.95,7.468043452,11.95,2.495371059
11.96,3.383,11.96,4.546034247,11.96,2.495617694
11.97,3.338,11.97,6.337907838,11.97,2.515774445
11.98,3.295,11.98,7.475243353,11.98,2.518873975
11.99,3.277,11.99,4.754297677,11.99,2.508641703
12,3.272,12,4.869206952,12,2.494389722
12.01,3.288,12.01,4.333851608,12.01,2.479702002
12.02,3.289,12.02,2.640725185,12.02,2.337393113
12.03,3.278,12.03,2.299834473,12.03,2.116940519
12.04,3.263,12.04,6.345347293,12.04,2.20728055
12.05,3.247,12.05,6.224719994,12.05,3.356580157
12.06,3.095,12.06,6.407617373,12.06,3.566720335
12.07,2.853,12.07,4.122958686,12.07,2.525532314
12.08,2.927,12.08,3.856488839,12.08,1.905922726
12.09,4.122,12.09,5.01828941,12.09,2.049869185
12.1,4.389,12.1,3.582729028,12.1,2.351581673
12.11,3.357,12.11,3.376383451,12.11,2.49343498
12.12,2.725,12.12,8.519261537,12.12,2.530638036
12.13,2.861,12.13,7.283425572,12.13,2.534759744
12.14,3.118,12.14,6.166442131,12.14,2.522139282
12.15,3.21,12.15,4.393450538,12.15,2.53962206
12.16,3.244,12.16,4.563916438,12.16,2.534366215
12.17,3.273,12.17,5.347401421,12.17,2.539245083
12.18,3.279,12.18,4.357970441,12.18,2.52040482
12.19,3.305,12.19,4.106048904,12.19,2.492281753
12.2,3.304,12.2,4.054424947,12.2,2.477124565
12.21,3.312,12.21,6.309063633,12.21,2.472219861
12.22,3.294,12.22,4.366867914,12.22,2.484074366
12.23,3.265,12.23,3.304086266,12.23,2.481346643
12.24,3.247,12.24,1.919761462,12.24,2.504128207
12.25,3.239,12.25,5.009439053,12.25,2.545909923
12.26,3.248,12.26,0.721152661,12.26,2.59943585
12.27,3.243,12.27,5.983915252,12.27,2.649614683
12.28,3.266,12.28,0.959336005,12.28,2.691234991
12.29,3.311,12.29,5.080815275,12.29,2.681268244
12.3,3.371,12.3,2.815910569,12.3,2.639351179
12.31,3.43,12.31,0.231905715,12.31,2.547883507
12.32,3.483,12.32,3.803383842,12.32,2.484350242
12.33,3.483,12.33,3.83517906,12.33,2.458638363
12.34,3.447,12.34,5.21047972,12.34,2.44386989
12.35,3.354,12.35,1.862588304,12.35,2.445599333
12.36,3.283,12.36,2.701986416,12.36,2.45964641
12.37,3.246,12.37,4.67580976,12.37,2.487180678
12.38,3.219,12.38,3.550133018,12.38,2.508014548
12.39,3.21,12.39,1.016856598,12.39,2.501024897
12.4,3.218,12.4,4.86184343,12.4,2.506304884
12.41,3.244,12.41,3.63433465,12.41,2.513529154
12.42,3.266,12.42,-1.532981243,12.42,2.530915286
12.43,3.261,12.43,10.09927591,12.43,2.51511323
12.44,3.269,12.44,0.313031126,12.44,2.507448514
12.45,3.279,12.45,5.283458871,12.45,2.514751776
12.46,3.299,12.46,6.551931621,12.46,2.51165174
12.47,3.284,12.47,3.904628157,12.47,2.519975962
12.48,3.277,12.48,0.296588563,12.48,2.536762114
12.49,3.285,12.49,6.535442225,12.49,2.528666501
12.5,3.282,12.5,6.442277255,12.5,2.526975855
12.51,3.29,12.51,3.262924796,12.51,2.520506712
12.52,3.308,12.52,5.407818627,12.52,2.524164827
12.53,3.301,12.53,2.893335161,12.53,2.516066615
12.54,3.3,12.54,7.5011986,12.54,2.509978217
12.55,3.294,12.55,7.650277681,12.55,2.516513918
12.56,3.298,12.56,0.904677735,12.56,2.517734347
12.57,3.289,12.57,5.897782588,12.57,2.512415554
12.58,3.282,12.58,5.872598597,12.58,2.506050012
12.59,3.288,12.59,0.195711087,12.59,2.488332907
12.6,3.289,12.6,9.900091089,12.6,2.464177191
12.61,3.283,12.61,10.49627618,12.61,2.481173843
12.62,3.276,12.62,-1.303727581,12.62,2.549307874
12.63,3.257,12.63,4.665397322,12.63,2.586191491
12.64,3.23,12.64,7.044006911,12.64,2.603256571
12.65,3.245,12.65,10.04084242,12.65,2.599282118
12.66,3.315,12.66,8.069607934,12.66,2.538131197
12.67,3.356,12.67,3.79427471,12.67,2.514225745
12.68,3.379,12.68,-2.731330687,12.68,2.497095713
12.69,3.382,12.69,6.718493854,12.69,2.500795389
12.7,3.324,12.7,7.761327641,12.7,2.498839547
12.71,3.299,12.71,7.778276954,12.71,2.495557841
12.72,3.278,12.72,4.193001454,12.72,2.50093124
12.73,3.277,12.73,4.639834168,12.73,2.48429984
12.74,3.27,12.74,5.897840553,12.74,2.319490583
12.75,3.264,12.75,6.158049657,12.75,2.076391516
12.76,3.268,12.76,4.558823451,12.76,2.202386357
12.77,3.25,12.77,9.081074195,12.77,3.472721179
12.78,3.075,12.78,5.065050272,12.78,3.502567235
12.79,2.809,12.79,9.475803151,12.79,2.437055313
12.8,2.919,12.8,5.319048732,12.8,1.911312137
12.81,4.241,12.81,7.440535901,12.81,2.10686977
12.82,4.324,12.82,3.98737085,12.82,2.419235145
12.83,3.264,12.83,4.178088494,12.83,2.521777091
12.84,2.728,12.84,4.440715968,12.84,2.542196943
12.85,2.919,12.85,8.91532195,12.85,2.521072929
12.86,3.185,12.86,8.746833848,12.86,2.512385011
12.87,3.242,12.87,3.108037984,12.87,2.522672287
12.88,3.264,12.88,5.365404265,12.88,2.530019641
12.89,3.267,12.89,8.903268719,12.89,2.525542591
12.9,3.274,12.9,7.618655239,12.9,2.499566807
12.91,3.289,12.91,1.445444205,12.91,2.491310969
12.92,3.299,12.92,9.53636219,12.92,2.488871382
12.93,3.296,12.93,7.682395351,12.93,2.472752626
12.94,3.27,12.94,5.856680024,12.94,2.474437858
12.95,3.261,12.95,2.21746027,12.95,2.484493843
12.96,3.257,12.96,7.232148226,12.96,2.500317029
12.97,3.238,12.97,8.502501158,12.97,2.536057633
12.98,3.237,12.98,6.990090616,12.98,2.578671945
12.99,3.246,12.99,7.902329077,12.99,2.661720183
13,3.262,13,4.721561344,13,2.723774077
13.01,3.3,13.01,8.35879695,13.01,2.718634237
13.02,3.348,13.02,3.640957759,13.02,2.654419465
13.03,3.441,13.03,10.92179623,13.03,2.554517241
13.04,3.516,13.04,3.616867844,13.04,2.485344343
13.05,3.523,13.05,10.54812081,13.05,2.436213081
13.06,3.466,13.06,4.511870021,13.06,2.425149439
13.07,3.366,13.07,7.274429806,13.07,2.456149587
13.08,3.289,13.08,4.999984779,13.08,2.467340066
13.09,3.226,13.09,10.18706464,13.09,2.48145359
13.1,3.2,13.1,4.208605361,13.1,2.491320182
13.11,3.22,13.11,7.3809676,13.11,2.501467311
13.12,3.225,13.12,9.93486037,13.12,2.507162404
13.13,3.237,13.13,2.815062725,13.13,2.5079974
13.14,3.248,13.14,11.62061294,13.14,2.522546167
13.15,3.261,13.15,7.940983758,13.15,2.52161539
13.16,3.269,13.16,4.816016151,13.16,2.525975452
13.17,3.272,13.17,5.182126143,13.17,2.533289863
13.18,3.289,13.18,12.31720782,13.18,2.520403444
13.19,3.29,13.19,6.314305591,13.19,2.519291873
13.2,3.296,13.2,6.577498741,13.2,2.513548552
13.21,3.305,13.21,8.586278899,13.21,2.505487232
13.22,3.293,13.22,6.963073647,13.22,2.518155639
13.23,3.292,13.23,3.94117165,13.23,2.537296069
13.24,3.286,13.24,8.380199421,13.24,2.537385918
13.25,3.277,13.25,7.034874092,13.25,2.518220822
13.26,3.289,13.26,7.771494088,13.26,2.522409154
13.27,3.309,13.27,6.816584678,13.27,2.524047711
13.28,3.31,13.28,7.166897703,13.28,2.509340201
13.29,3.291,13.29,5.58568162,13.29,2.514411627
13.3,3.296,13.3,6.972478498,13.3,2.495690212
13.31,3.298,13.31,6.194315736,13.31,2.49613797
13.32,3.282,13.32,7.914721748,13.32,2.507137375
13.33,3.286,13.33,6.09652978,13.33,2.462828731
13.34,3.266,13.34,5.899928538,13.34,2.462675528
13.35,3.265,13.35,7.412440235,13.35,2.527260246
13.36,3.275,13.36,3.890165544,13.36,2.592332797
13.37,3.228,13.37,6.634086098,13.37,2.623160912
13.38,3.225,13.38,5.660871374,13.38,2.598185014
13.39,3.291,13.39,7.150622758,13.39,2.533408443
13.4,3.361,13.4,5.682707317,13.4,2.514440263
13.41,3.398,13.41,5.816720801,13.41,2.513624861
13.42,3.38,13.42,6.739294071,13.42,2.510635641
13.43,3.319,13.43,4.580294923,13.43,2.497636951
13.44,3.3,13.44,6.195461987,13.44,2.495138692
13.45,3.296,13.45,6.255305731,13.45,2.503402008
13.46,3.288,13.46,3.864533828,13.46,2.495917172
13.47,3.27,13.47,6.281163924,13.47,2.510310318
13.48,3.265,13.48,6.33274415,13.48,2.416030316
13.49,3.272,13.49,3.232964224,13.49,2.201010508
13.5,3.263,13.5,5.556755311,13.5,1.970739524
13.51,3.277,13.51,5.91735862,13.51,2.797764587
13.52,3.178,13.52,5.367725467,13.52,3.663925875
13.53,2.947,13.53,5.903480112,13.53,3.078607134
13.54,2.688,13.54,5.094905319,13.54,2.045106816
13.55,3.531,13.55,4.122756255,13.55,1.926075059
13.56,4.458,13.56,4.20178075,13.56,2.249135902
13.57,3.907,13.57,4.825164836,13.57,2.477375531
13.58,2.864,13.58,4.062180356,13.58,2.524847893
13.59,2.741,13.59,4.425306448,13.59,2.5303916
13.6,3.04,13.6,4.88699774,13.6,2.522615667
13.61,3.215,13.61,3.810129096,13.61,2.521681089
13.62,3.235,13.62,4.710173987,13.62,2.515655091
13.63,3.259,13.63,3.837048131,13.63,2.522104385
13.64,3.275,13.64,4.034648222,13.64,2.534903701
13.65,3.285,13.65,3.641574275,13.65,2.515430567
13.66,3.282,13.66,3.991476353,13.66,2.482148743
13.67,3.291,13.67,3.061374814,13.67,2.477963292
13.68,3.306,13.68,3.720412573,13.68,2.450682766
13.69,3.287,13.69,3.137607735,13.69,2.453894432
13.7,3.252,13.7,3.583938745,13.7,2.504644328
13.71,3.246,13.71,3.133478573,13.71,2.524823266
13.72,3.215,13.72,3.134842975,13.72,2.549375986
13.73,3.214,13.73,3.37768182,13.73,2.606482469
13.74,3.264,13.74,3.253234107,13.74,2.698519884
13.75,3.286,13.75,3.66016363,13.75,2.727120829
13.76,3.314,13.76,3.111311677,13.76,2.682863545
13.77,3.379,13.77,3.158674333,13.77,2.616240496
13.78,3.484,13.78,2.756152854,13.78,2.534739843
13.79,3.525,13.79,3.235095495,13.79,2.475041029
13.8,3.49,13.8,2.408146664,13.8,2.433516865
13.81,3.428,13.81,2.842900987,13.81,2.4260346
13.82,3.344,13.82,2.660207794,13.82,2.451658793
13.83,3.274,13.83,2.666565732,13.83,2.469777382
13.84,3.218,13.84,2.701958343,13.84,2.503094691
13.85,3.197,13.85,2.560628107,13.85,2.504897681
13.86,3.213,13.86,2.814140611,13.86,2.512307281
13.87,3.226,13.87,2.437895537,13.87,2.521884629
13.88,3.259,13.88,3.242368874,13.88,2.503943438
13.89,3.263,13.89,2.846728962,13.89,2.502479961
13.9,3.274,13.9,3.350450908,13.9,2.511710679
13.91,3.287,13.91,2.928127898,13.91,2.508581712
13.92,3.271,13.92,3.233062284,13.92,2.522280049
13.93,3.27,13.93,2.969888714,13.93,2.527041402
13.94,3.28,13.94,3.195091861,13.94,2.5352806
13.95,3.277,13.95,3.454634807,13.95,2.513147953
13.96,3.291,13.96,2.996672321,13.96,2.515696339
13.97,3.297,13.97,3.51409257,13.97,2.53865552
13.98,3.307,13.98,2.812082956,13.98,2.516089413
13.99,3.285,13.99,3.446874957,13.99,2.507393215
14,3.288,14,3.040785875,14,2.520088317
14.01,3.312,14.01,3.52514375,14.01,2.531307443
14.02,3.289,14.02,3.475709953,14.02,2.523029951
14.03,3.279,14.03,3.324256226,14.03,2.518953068
14.04,3.292,14.04,3.602033981,14.04,2.535545551
14.05,3.304,14.05,3.39460796,14.05,2.527161447
14.06,3.295,14.06,3.844718488,14.06,2.498799354
14.07,3.291,14.07,3.21628369,14.07,2.510419201
14.08,3.309,14.08,3.891449011,14.08,2.519421925
14.09,3.301,14.09,3.433930204,14.09,2.504980824
14.1,3.271,14.1,3.917408771,14.1,2.446357618
14.11,3.282,14.11,3.264961119,14.11,2.435011422
14.12,3.291,14.12,3.35539997,14.12,2.501652557
14.13,3.275,14.13,3.464341259,14.13,2.581476472
14.14,3.212,14.14,3.522948454,14.14,2.626201505
14.15,3.197,14.15,3.626197061,14.15,2.614698739
14.16,3.263,14.16,3.21695229,14.16,2.563144351
14.17,3.346,14.17,3.802705547,14.17,2.516838474
14.18,3.397,14.18,3.176691641,14.18,2.498150384
14.19,3.394,14.19,3.95298733,14.19,2.504419721
14.2,3.349,14.2,3.533077725,14.2,2.516976577
14.21,3.304,14.21,3.768568933,14.21,2.499566289
14.22,3.282,14.22,3.718640061,14.22,2.499210164
14.23,3.283,14.23,3.711736285,14.23,2.496100004
14.24,3.291,14.24,4.171262448,14.24,2.519749701
14.25,3.27,14.25,3.629572498,14.25,2.435344396
14.26,3.268,14.26,3.766009872,14.26,2.221440674
14.27,3.264,14.27,3.137098712,14.27,2.006067724
14.28,3.288,14.28,4.216101458,14.28,2.579846518
14.29,3.199,14.29,4.584325731,14.29,3.670858223
14.3,2.97,14.3,4.536849679,14.3,3.27526331
14.31,2.728,14.31,3.236225772,14.31,2.137847097
14.32,3.306,14.32,3.44047636,14.32,1.857232052
14.33,4.458,14.33,3.581143588,14.33,2.17049429
14.34,4.106,14.34,3.704284544,14.34,2.455741935
14.35,2.963,14.35,4.118464574,14.35,2.543868203
14.36,2.673,14.36,3.671533042,14.36,2.530826052
14.37,2.968,14.37,4.21261973,14.37,2.53069993
14.38,3.199,14.38,3.70932008,14.38,2.538742174
14.39,3.252,14.39,4.156832284,14.39,2.528318382
14.4,3.253,14.4,3.608414262,14.4,2.527217284
14.41,3.28,14.41,4.337069493,14.41,2.50057538
14.42,3.303,14.42,3.885402933,14.42,2.481111044
14.43,3.297,14.43,3.773196479,14.43,2.496844256
14.44,3.298,14.44,4.093778879,14.44,2.492591826
14.45,3.272,14.45,3.62409402,14.45,2.4800579
14.46,3.251,14.46,3.957441795,14.46,2.47565479
14.47,3.265,14.47,3.364103255,14.47,2.488643358
14.48,3.259,14.48,4.183721753,14.48,2.514857189
14.49,3.244,14.49,3.448468241,14.49,2.551829753
14.5,3.238,14.5,4.064246788,14.5,2.595766028
14.51,3.251,14.51,4.121324212,14.51,2.657082158
14.52,3.278,14.52,4.192526743,14.52,2.719525121
14.53,3.318,14.53,3.907496221,14.53,2.694371471
14.54,3.368,14.54,3.920545826,14.54,2.633055131
14.55,3.439,14.55,3.743793487,14.55,2.552182679
14.56,3.514,14.56,3.374915614,14.56,2.484983346
14.57,3.499,14.57,4.070743663,14.57,2.450054637
14.58,3.443,14.58,3.308413165,14.58,2.430687883
14.59,3.361,14.59,4.111798946,14.59,2.442411771
14.6,3.286,14.6,3.27674159,14.6,2.475907852
14.61,3.238,14.61,3.850127527,14.61,2.497067963
14.62,3.205,14.62,3.502882385,14.62,2.492388098
14.63,3.206,14.63,3.836499431,14.63,2.50362371
14.64,3.234,14.64,3.98494666,14.64,2.513362645
14.65,3.254,14.65,3.76255414,14.65,2.513284546
14.66,3.25,14.66,4.305660172,14.66,2.513072266
14.67,3.264,14.67,4.050059526,14.67,2.515533574
14.68,3.277,14.68,4.844743733,14.68,2.513689807
14.69,3.279,14.69,4.07326413,14.69,2.509621363
14.7,3.28,14.7,4.557591529,14.7,2.510586281
14.71,3.284,14.71,4.106863498,14.71,2.52483087
14.72,3.283,14.72,4.5077651,14.72,2.52998188
14.73,3.279,14.73,4.125626743,14.73,2.518678738
14.74,3.28,14.74,4.243992063,14.74,2.527696063
14.75,3.295,14.75,4.350987752,14.75,2.531558802
14.76,3.301,14.76,3.811220203,14.76,2.524435851
14.77,3.29,14.77,4.686589228,14.77,2.525515922
14.78,3.3,14.78,3.88230389,14.78,2.516598785
14.79,3.305,14.79,4.459086743,14.79,2.523719529
14.8,3.298,14.8,3.915626902,14.8,2.524069899
14.81,3.299,14.81,4.25412596,14.81,2.525047407
14.82,3.29,14.82,4.066742474,14.82,2.52412995
14.83,3.297,14.83,4.034701894,14.83,2.511489841
14.84,3.297,14.84,4.315175969,14.84,2.509267615
14.85,3.298,14.85,3.884011398,14.85,2.511923648
14.86,3.297,14.86,4.451555661,14.86,2.508799173
14.87,3.284,14.87,3.597566467,14.87,2.514341627
14.88,3.281,14.88,4.45315164,14.88,2.504843668
14.89,3.283,14.89,3.725836931,14.89,2.471017904
14.9,3.279,14.9,3.995439801,14.9,2.452287494
14.91,3.284,14.91,3.881838131,14.91,2.481837429
14.92,3.274,14.92,4.258534279,14.92,2.563289225
14.93,3.238,14.93,4.019310563,14.93,2.600355887
14.94,3.216,14.94,4.175198434,14.94,2.614963869
14.95,3.244,14.95,4.463928149,14.95,2.585125859
14.96,3.328,14.96,3.90976792,14.96,2.520815361
14.97,3.37,14.97,4.457155887,14.97,2.523000674
14.98,3.392,14.98,3.840146788,14.98,2.509817772
14.99,3.369,14.99,4.283971559,14.99,2.492535973
15,3.307,15,3.815225104,15,2.496148512
15.01,3.308,15.01,3.913619654,15.01,2.502743282
15.02,3.291,15.02,3.635389912,15.02,2.522350281
15.03,3.268,15.03,3.37529749,15.03,2.496632885
15.04,3.267,15.04,3.863999435,15.04,2.454147878
15.05,3.272,15.05,3.642049381,15.05,2.289503086
15.06,3.291,15.06,3.414437765,15.06,2.041380774
15.07,3.264,15.07,3.240876011,15.07,2.422721289
15.08,3.219,15.08,5.096264766,15.08,3.628744322
15.09,3.043,15.09,4.367554552,15.09,3.454549435
15.1,2.77,15.1,3.59524132,15.1,2.270334467
15.11,3.146,15.11,2.656084542,15.11,1.797697905
15.12,4.412,15.12,3.340954157,15.12,2.083432939
15.13,4.29,15.13,3.563297717,15.13,2.413769942
15.14,3.104,15.14,3.592739331,15.14,2.543873195
15.15,2.617,15.15,3.900578812,15.15,2.536788467
15.16,2.887,15.16,3.629910249,15.16,2.526543431
15.17,3.163,15.17,4.116361225,15.17,2.540974177
15.18,3.25,15.18,3.315642342,15.18,2.519478179
15.19,3.251,15.19,4.132786434,15.19,2.518741411
15.2,3.27,15.2,3.409938034,15.2,2.537070671
15.21,3.303,15.21,3.777333673,15.21,2.527704532
15.22,3.287,15.22,3.609052468,15.22,2.484100184
15.23,3.288,15.23,3.524386483,15.23,2.47336002
15.24,3.309,15.24,3.868025762,15.24,2.476544284
15.25,3.301,15.25,3.560141641,15.25,2.470027814
15.26,3.255,15.26,3.773842056,15.26,2.470199673
15.27,3.242,15.27,3.563315775,15.27,2.501701692
15.28,3.243,15.28,3.998925286,15.28,2.560495937
15.29,3.233,15.29,3.44549278,15.29,2.609679305
15.3,3.23,15.3,4.013265737,15.3,2.671045634
15.31,3.262,15.31,3.631427641,15.31,2.698699571
15.32,3.325,15.32,3.880609382,15.32,2.701419721
15.33,3.381,15.33,3.396941925,15.33,2.614441578
15.34,3.453,15.34,3.225369162,15.34,2.550196467
15.35,3.493,15.35,3.788183289,15.35,2.500814747
15.36,3.507,15.36,3.096934649,15.36,2.46421304
15.37,3.424,15.37,3.533999497,15.37,2.447304858
15.38,3.358,15.38,2.896442422,15.38,2.430813489
15.39,3.301,15.39,3.493500388,15.39,2.465671644
15.4,3.253,15.4,3.399005993,15.4,2.488920177
15.41,3.223,15.41,3.513813672,15.41,2.48716483
15.42,3.196,15.42,3.283730283,15.42,2.513667001
15.43,3.225,15.43,3.327976676,15.43,2.50447668
15.44,3.246,15.44,3.60411109,15.44,2.522495411
15.45,3.244,15.45,3.057041509,15.45,2.514870435
15.46,3.273,15.46,3.557207175,15.46,2.499885826
15.47,3.267,15.47,3.104722405,15.47,2.515343205
15.48,3.288,15.48,3.638036245,15.48,2.517437915
15.49,3.282,15.49,3.333550183,15.49,2.527864865
15.5,3.268,15.5,3.758997701,15.5,2.528989425
15.51,3.284,15.51,3.297782809,15.51,2.518053822
15.52,3.287,15.52,3.534960855,15.52,2.523508288
15.53,3.298,15.53,3.291819821,15.53,2.515533021
15.54,3.3,15.54,2.943961895,15.54,2.522634938
15.55,3.29,15.55,3.397413526,15.55,2.519049689
15.56,3.296,15.56,2.885030174,15.56,2.516160275
15.57,3.288,15.57,3.425931632,15.57,2.544046009
15.58,3.295,15.58,2.748705152,15.58,2.538878307
15.59,3.291,15.59,3.10494562,15.59,2.514287332
15.6,3.288,15.6,2.907676166,15.6,2.521147919
15.61,3.317,15.61,3.305137104,15.61,2.516163028
15.62,3.313,15.62,3.188018541,15.62,2.530649073
15.63,3.288,15.63,3.218975579,15.63,2.515809973
15.64,3.295,15.64,3.101625635,15.64,2.489264299
15.65,3.29,15.65,2.932520302,15.65,2.510877471
15.66,3.304,15.66,3.479318292,15.66,2.444877552
15.67,3.288,15.67,2.832017576,15.67,2.464367875
15.68,3.26,15.68,3.513209384,15.68,2.5165299
15.69,3.281,15.69,2.759068979,15.69,2.569589232
15.7,3.211,15.7,3.147934661,15.7,2.599006333
15.71,3.227,15.71,2.986479062,15.71,2.606847577
15.72,3.279,15.72,2.711445361,15.72,2.570244527
15.73,3.336,15.73,3.001255515,15.73,2.507186243
15.74,3.37,15.74,2.654080868,15.74,2.487640933
15.75,3.386,15.75,3.052704921,15.75,2.502841831
15.76,3.355,15.76,2.604537466,15.76,2.506622265
15.77,3.292,15.77,3.103376695,15.77,2.498540146
15.78,3.269,15.78,2.679839741,15.78,2.497774467
15.79,3.28,15.79,3.299618172,15.79,2.507490529
15.8,3.279,15.8,2.836234566,15.8,2.515278016
15.81,3.267,15.81,3.226841386,15.81,2.418249464
15.82,3.265,15.82,2.77088005,15.82,2.233563228
15.83,3.275,15.83,2.479628153,15.83,2.04688939
15.84,3.283,15.84,3.378024142,15.84,2.79269462
15.85,3.181,15.85,4.110061018,15.85,3.658263925
15.86,2.982,15.86,4.058852157,15.86,3.073320797
15.87,2.771,15.87,2.078762192,15.87,2.036698631
15.88,3.532,15.88,2.920588983,15.88,1.896855169
15.89,4.458,15.89,2.592381239,15.89,2.219541781
15.9,3.907,15.9,2.972239986,15.9,2.453123511
15.91,2.859,15.91,2.947115595,15.91,2.518960004
15.92,2.71,15.92,3.162796568,15.92,2.541756831
15.93,3.007,15.93,3.190393333,15.93,2.559696111
15.94,3.186,15.94,2.700156576,15.94,2.532771522
15.95,3.224,15.95,3.02829214,15.95,2.515446037
15.96,3.266,15.96,2.391261453,15.96,2.508139958
15.97,3.311,15.97,3.040586233,15.97,2.536123573
15.98,3.297,15.98,2.233047942,15.98,2.52852515
15.99,3.284,15.99,3.041040363,15.99,2.488429161
16,3.279,16,2.375542118,16,2.482101053
16.01,3.309,16.01,2.804567945,16.01,2.471180454
16.02,3.301,16.02,2.426934927,16.02,2.477254396
16.03,3.259,16.03,2.787957804,16.03,2.491300297
16.04,3.251,16.04,3.116559001,16.04,2.513339361
16.05,3.238,16.05,2.941136248,16.05,2.556702887
16.06,3.241,16.06,3.238889438,16.06,2.619123111
16.07,3.253,16.07,2.780277098,16.07,2.703096693
16.08,3.276,16.08,3.666262094,16.08,2.705378702
16.09,3.323,16.09,2.908591511,16.09,2.652297001
16.1,3.393,16.1,3.401574815,16.1,2.592355821
16.11,3.489,16.11,2.70479396,16.11,2.526921534
16.12,3.503,16.12,3.033897083,16.12,2.48117811
16.13,3.458,16.13,2.643470666,16.13,2.430897388
16.14,3.401,16.14,2.445915553,16.14,2.434583572
16.15,3.332,16.15,2.605352781,16.15,2.457734165
16.16,3.276,16.16,2.337711814,16.16,2.474085567
16.17,3.212,16.17,3.063841677,16.17,2.509162952
16.18,3.204,16.18,2.656372573,16.18,2.519884229
16.19,3.219,16.19,3.096735447,16.19,2.50498492
16.2,3.231,16.2,2.215748149,16.2,2.507553718
16.21,3.266,16.21,2.200748343,16.21,2.504779617
16.22,3.28,16.22,2.415971301,16.22,2.517802276
16.23,3.268,16.23,2.374301777,16.23,2.509888114
16.24,3.273,16.24,2.846030151,16.24,2.509436796
16.25,3.272,16.25,2.040684967,16.25,2.533902768
16.26,3.286,16.26,2.669478681,16.26,2.526712948
16.27,3.278,16.27,2.045840802,16.27,2.528968309
16.28,3.278,16.28,2.566866671,16.28,2.523200414
16.29,3.304,16.29,1.930832,16.29,2.518637232
16.3,3.298,16.3,2.449662876,16.3,2.520140902
16.31,3.301,16.31,2.130277879,16.31,2.503294753
16.32,3.296,16.32,2.120947032,16.32,2.511147912
16.33,3.292,16.33,2.502480107,16.33,2.541207776
16.34,3.293,16.34,2.402496951,16.34,2.54110474
16.35,3.275,16.35,2.831209359,16.35,2.52962765
16.36,3.282,16.36,2.039400456,16.36,2.513232518
16.37,3.313,16.37,2.656799776,16.37,2.510274139
16.38,3.314,16.38,2.190618862,16.38,2.505928026
16.39,3.303,16.39,2.87999323,16.39,2.500909874
16.4,3.287,16.4,2.374443118,16.4,2.479586531
16.41,3.284,16.41,2.569090107,16.41,2.453946671
16.42,3.278,16.42,2.443802804,16.42,2.478866106
16.43,3.271,16.43,2.410410176,16.43,2.548833237
16.44,3.247,16.44,2.818515427,16.44,2.585551054
16.45,3.218,16.45,2.311816646,16.45,2.611739929
16.46,3.241,16.46,2.78546055,16.46,2.593564322
16.47,3.313,16.47,2.237618538,16.47,2.551501764
16.48,3.354,16.48,2.840670622,16.48,2.500284024
16.49,3.387,16.49,2.32598185,16.49,2.490382118
16.5,3.376,16.5,3.086159231,16.5,2.507119731
16.51,3.338,16.51,2.392291827,16.51,2.486563206
16.52,3.285,16.52,2.545261989,16.52,2.517695722
16.53,3.271,16.53,2.370812708,16.53,2.523302366
16.54,3.283,16.54,2.104817926,16.54,2.513746424
16.55,3.257,16.55,2.518194279,16.55,2.497599076
16.56,3.286,16.56,2.000200703,16.56,2.346431246
16.57,3.292,16.57,2.201817364,16.57,2.130095539
16.58,3.283,16.58,2.061320913,16.58,2.140603332
16.59,3.266,16.59,3.336634119,16.59,3.256087095
16.6,3.107,16.6,3.41974607,16.6,3.63065151
16.61,2.87,16.61,2.977479757,16.61,2.616316799
16.62,2.86,16.62,2.294580138,16.62,1.917831676
16.63,4.015,16.63,2.093398787,16.63,2.020412405
16.64,4.449,16.64,2.497348934,16.64,2.326690078
16.65,3.448,16.65,2.099926426,16.65,2.495004334
16.66,2.737,16.66,2.759768294,16.66,2.530222239
16.67,2.833,16.67,2.332895842,16.67,2.551015527
16.68,3.098,16.68,2.766278199,16.68,2.551624637
16.69,3.214,16.69,2.068488695,16.69,2.537345965
16.7,3.242,16.7,2.486312207,16.7,2.534216978
16.71,3.288,16.71,2.407710404,16.71,2.517181922
16.72,3.31,16.72,2.482253077,16.72,2.503832381
16.73,3.305,16.73,2.2796022,16.73,2.500639029
16.74,3.306,16.74,2.351696431,16.74,2.484137613
16.75,3.291,16.75,2.813570201,16.75,2.487511869
16.76,3.277,16.76,2.155270387,16.76,2.46357497
16.77,3.272,16.77,2.691813327,16.77,2.47158087
16.78,3.253,16.78,2.019972335,16.78,2.5037163
16.79,3.254,16.79,2.644727673,16.79,2.551459605
16.8,3.227,16.8,2.208819212,16.8,2.6034535
16.81,3.233,16.81,2.85142508,16.81,2.63358483
16.82,3.265,16.82,2.882502153,16.82,2.697419989
16.83,3.316,16.83,2.708924625,16.83,2.695664662
16.84,3.374,16.84,2.797033079,16.84,2.624746709
16.85,3.413,16.85,2.467007928,16.85,2.546468231
16.86,3.489,16.86,2.931739744,16.86,2.501301246
16.87,3.498,16.87,2.386886064,16.87,2.469275212
16.88,3.432,16.88,2.759764983,16.88,2.438445245
16.89,3.352,16.89,2.226882341,16.89,2.436014139
16.9,3.301,16.9,2.914387098,16.9,2.472275753
16.91,3.258,16.91,2.310763145,16.91,2.501818301
16.92,3.214,16.92,2.751944145,16.92,2.50531111
16.93,3.201,16.93,2.626124701,16.93,2.490642646
16.94,3.232,16.94,2.004430877,16.94,2.489420433
16.95,3.26,16.95,2.548906051,16.95,2.512308551
16.96,3.264,16.96,2.095804792,16.96,2.52001239
16.97,3.251,16.97,2.154660393,16.97,2.52082168
16.98,3.252,16.98,1.933613561,16.98,2.52483253
16.99,3.277,16.99,2.540314198,16.99,2.519162834
17,3.286,17,1.899821495,17,2.52523133
17.01,3.288,17.01,2.492096457,17.01,2.515240729
17.02,3.294,17.02,2.243101689,17.02,2.52194831
17.03,3.29,17.03,2.334014671,17.03,2.518151109
17.04,3.297,17.04,2.667325142,17.04,2.515307564
17.05,3.287,17.05,1.887141876,17.05,2.518609433
17.06,3.294,17.06,2.739985935,17.06,2.536510083
17.07,3.29,17.07,2.077906745,17.07,2.531972516
17.08,3.287,17.08,2.606503489,17.08,2.519877056
17.09,3.29,17.09,1.980571546,17.09,2.513016988
17.1,3.309,17.1,2.326545166,17.1,2.514217669
17.11,3.305,17.11,2.377923617,17.11,2.522802557
17.12,3.293,17.12,2.306724609,17.12,2.527953422
17.13,3.286,17.13,2.169797919,17.13,2.515261553
17.14,3.287,17.14,1.888740228,17.14,2.504808281
17.15,3.295,17.15,2.522270811,17.15,2.508222321
17.16,3.3,17.16,1.711023891,17.16,2.443488307
17.17,3.287,17.17,2.517338906,17.17,2.457195741
17.18,3.276,17.18,2.080217685,17.18,2.511559401
17.19,3.279,17.19,2.445215893,17.19,2.581677436
17.2,3.21,17.2,2.113093098,17.2,2.613258264
17.21,3.22,17.21,2.254214508,17.21,2.60229687
17.22,3.274,17.22,2.26795694,17.22,2.5542269
17.23,3.348,17.23,2.157683149,17.23,2.518332929
17.24,3.385,17.24,2.312937884,17.24,2.494937999
17.25,3.382,17.25,1.968920857,17.25,2.517016174
17.26,3.339,17.26,2.439272734,17.26,2.514227811
17.27,3.304,17.27,1.882980416,17.27,2.484184908
17.28,3.277,17.28,2.618718433,17.28,2.490309579
17.29,3.295,17.29,1.738478797,17.29,2.508331259
17.3,3.288,17.3,2.019502074,17.3,2.513851932
17.31,3.254,17.31,1.832626405,17.31,2.405893512
17.32,3.258,17.32,1.670130414,17.32,2.212763516
17.33,3.276,17.33,1.631746758,17.33,2.008843195
17.34,3.281,17.34,2.180182998,17.34,2.887596341
17.35,3.167,17.35,3.600777035,17.35,3.657292633
17.36,2.959,17.36,1.850215381,17.36,2.926491639
17.37,2.729,17.37,1.658961282,17.37,2.025424374
17.38,3.628,17.38,1.375338645,17.38,1.995592919
17.39,4.458,17.39,1.834081167,17.39,2.286928646
17.4,3.754,17.4,1.6533001,17.4,2.48484404
17.41,2.842,17.41,1.867152746,17.41,2.540755832
17.42,2.81,17.42,1.854577355,17.42,2.532167656
17.43,3.075,17.43,1.97627009,17.43,2.516645296
17.44,3.22,17.44,1.887778295,17.44,2.515545129
17.45,3.256,17.45,1.276683064,17.45,2.538484555
17.46,3.267,17.46,1.79519472,17.46,2.527571879
17.47,3.272,17.47,1.507126491,17.47,2.499583348
17.48,3.28,17.48,2.109484197,17.48,2.491251109
17.49,3.307,17.49,1.598270457,17.49,2.497921964
17.5,3.298,17.5,2.008588652,17.5,2.498755826
17.51,3.27,17.51,1.597627433,17.51,2.468830683
17.52,3.261,17.52,1.803790722,17.52,2.467734082
17.53,3.267,17.53,1.816073054,17.53,2.490093837
17.54,3.266,17.54,1.740531586,17.54,2.514424926
17.55,3.233,17.55,2.345420748,17.55,2.560259008
17.56,3.23,17.56,1.704836748,17.56,2.626098955
17.57,3.252,17.57,2.317878988,17.57,2.689334631
17.58,3.277,17.58,1.542095559,17.58,2.719773622
17.59,3.326,17.59,1.987433048,17.59,2.682160572
17.6,3.4,17.6,1.791653729,17.6,2.606568985
17.61,3.475,17.61,1.760185231,17.61,2.515048333
17.62,3.518,17.62,1.33818833,17.62,2.464535274
17.63,3.49,17.63,1.468680072,17.63,2.444164566
17.64,3.418,17.64,1.640404226,17.64,2.425740029
17.65,3.322,17.65,1.096131502,17.65,2.46141049
17.66,3.261,17.66,1.74287086,17.66,2.481940934
17.67,3.227,17.67,1.425451544,17.67,2.48086945
17.68,3.195,17.68,1.840003009,17.68,2.48414572
17.69,3.222,17.69,1.398562625,17.69,2.489702068
17.7,3.239,17.7,2.027042336,17.7,2.525485352
17.71,3.237,17.71,1.842446255,17.71,2.516507892
17.72,3.241,17.72,1.808917154,17.72,2.515418614
17.73,3.249,17.73,1.894169261,17.73,2.518352097
17.74,3.288,17.74,1.278407369,17.74,2.515729439
17.75,3.281,17.75,1.900670851,17.75,2.521495092
17.76,3.282,17.76,1.438295524,17.76,2.52003906
17.77,3.287,17.77,2.116378352,17.77,2.532914852
17.78,3.286,17.78,1.432625943,17.78,2.536811862
17.79,3.292,17.79,1.957210641,17.79,2.518614998
17.8,3.291,17.8,1.486005087,17.8,2.51770861
17.81,3.305,17.81,1.797549824,17.81,2.531056354
17.82,3.31,17.82,1.550657543,17.82,2.523429865
17.83,3.292,17.83,1.291251888,17.83,2.510696984
17.84,3.291,17.84,1.846937134,17.84,2.517803912
17.85,3.305,17.85,1.14003115,17.85,2.522621681
17.86,3.297,17.86,1.623210912,17.86,2.517333859
17.87,3.283,17.87,1.037034615,17.87,2.515784438
17.88,3.29,17.88,1.517488258,17.88,2.526072188
17.89,3.295,17.89,1.302603957,17.89,2.513355168
17.9,3.289,17.9,1.806473945,17.9,2.513809032
17.91,3.287,17.91,1.350539021,17.91,2.49978443
17.92,3.298,17.92,1.651185086,17.92,2.525275094
17.93,3.285,17.93,1.732093269,17.93,2.473117172
17.94,3.285,17.94,1.320406826,17.94,2.429645847
17.95,3.27,17.95,1.806424777,17.95,2.492860258
17.96,3.296,17.96,1.490906213,17.96,2.564652841
17.97,3.241,17.97,2.148704355,17.97,2.590201354
17.98,3.193,17.98,1.58737678,17.98,2.622548733
17.99,3.255,17.99,2.250366815,17.99,2.583792159
18,3.33,18,1.528082457,18,2.528528793
18.01,3.359,18.01,1.791430747,18.01,2.506700516
18.02,3.399,18.02,1.997733629,18.02,2.497657506
18.03,3.368,18.03,1.828777308,18.03,2.505981589
18.04,3.315,18.04,1.996067166,18.04,2.503194028
18.05,3.291,18.05,1.466443283,18.05,2.509759798
18.06,3.278,18.06,2.095619891,18.06,2.505539164
18.07,3.281,18.07,1.326411788,18.07,2.511418052
18.08,3.274,18.08,2.016736181,18.08,2.482981906
18.09,3.279,18.09,1.357181466,18.09,2.282975581
18.1,3.274,18.1,1.735179639,18.1,2.072444455
18.11,3.28,18.11,1.567610419,18.11,2.268373064
18.12,3.25,18.12,2.865054976,18.12,3.493183408
18.13,3.038,18.13,3.29008326,18.13,3.477320937
18.14,2.804,18.14,1.789191299,18.14,2.382105176
18.15,2.987,18.15,2.078260918,18.15,1.891155817
18.16,4.264,18.16,1.356985222,18.16,2.121927905
18.17,4.3,18.17,2.278641112,18.17,2.413670248
18.18,3.209,18.18,1.794121832,18.18,2.531668936
18.19,2.707,18.19,2.163871707,18.19,2.525632886
18.2,2.931,18.2,1.840474105,18.2,2.539556708
18.21,3.175,18.21,1.782305061,18.21,2.535221738
18.22,3.249,18.22,2.090420652,18.22,2.526820587
18.23,3.246,18.23,1.673399061,18.23,2.535176872
18.24,3.286,18.24,1.841846704,18.24,2.517329061
18.25,3.298,18.25,1.556137815,18.25,2.503901924
18.26,3.295,18.26,2.242787419,18.26,2.481243465
18.27,3.306,18.27,1.388025128,18.27,2.471949849
18.28,3.29,18.28,2.075280682,18.28,2.47218124
18.29,3.276,18.29,1.74868045,18.29,2.471773327
18.3,3.251,18.3,1.961010848,18.3,2.497407531
18.31,3.239,18.31,1.869435842,18.31,2.512192664
18.32,3.236,18.32,1.882596875,18.32,2.544672132
18.33,3.233,18.33,2.137109178,18.33,2.585804681
18.34,3.258,18.34,1.834967052,18.34,2.621802043
18.35,3.274,18.35,2.228034862,18.35,2.696774723
18.36,3.31,18.36,1.77949448,18.36,2.703991074
18.37,3.357,18.37,2.326559703,18.37,2.64001758
18.38,3.401,18.38,1.556397664,18.38,2.580192821
18.39,3.487,18.39,1.996988892,18.39,2.507184913
18.4,3.505,18.4,1.576587369,18.4,2.460475861
18.41,3.447,18.41,2.105671478,18.41,2.438889658
18.42,3.388,18.42,1.825871966,18.42,2.430385942
18.43,3.31,18.43,1.700051219,18.43,2.47220152
18.44,3.252,18.44,2.038455261,18.44,2.493594522
18.45,3.217,18.45,1.552541541,18.45,2.504840953
18.46,3.197,18.46,2.236108954,18.46,2.496034132
18.47,3.232,18.47,1.573705344,18.47,2.501017681
18.48,3.251,18.48,2.256192405,18.48,2.504344486
18.49,3.263,18.49,1.685255126,18.49,2.498773152
18.5,3.256,18.5,2.233449566,18.5,2.523394779
18.51,3.264,18.51,1.942417511,18.51,2.524660996
18.52,3.269,18.52,2.240821367,18.52,2.511909295
18.53,3.264,18.53,2.234354038,18.53,2.524681137
18.54,3.29,18.54,1.763443381,18.54,2.519514292
18.55,3.293,18.55,2.373086615,18.55,2.52799088
18.56,3.281,18.56,1.722076994,18.56,2.526697128
18.57,3.295,18.57,2.283122089,18.57,2.517348697
18.58,3.291,18.58,1.947047788,18.58,2.507160522
18.59,3.3,18.59,2.741719072,18.59,2.525792773
18.6,3.299,18.6,2.463219173,18.6,2.537235801
18.61,3.29,18.61,2.627667797,18.61,2.525262749
18.62,3.279,18.62,2.506821658,18.62,2.532491236
18.63,3.298,18.63,2.265281953,18.63,2.534156264
18.64,3.31,18.64,2.706284278,18.64,2.506131
18.65,3.298,18.65,2.419902046,18.65,2.504695562
18.66,3.306,18.66,2.724492739,18.66,2.512367062
18.67,3.309,18.67,2.256007352,18.67,2.510493613
18.68,3.28,18.68,2.746908334,18.68,2.526887627
18.69,3.277,18.69,2.193295504,18.69,2.512796958
18.7,3.284,18.7,2.710727892,18.7,2.519182782
18.71,3.281,18.71,2.585115206,18.71,2.516077044
18.72,3.297,18.72,2.761978898,18.72,2.522461047
18.73,3.283,18.73,2.730033773,18.73,2.483660645
18.74,3.29,18.74,2.504687775,18.74,2.432932038
18.75,3.287,18.75,2.756870396,18.75,2.475271787
18.76,3.294,18.76,2.344852109,18.76,2.549598373
18.77,3.253,18.77,3.126206559,18.77,2.587226791
18.78,3.198,18.78,2.421370925,18.78,2.624037791
18.79,3.238,18.79,3.033346695,18.79,2.603466828
18.8,3.314,18.8,2.456357087,18.8,2.537985214
18.81,3.355,18.81,2.47327244,18.81,2.48652195
18.82,3.399,18.82,2.627104981,18.82,2.490650205
18.83,3.387,18.83,2.274450655,18.83,2.497444696
18.84,3.325,18.84,2.753455652,18.84,2.503464817
18.85,3.271,18.85,2.228005912,18.85,2.521855397
18.86,3.271,18.86,2.759830177,18.86,2.510512354
18.87,3.272,18.87,2.076986931,18.87,2.510147909
18.88,3.273,18.88,2.485237775,18.88,2.481396377
18.89,3.29,18.89,1.719790935,18.89,2.289958417
18.9,3.279,18.9,1.65004545,18.9,2.092811147
18.91,3.279,18.91,1.643350122,18.91,2.274622337
18.92,3.249,18.92,3.176997548,18.92,3.499987973
18.93,3.046,18.93,3.328387915,18.93,3.49415749
18.94,2.826,18.94,1.684622234,18.94,2.386048572
18.95,2.995,18.95,1.42089199,18.95,1.865403297
18.96,4.273,18.96,1.415607187,18.96,2.091142081
18.97,4.32,18.97,2.23034478,18.97,2.400962732
18.98,3.216,18.98,1.721166925,18.98,2.5309146
18.99,2.682,18.99,2.05983468,18.99,2.542338277
19,2.899,19,1.714798267,19,2.540193118
19.01,3.16,19.01,2.09706999,19.01,2.538288433
19.02,3.245,19.02,2.37513912,19.02,2.526272367
19.03,3.26,19.03,1.773512286,19.03,2.521185151
19.04,3.285,19.04,2.2098843,19.04,2.507470512
19.05,3.301,19.05,1.832287201,19.05,2.510651516
19.06,3.295,19.06,2.41989245,19.06,2.495386314
19.07,3.292,19.07,1.932785344,19.07,2.492974884
19.08,3.279,19.08,2.403337185,19.08,2.489656841
19.09,3.282,19.09,2.019866573,19.09,2.442321301
19.1,3.265,19.1,2.164675984,19.1,2.471537486
19.11,3.261,19.11,1.91389846,19.11,2.521444212
19.12,3.256,19.12,1.816010881,19.12,2.550593702
19.13,3.205,19.13,2.067513526,19.13,2.597962422
19.14,3.232,19.14,1.704815592,19.14,2.636953006
19.15,3.283,19.15,2.224660218,19.15,2.672100629
19.16,3.315,19.16,1.71116029,19.16,2.681849626
19.17,3.368,19.17,2.457320769,19.17,2.651493142
19.18,3.417,19.18,1.563589781,19.18,2.588719234
19.19,3.463,19.19,2.229295484,19.19,2.502665021
19.2,3.482,19.2,1.936017555,19.2,2.439071689
19.21,3.458,19.21,2.591718033,19.21,2.440384642
19.22,3.396,19.22,2.493114536,19.22,2.458861011
19.23,3.304,19.23,0.449793062,19.23,2.47490404
19.24,3.229,19.24,3.091633532,19.24,2.472164808
19.25,3.218,19.25,2.345090935,19.25,2.499666553
19.26,3.226,19.26,1.816638781,19.26,2.494964172
19.27,3.235,19.27,1.570239641,19.27,2.508797107
19.28,3.229,19.28,2.211048472,19.28,2.521370797
19.29,3.258,19.29,2.14577166,19.29,2.505483255
19.3,3.255,19.3,2.31822644,19.3,2.520042315
19.31,3.271,19.31,2.560140431,19.31,2.528057803
19.32,3.286,19.32,2.317506233,19.32,2.521103107
19.33,3.272,19.33,2.152311454,19.33,2.52935283
19.34,3.288,19.34,2.830947553,19.34,2.52236711
19.35,3.298,19.35,2.981974622,19.35,2.514470668
19.36,3.292,19.36,1.691304434,19.36,2.510251176
19.37,3.301,19.37,2.890593813,19.37,2.516437305
19.38,3.295,19.38,1.867117987,19.38,2.527443499
19.39,3.287,19.39,1.810568388,19.39,2.517717643
19.4,3.282,19.4,2.471277269,19.4,2.522370925
19.41,3.288,19.41,2.837969207,19.41,2.520901106
19.42,3.299,19.42,2.204938771,19.42,2.522578455
19.43,3.289,19.43,3.023125302,19.43,2.5312823
19.44,3.294,19.44,2.583949202,19.44,2.525839592
19.45,3.293,19.45,2.056329093,19.45,2.515170387
19.46,3.295,19.46,2.735153184,19.46,2.494567322
19.47,3.304,19.47,2.19668119,19.47,2.513050311
19.48,3.299,19.48,2.53679028,19.48,2.534813132
19.49,3.288,19.49,2.097752402,19.49,2.5106526
19.5,3.266,19.5,2.812744891,19.5,2.510964329
19.51,3.284,19.51,2.315149283,19.51,2.52745526
19.52,3.306,19.52,2.153624876,19.52,2.522008763
19.53,3.281,19.53,2.053322614,19.53,2.516795133
19.54,3.281,19.54,1.278099628,19.54,2.474761912
19.55,3.299,19.55,1.606454424,19.55,2.43958247
19.56,3.294,19.56,0.32673828,19.56,2.475324869
19.57,3.288,19.57,0.656929888,19.57,2.54708555
19.58,3.244,19.58,-0.178570309,19.58,2.58650071
19.59,3.205,19.59,0.044217945,19.59,2.622024241
19.6,3.238,19.6,-0.361056507,19.6,2.616079457
19.61,3.311,19.61,-0.43576211,19.61,2.540479846
19.62,3.354,19.62,-0.6433266,19.62,2.503926758
19.63,3.397,19.63,-0.856499222,19.63,2.504287412
19.64,3.4,19.64,-0.206294542,19.64,2.491285814
19.65,3.328,19.65,-0.821149876,19.65,2.500971332
19.66,3.29,19.66,-0.116526891,19.66,2.498723414
19.67,3.287,19.67,-0.701123545,19.67,2.483623534
19.68,3.268,19.68,-0.066202652,19.68,2.511891231
19.69,3.272,19.69,-0.66821426,19.69,2.477243313
19.7,3.267,19.7,0.068698962,19.7,2.298334037
19.71,3.25,19.71,-0.649194789,19.71,2.06190152
19.72,3.278,19.72,-0.35096523,19.72,2.366466883
19.73,3.242,19.73,1.028444263,19.73,3.608104197
19.74,3.052,19.74,0.512803741,19.74,3.418913074
19.75,2.792,19.75,0.130677069,19.75,2.267241448
19.76,3.09,19.76,-1.171078183,19.76,1.824270082
19.77,4.39,19.77,0.080564891,19.77,2.132002124
19.78,4.25,19.78,-0.572854185,19.78,2.445700242
19.79,3.096,19.79,0.561010372,19.79,2.526914986
19.8,2.639,19.8,0.130592663,19.8,2.542096034
19.81,2.936,19.81,-0.343859401,19.81,2.541954061
19.82,3.198,19.82,0.076555068,19.82,2.525316352
19.83,3.237,19.83,-0.364179734,19.83,2.526914583
19.84,3.261,19.84,0.158928849,19.84,2.521484264
19.85,3.29,19.85,-0.494706021,19.85,2.529613734
19.86,3.289,19.86,0.02024363,19.86,2.509125448
19.87,3.295,19.87,-0.566867544,19.87,2.482013036
19.88,3.292,19.88,0.157696371,19.88,2.482177378
19.89,3.302,19.89,-0.459461489,19.89,2.478451946
19.9,3.281,19.9,0.216785131,19.9,2.470608633
19.91,3.252,19.91,-0.059593663,19.91,2.485107594
19.92,3.25,19.92,-0.182547235,19.92,2.505287069
19.93,3.244,19.93,0.188951788,19.93,2.552815712
19.94,3.233,19.94,-0.334886789,19.94,2.603369124
19.95,3.246,19.95,0.558550912,19.95,2.651764029
19.96,3.267,19.96,-0.490405104,19.96,2.684852586
