Time,Original,Time,Noisy,Time,LMS Filtered
0.01,3.307,0.01,3.526705098,0.01,3.219120445
0.02,3.297,0.02,3.586,0.02,3.221203266
0.03,3.293,0.03,3.526705098,0.03,3.219254532
0.04,3.289,0.04,3.380705098,0.04,3.22327431
0.05,3.284,0.05,3.184294902,0.05,3.212321774
0.06,3.286,0.06,3.032294902,0.06,3.210357105
0.07,3.284,0.07,2.986,0.07,3.221356894
0.08,3.288,0.08,3.073294902,0.08,3.251230724
0.09,3.277,0.09,3.210294902,0.09,3.238172541
0.1,3.275,0.1,3.381705098,0.1,3.224125669
0.11,3.286,0.11,3.531705098,0.11,3.22406984
0.12,3.316,0.12,3.58,0.12,3.215092611
0.13,3.303,0.13,3.511705098,0.13,3.204278005
0.14,3.289,0.14,3.351705098,0.14,3.194451417
0.15,3.289,0.15,3.142294902,0.15,3.170663955
0.16,3.28,0.16,2.981294902,0.16,3.159919797
0.17,3.269,0.17,2.956,0.17,3.19201392
0.18,3.259,0.18,3.110294902,0.18,3.28868306
0.19,3.235,0.19,3.300294902,0.19,3.328157399
0.2,3.224,0.2,3.485705098,0.2,3.327537294
0.21,3.256,0.21,3.616705098,0.21,3.307946291
0.22,3.353,0.22,3.616,0.22,3.249707661
0.23,3.393,0.23,3.519705098,0.23,3.211005213
0.24,3.393,0.24,3.372705098,0.24,3.214448908
0.25,3.374,0.25,3.187294902,0.25,3.21489397
0.26,3.316,0.26,3.026294902,0.26,3.204309085
0.27,3.277,0.27,2.966,0.27,3.201506821
0.28,3.28,0.28,3.021294902,0.28,3.199557757
0.29,3.28,0.29,3.155294902,0.29,3.183683829
0.3,3.269,0.3,3.326705098,0.3,3.169865114
0.31,3.266,0.31,3.292705098,0.31,2.986728355
0.32,3.264,0.32,3.072,0.32,2.710673058
0.33,3.248,0.33,3.155705098,0.33,2.853048736
0.34,3.234,0.34,4.522705098,0.34,4.365383052
0.35,3.05,0.35,4.365294902,0.35,4.388588756
0.36,2.772,0.36,3.040294902,0.36,3.212707311
0.37,2.913,0.37,2.228,0.37,2.458651951
0.38,4.43,0.38,2.518294902,0.38,2.692185322
0.39,4.458,0.39,3.043294902,0.39,3.072272606
0.4,3.283,0.4,3.357705098,0.4,3.206008428
0.41,2.528,0.41,3.487705098,0.41,3.186183301
0.42,2.761,0.42,3.533,0.42,3.171402148
0.43,3.136,0.43,3.515705098,0.43,3.20937569
0.44,3.265,0.44,3.393705098,0.44,3.236722935
0.45,3.245,0.45,3.207294902,0.45,3.235586555
0.46,3.233,0.46,3.062294902,0.46,3.240350845
0.47,3.273,0.47,2.99,0.47,3.225125474
0.48,3.301,0.48,3.018294902,0.48,3.196172109
0.49,3.3,0.49,3.164294902,0.49,3.192344843
0.5,3.305,0.5,3.341705098,0.5,3.184545172
0.51,3.29,0.51,3.480705098,0.51,3.173809362
0.52,3.261,0.52,3.553,0.52,3.188955445
0.53,3.257,0.53,3.482705098,0.53,3.176038368
0.54,3.249,0.54,3.352705098,0.54,3.196026705
0.55,3.238,0.55,3.242294902,0.55,3.270687869
0.56,3.253,0.56,3.169294902,0.56,3.347003055
0.57,3.24,0.57,3.192,0.57,3.42606369
0.58,3.26,0.58,3.290294902,0.58,3.46591105
0.59,3.335,0.59,3.410294902,0.59,3.434953952
0.6,3.412,0.6,3.494705098,0.6,3.333688885
0.61,3.492,0.61,3.565705098,0.61,3.255036114
0.62,3.533,0.62,3.542,0.62,3.175017735
0.63,3.503,0.63,3.462705098,0.63,3.154249279
0.64,3.402,0.64,3.295705098,0.64,3.138432001
0.65,3.323,0.65,3.128294902,0.65,3.157146259
0.66,3.242,0.66,2.992294902,0.66,3.171494737
0.67,3.22,0.67,2.95,0.67,3.186464152
0.68,3.203,0.68,3.036294902,0.68,3.215232397
0.69,3.221,0.69,3.178294902,0.69,3.206964765
0.7,3.235,0.7,3.361705098,0.7,3.204775696
0.71,3.25,0.71,3.511705098,0.71,3.204641231
0.72,3.279,0.72,3.572,0.72,3.207553851
0.73,3.271,0.73,3.536705098,0.73,3.229494882
0.74,3.269,0.74,3.387705098,0.74,3.23040073
0.75,3.269,0.75,3.207294902,0.75,3.235278944
0.76,3.272,0.76,3.056294902,0.76,3.234160765
0.77,3.294,0.77,2.991,0.77,3.226085509
0.78,3.295,0.78,3.040294902,0.78,3.218128728
0.79,3.3,0.79,3.207294902,0.79,3.235108596
0.8,3.299,0.8,3.382705098,0.8,3.225148176
0.81,3.291,0.81,3.529705098,0.81,3.222195786
0.82,3.283,0.82,3.592,0.82,3.227191795
0.83,3.3,0.83,3.541705098,0.83,3.234128366
0.84,3.29,0.84,3.410705098,0.84,3.253057775
0.85,3.287,0.85,3.199294902,0.85,3.227050461
0.86,3.292,0.86,3.041294902,0.86,3.219062138
0.87,3.299,0.87,2.989,0.87,3.224073233
0.88,3.318,0.88,3.046294902,0.88,3.224112148
0.89,3.292,0.89,3.182294902,0.89,3.210282299
0.9,3.284,0.9,3.388705098,0.9,3.231266428
0.91,3.289,0.91,3.546705098,0.91,3.239187554
0.92,3.289,0.92,3.606,0.92,3.241121028
0.93,3.275,0.93,3.531705098,0.93,3.224121574
0.94,3.296,0.94,3.366705098,0.94,3.209124889
0.95,3.304,0.95,3.184294902,0.95,3.212199059
0.96,3.306,0.96,3.047294902,0.96,3.225253918
0.97,3.289,0.97,2.984,0.97,3.219341247
0.98,3.274,0.98,3.030294902,0.98,3.2084048
0.99,3.277,0.99,3.191294902,0.99,3.219365026
1,3.29,1,3.382705098,1,3.225313466
1.01,3.284,1.01,3.533705098,1.01,3.226309926
1.02,3.273,1.02,3.528,1.02,3.163531193
1.03,3.284,1.03,3.448705098,1.03,3.141794125
1.04,3.29,1.04,3.354705098,1.04,3.197879079
1.05,3.291,1.05,3.238294902,1.05,3.266717681
1.06,3.228,1.06,3.118294902,1.06,3.296445098
1.07,3.206,1.07,3.103,1.07,3.337757475
1.08,3.262,1.08,3.127294902,1.08,3.304111274
1.09,3.331,1.09,3.227294902,1.09,3.253881614
1.1,3.361,1.1,3.376705098,1.1,3.218064997
1.11,3.403,1.11,3.517705098,1.11,3.20940159
1.12,3.37,1.12,3.571,1.12,3.205921721
1.13,3.32,1.13,3.519705098,1.13,3.212289047
1.14,3.284,1.14,3.395705098,1.14,3.238356754
1.15,3.275,1.15,3.189294902,1.15,3.2173654
1.16,3.271,1.16,3.023294902,1.16,3.201401142
1.17,3.277,1.17,2.833,1.17,3.068944709
1.18,3.303,1.18,2.629294902,1.18,2.809538748
1.19,3.282,1.19,2.638294902,1.19,2.670787556
1.2,3.266,1.2,3.910705098,1.2,3.755665183
1.21,3.133,1.21,4.700705098,1.21,4.390982393
1.22,2.872,1.22,4.049,1.22,3.679591369
1.23,2.731,1.23,2.953705098,1.23,2.642233411
1.24,3.818,1.24,2.759705098,1.24,2.598434444
1.25,4.458,1.25,2.933294902,1.25,2.960521346
1.26,3.749,1.26,2.977294902,1.26,3.159418913
1.27,2.711,1.27,2.964,1.27,3.205361819
1.28,2.667,1.28,3.034294902,1.28,3.216136482
1.29,3.026,1.29,3.213294902,1.29,3.242611454
1.3,3.22,1.3,3.413705098,1.3,3.256445325
1.31,3.264,1.31,3.529705098,1.31,3.222181183
1.32,3.277,1.32,3.596,1.32,3.231054523
1.33,3.306,1.33,3.532705098,1.33,3.22500224
1.34,3.321,1.34,3.349705098,1.34,3.192195168
1.35,3.287,1.35,3.144294902,1.35,3.172526406
1.36,3.296,1.36,3.014294902,1.36,3.192643488
1.37,3.29,1.37,2.956,1.37,3.191801193
1.38,3.257,1.38,3.008294902,1.38,3.186955939
1.39,3.237,1.39,3.157294902,1.39,3.185983884
1.4,3.257,1.4,3.383705098,1.4,3.226770401
1.41,3.256,1.41,3.570705098,1.41,3.263491103
1.42,3.251,1.42,3.664,1.42,3.299066751
1.43,3.25,1.43,3.672705098,1.43,3.364362354
1.44,3.291,1.44,3.587705098,1.44,3.428397388
1.45,3.328,1.45,3.393294902,1.45,3.418630304
1.46,3.364,1.46,3.196294902,1.46,3.371193276
1.47,3.43,1.47,3.065,1.47,3.297187319
1.48,3.495,1.48,3.041294902,1.48,3.216759594
1.49,3.486,1.49,3.154294902,1.49,3.180734698
1.5,3.439,1.5,3.309705098,1.5,3.151793897
1.51,3.365,1.51,3.451705098,1.51,3.144700778
1.52,3.284,1.52,3.496,1.52,3.132367924
1.53,3.247,1.53,3.480705098,1.53,3.17454951
1.54,3.217,1.54,3.373705098,1.54,3.21741644
1.55,3.209,1.55,3.167294902,1.55,3.196248601
1.56,3.196,1.56,3.028294902,1.56,3.207004966
1.57,3.238,1.57,2.989,1.57,3.224637326
1.58,3.281,1.58,3.043294902,1.58,3.221447689
1.59,3.26,1.59,3.194294902,1.59,3.222424771
1.6,3.271,1.6,3.363705098,1.6,3.206381212
1.61,3.289,1.61,3.520705098,1.61,3.213352981
1.62,3.286,1.62,3.6,1.62,3.235309454
1.63,3.287,1.63,3.537705098,1.63,3.230274427
1.64,3.271,1.64,3.380705098,1.64,3.223271167
1.65,3.278,1.65,3.185294902,1.65,3.213243284
1.66,3.3,1.66,3.043294902,1.66,3.221210974
1.67,3.295,1.67,3.014,1.67,3.249155761
1.68,3.288,1.68,3.062294902,1.68,3.240117094
1.69,3.278,1.69,3.201294902,1.69,3.229094056
1.7,3.286,1.7,3.398705098,1.7,3.240983193
1.71,3.314,1.71,3.551705098,1.71,3.243891921
1.72,3.305,1.72,3.592,1.72,3.226979119
1.73,3.294,1.73,3.525705098,1.73,3.218065888
1.74,3.306,1.74,3.369705098,1.74,3.212132212
1.75,3.309,1.75,3.159294902,1.75,3.187344778
1.76,3.292,1.76,3.041294902,1.76,3.219443071
1.77,3.283,1.77,2.997,1.77,3.23242357
1.78,3.277,1.78,3.037294902,1.78,3.215436315
1.79,3.252,1.79,3.192294902,1.79,3.220405303
1.8,3.284,1.8,3.340705098,1.8,3.183420286
1.81,3.297,1.81,3.458705098,1.81,3.151687599
1.82,3.28,1.82,3.558,1.82,3.193840396
1.83,3.285,1.83,3.562705098,1.83,3.255682506
1.84,3.248,1.84,3.463705098,1.84,3.306345877
1.85,3.216,1.85,3.304294902,1.85,3.331761178
1.86,3.258,1.86,3.138294902,1.86,3.315111398
1.87,3.32,1.87,3.012,1.87,3.245897715
1.88,3.371,1.88,3.026294902,1.88,3.203096421
1.89,3.397,1.89,3.197294902,1.89,3.224413133
1.9,3.381,1.9,3.374705098,1.9,3.216866236
1.91,3.312,1.91,3.520705098,1.91,3.213273872
1.92,3.269,1.92,3.562,1.92,3.19747172
1.93,3.29,1.93,3.493705098,1.93,3.186541916
1.94,3.282,1.94,3.376705098,1.94,3.219565177
1.95,3.278,1.95,3.125294902,1.95,3.153818003
1.96,3.262,1.96,2.759294902,1.96,2.938906312
1.97,3.251,1.97,2.462,1.97,2.700873373
1.98,3.284,1.98,2.958294902,1.98,3.140060774
1.99,3.218,1.99,4.365294902,1.99,4.392433809
2,3.002,2,4.297705098,2,4.135576351
2.01,2.762,2.01,3.264705098,2.01,2.952524928
2.02,3.201,2.02,2.949,2.02,2.579940378
2.03,4.458,2.03,3.188705098,2.03,2.877890601
2.04,4.205,2.04,3.295705098,2.04,3.139838285
2.05,3.022,2.05,3.147294902,2.05,3.180675646
2.06,2.649,2.06,2.999294902,2.06,3.181821985
2.07,2.946,2.07,2.984,2.07,3.221313781
2.08,3.203,2.08,3.056294902,2.08,3.234917714
2.09,3.24,2.09,3.226294902,2.09,3.254460658
2.1,3.242,2.1,3.389705098,2.1,3.232236654
2.11,3.284,2.11,3.531705098,2.11,3.224050566
2.12,3.299,2.12,3.586,2.12,3.221041879
2.13,3.319,2.13,3.491705098,2.13,3.184238412
2.14,3.297,2.14,3.333705098,2.14,3.176545683
2.15,3.289,2.15,3.140294902,2.15,3.168797335
2.16,3.286,2.16,2.988294902,2.16,3.167025691
2.17,3.249,2.17,2.953,2.17,3.189156296
2.18,3.241,2.18,3.031294902,2.18,3.210058174
2.19,3.233,2.19,3.211294902,2.19,3.239810672
2.2,3.231,2.2,3.441705098,2.2,3.284354261
2.21,3.253,2.21,3.679705098,2.21,3.371542889
2.22,3.274,2.22,3.795,2.22,3.428590691
2.23,3.304,2.23,3.738705098,2.23,3.428717603
2.24,3.349,2.24,3.555705098,2.24,3.395091217
2.25,3.437,2.25,3.281294902,2.25,3.305990633
2.26,3.495,2.26,3.064294902,2.26,3.239499979
2.27,3.496,2.27,2.958,2.27,3.191431521
2.28,3.463,2.28,2.973294902,2.28,3.150533853
2.29,3.374,2.29,3.108294902,2.29,3.136566811
2.3,3.307,2.3,3.304705098,2.3,3.148205662
2.31,3.258,2.31,3.479705098,2.31,3.173482384
2.32,3.216,2.32,3.551,2.32,3.187511399
2.33,3.201,2.33,3.506705098,2.33,3.200323174
2.34,3.212,2.34,3.367705098,2.34,3.211031732
2.35,3.237,2.35,3.170294902,2.35,3.198830647
2.36,3.251,2.36,3.032294902,2.36,3.210680565
2.37,3.264,2.37,3.002,2.37,3.237479191
2.38,3.275,2.38,3.055294902,2.38,3.233345587
2.39,3.263,2.39,3.202294902,2.39,3.230267455
2.4,3.275,2.4,3.382705098,2.4,3.225160711
2.41,3.302,2.41,3.520705098,2.41,3.21314821
2.42,3.298,2.42,3.577,2.42,3.212246551
2.43,3.295,2.43,3.523705098,2.43,3.216313371
2.44,3.29,2.44,3.381705098,2.44,3.224337133
2.45,3.278,2.45,3.203294902,2.45,3.231313916
2.46,3.277,2.46,3.064294902,2.46,3.242199864
2.47,3.281,2.47,3.008,2.47,3.243077902
2.48,3.289,2.48,3.069294902,2.48,3.246955758
2.49,3.296,2.49,3.209294902,2.49,3.236904494
2.5,3.307,2.5,3.383705098,2.5,3.225923913
2.51,3.308,2.51,3.523705098,2.51,3.216026049
2.52,3.312,2.52,3.596,2.52,3.231072852
2.53,3.302,2.53,3.523705098,2.53,3.216195335
2.54,3.291,2.54,3.385705098,2.54,3.228231026
2.55,3.281,2.55,3.183294902,2.55,3.211290348
2.56,3.296,2.56,3.010294902,2.56,3.18840038
2.57,3.281,2.57,2.979,2.57,3.214466977
2.58,3.293,2.58,3.016294902,2.58,3.194553469
2.59,3.276,2.59,3.138294902,2.59,3.166798395
2.6,3.253,2.6,3.336705098,2.6,3.179924204
2.61,3.279,2.61,3.552705098,2.61,3.245698487
2.62,3.259,2.62,3.643,2.62,3.27844781
2.63,3.231,2.63,3.632705098,2.63,3.324933663
2.64,3.244,2.64,3.499705098,2.64,3.341241065
2.65,3.31,2.65,3.235294902,2.65,3.261909958
2.66,3.343,2.66,3.034294902,2.66,3.21103858
2.67,3.39,2.67,2.985,2.67,3.219263966
2.68,3.407,2.68,3.018294902,2.68,3.195771233
2.69,3.328,2.69,3.180294902,2.69,3.208300725
2.7,3.277,2.7,3.383705098,2.7,3.22644736
2.71,3.285,2.71,3.545705098,2.71,3.238345148
2.72,3.261,2.72,3.558,2.72,3.193452728
2.73,3.273,2.73,3.292705098,2.73,2.986284222
2.74,3.291,2.74,2.872705098,2.74,2.718223638
2.75,3.303,2.75,2.780294902,2.75,2.812862592
2.76,3.258,2.76,4.032294902,2.76,4.21102494
2.77,3.05,2.77,4.158,2.77,4.389322644
2.78,2.78,2.78,3.068294902,2.78,3.241330931
2.79,2.873,2.79,2.563294902,2.79,2.586806404
2.8,4.275,2.8,2.947705098,2.8,2.785816436
2.81,4.458,2.81,3.387705098,2.81,3.080255561
2.82,3.311,2.82,3.527,2.82,3.167138868
2.83,2.656,2.83,3.505705098,2.83,3.203348573
2.84,2.855,2.84,3.367705098,2.84,3.212906977
2.85,3.145,2.85,3.201294902,2.85,3.230171425
2.86,3.227,2.86,3.049294902,2.86,3.227590863
2.87,3.263,2.87,2.984,2.87,3.219365784
2.88,3.275,2.88,3.045294902,2.88,3.223266844
2.89,3.294,2.89,3.198294902,2.89,3.226203288
2.9,3.292,2.9,3.358705098,2.9,3.201313869
2.91,3.284,2.91,3.506705098,2.91,3.199424067
2.92,3.288,2.92,3.563,2.92,3.198506281
2.93,3.291,2.93,3.478705098,2.93,3.171711164
2.94,3.266,2.94,3.303705098,2.94,3.14702663
2.95,3.264,2.95,3.145294902,2.95,3.174136077
2.96,3.263,2.96,3.055294902,2.96,3.234001869
2.97,3.236,2.97,3.046,2.97,3.281676569
2.98,3.211,2.98,3.177294902,2.98,3.354953535
2.99,3.238,2.99,3.394294902,2.99,3.420867046
3,3.298,3,3.610705098,3,3.450764531
3.01,3.346,3.01,3.726705098,3.01,3.416032284
3.02,3.42,3.02,3.702,3.02,3.333810325
3.03,3.487,3.03,3.564705098,3.03,3.254193522
3.04,3.518,3.04,3.342705098,3.04,3.18312441
3.05,3.484,3.05,3.122294902,3.05,3.149316809
3.06,3.402,3.06,2.956294902,3.06,3.134439957
3.07,3.322,3.07,2.912,3.07,3.148189519
3.08,3.25,3.08,2.996294902,3.08,3.175517984
3.09,3.215,3.09,3.153294902,3.09,3.182535112
3.1,3.199,3.1,3.343705098,3.1,3.187394155
3.11,3.212,3.11,3.520705098,3.11,3.21408267
3.12,3.239,3.12,3.587,3.12,3.222786991
3.13,3.246,3.13,3.523705098,3.13,3.21662195
3.14,3.251,3.14,3.356705098,3.14,3.199551046
3.15,3.278,3.15,3.185294902,3.15,3.213443651
3.16,3.287,3.16,3.042294902,3.16,3.220415761
3.17,3.281,3.17,2.995,3.17,3.230384668
3.18,3.264,3.18,3.056294902,3.18,3.234314373
3.19,3.278,3.19,3.189294902,3.19,3.217243428
3.2,3.285,3.2,3.387705098,3.2,3.230176054
3.21,3.295,3.21,3.545705098,3.21,3.238104781
3.22,3.299,3.22,3.599,3.22,3.23408928
3.23,3.282,3.23,3.527705098,3.23,3.220144955
3.24,3.295,3.24,3.394705098,3.24,3.23706552
3.25,3.303,3.25,3.217294902,3.25,3.245006221
3.26,3.299,3.26,3.066294902,3.26,3.243983073
3.27,3.285,3.27,2.984,3.27,3.219042709
3.28,3.302,3.28,3.035294902,3.28,3.213069552
3.29,3.31,3.29,3.186294902,3.29,3.21415949
3.3,3.309,3.3,3.392705098,3.3,3.235198743
3.31,3.284,3.31,3.547705098,3.31,3.240215368
3.32,3.278,3.32,3.585,3.32,3.220212065
3.33,3.279,3.33,3.519705098,3.33,3.212215807
3.34,3.3,3.34,3.372705098,3.34,3.215210934
3.35,3.305,3.35,3.169294902,3.35,3.197360532
3.36,3.285,3.36,2.973294902,3.36,3.151711631
3.37,3.277,3.37,2.913,3.37,3.148994545
3.38,3.28,3.38,3.052294902,3.38,3.230922415
3.39,3.262,3.39,3.274294902,3.39,3.302580877
3.4,3.216,3.4,3.496705098,3.4,3.339024667
3.41,3.213,3.41,3.644705098,3.41,3.336293607
3.42,3.295,3.42,3.646,3.42,3.279768535
3.43,3.367,3.43,3.531705098,3.43,3.222789941
3.44,3.404,3.44,3.370705098,3.44,3.212138069
3.45,3.402,3.45,3.170294902,3.45,3.197692631
3.46,3.346,3.46,3.011294902,3.46,3.189276669
3.47,3.289,3.47,2.961,3.47,3.196612455
3.48,3.278,3.48,3.030294902,3.48,3.208675649
3.49,3.263,3.49,3.180294902,3.49,3.208695978
3.5,3.254,3.5,3.353705098,3.5,3.196704308
3.51,3.261,3.51,3.348705098,3.51,3.04228775
3.52,3.273,3.52,3.147,3.52,2.784917303
3.53,3.273,3.53,3.005705098,3.53,2.702920781
3.54,3.261,3.54,4.155705098,3.54,3.999797515
3.55,3.106,3.55,4.365294902,3.55,4.390100564
3.56,2.847,3.56,3.266294902,3.56,3.439549691
3.57,2.763,3.57,2.367,3.57,2.598256955
3.58,4.063,3.58,2.545294902,3.58,2.71910073
3.59,4.458,3.59,3.016294902,3.59,3.043837256
3.6,3.509,3.6,3.324705098,3.6,3.171695405
3.61,2.667,3.61,3.504705098,3.61,3.20269454
3.62,2.788,3.62,3.569,3.62,3.207322292
3.63,3.109,3.63,3.511705098,3.63,3.205420462
3.64,3.232,3.64,3.381705098,3.64,3.224708504
3.65,3.262,3.65,3.217294902,3.65,3.245400703
3.66,3.269,3.66,3.079294902,3.66,3.257164726
3.67,3.269,3.67,2.986,3.67,3.221098412
3.68,3.289,3.68,3.014294902,3.68,3.192145038
3.69,3.31,3.69,3.146294902,3.69,3.174340627
3.7,3.322,3.7,3.316705098,3.7,3.159678529
3.71,3.286,3.71,3.476705098,3.71,3.170025514
3.72,3.257,3.72,3.547,3.72,3.183179676
3.73,3.239,3.73,3.510705098,3.73,3.204137009
3.74,3.224,3.74,3.385705098,3.74,3.228924997
3.75,3.234,3.75,3.249294902,3.75,3.277460347
3.76,3.247,3.76,3.179294902,3.76,3.356720108
3.77,3.268,3.77,3.179,3.77,3.412807265
3.78,3.293,3.78,3.273294902,3.78,3.448831551
3.79,3.342,3.79,3.396294902,3.79,3.421059773
3.8,3.422,3.8,3.482705098,3.8,3.321869471
3.81,3.479,3.81,3.567705098,3.81,3.25724876
3.82,3.516,3.82,3.562,3.82,3.195100609
3.83,3.489,3.83,3.456705098,3.83,3.148289344
3.84,3.39,3.84,3.293705098,3.84,3.136424643
3.85,3.325,3.85,3.108294902,3.85,3.137169808
3.86,3.262,3.86,2.982294902,3.86,3.161564926
3.87,3.214,3.87,2.958,3.87,3.194581981
3.88,3.201,3.88,3.040294902,3.88,3.219311179
3.89,3.201,3.89,3.192294902,3.89,3.22098111
3.9,3.225,3.9,3.368705098,3.9,3.211685539
3.91,3.258,3.91,3.518705098,3.91,3.211483751
3.92,3.283,3.92,3.577,3.92,3.212408173
3.93,3.285,3.93,3.521705098,3.93,3.214423895
3.94,3.276,3.94,3.366705098,3.94,3.209467505
3.95,3.276,3.95,3.188294902,3.95,3.216447736
3.96,3.277,3.96,3.058294902,3.96,3.236349147
3.97,3.279,3.97,3.001,3.97,3.236254946
3.98,3.274,3.98,3.052294902,3.98,3.230192372
3.99,3.281,3.99,3.190294902,3.99,3.218156715
4,3.301,4,3.394705098,4,3.23707317
4.01,3.301,4.01,3.549705098,4.01,3.242049587
4.02,3.295,4.02,3.605,4.02,3.240034357
4.03,3.283,4.03,3.537705098,4.03,3.230034721
4.04,3.302,4.04,3.389705098,4.04,3.231978945
4.05,3.307,4.05,3.188294902,4.05,3.216061504
4.06,3.305,4.06,3.033294902,4.06,3.211183515
4.07,3.295,4.07,2.993,4.07,3.228230614
4.08,3.297,4.08,3.059294902,4.08,3.237203116
4.09,3.281,4.09,3.198294902,4.09,3.226227574
4.1,3.276,4.1,3.365705098,4.1,3.20825927
4.11,3.293,4.11,3.524705098,4.11,3.217234766
4.12,3.302,4.12,3.586,4.12,3.221261961
4.13,3.291,4.13,3.512705098,4.13,3.205388566
4.14,3.273,4.14,3.304705098,4.14,3.147700312
4.15,3.282,4.15,3.109294902,4.15,3.137978792
4.16,3.286,4.16,3.045294902,4.16,3.223953603
4.17,3.27,4.17,3.055,4.17,3.290682906
4.18,3.212,4.18,3.132294902,4.18,3.310272814
4.19,3.202,4.19,3.292294902,4.19,3.319592753
4.2,3.288,4.2,3.450705098,4.2,3.291976743
4.21,3.355,4.21,3.561705098,4.21,3.252853024
4.22,3.375,4.22,3.58,4.22,3.214147229
4.23,3.385,4.23,3.529705098,4.23,3.221492495
4.24,3.358,4.24,3.370705098,4.24,3.21291419
4.25,3.319,4.25,3.184294902,4.25,3.212234209
4.26,3.28,4.26,3.032294902,4.26,3.210408296
4.27,3.287,4.27,2.968,4.27,3.203455404
4.28,3.278,4.28,3.026294902,4.28,3.204526389
4.29,3.277,4.29,3.054294902,4.29,3.083042967
4.3,3.275,4.3,3.014705098,4.3,2.859440924
4.31,3.268,4.31,3.013705098,4.31,2.710422234
4.32,3.269,4.32,4.069,4.32,3.706438198
4.33,3.147,4.33,4.700705098,4.33,4.390765319
4.34,2.922,4.34,3.864705098,4.34,3.702337168
4.35,2.771,4.35,2.606294902,4.35,2.630225017
4.36,3.769,4.36,2.402294902,4.36,2.576672251
4.37,4.458,4.37,2.695,4.37,2.929686439
4.38,3.772,4.38,2.961294902,4.38,3.143646174
4.39,2.699,4.39,3.169294902,4.39,3.203688382
4.4,2.645,4.4,3.383705098,4.4,3.230361214
4.41,2.995,4.41,3.562705098,4.41,3.256695008
4.42,3.204,4.42,3.602,4.42,3.237481659
4.43,3.262,4.43,3.534705098,4.43,3.227133881
4.44,3.291,4.44,3.397705098,4.44,3.239963305
4.45,3.32,4.45,3.207294902,4.45,3.234927236
4.46,3.302,4.46,3.044294902,4.46,3.222057862
4.47,3.292,4.47,2.959,4.47,3.194227355
4.48,3.305,4.48,3.008294902,4.48,3.186388018
4.49,3.3,4.49,3.153294902,4.49,3.181620039
4.5,3.287,4.5,3.314705098,4.5,3.157927556
4.51,3.259,4.51,3.491705098,4.51,3.185077369
4.52,3.251,4.52,3.572,4.52,3.208026228
4.53,3.246,4.53,3.569705098,4.53,3.262727448
4.54,3.222,4.54,3.480705098,4.54,3.323169419
4.55,3.249,4.55,3.353294902,4.55,3.380287782
4.56,3.272,4.56,3.267294902,4.56,3.44326048
4.57,3.327,4.57,3.189,4.57,3.421406209
4.58,3.388,4.58,3.181294902,4.58,3.356023663
4.59,3.446,4.59,3.246294902,4.59,3.271214478
4.6,3.51,4.6,3.346705098,4.6,3.18696758
4.61,3.489,4.61,3.462705098,4.61,3.154108188
4.62,3.424,4.62,3.511,4.62,3.146203144
4.63,3.339,4.63,3.484705098,4.63,3.177921342
4.64,3.254,4.64,3.336705098,4.64,3.180297861
4.65,3.22,4.65,3.152294902,4.65,3.181334626
4.66,3.211,4.66,3.020294902,4.66,3.199165376
4.67,3.242,4.67,2.968,4.67,3.203940349
4.68,3.244,4.68,3.027294902,4.68,3.205830343
4.69,3.245,4.69,3.182294902,4.69,3.210708267
4.7,3.263,4.7,3.387705098,4.7,3.230510879
4.71,3.268,4.71,3.541705098,4.71,3.234369279
4.72,3.27,4.72,3.571,4.72,3.206357918
4.73,3.275,4.73,3.519705098,4.73,3.212329858
4.74,3.295,4.74,3.389705098,4.74,3.232242267
4.75,3.299,4.75,3.193294902,4.75,3.221278074
4.76,3.271,4.76,3.047294902,4.76,3.22531432
4.77,3.277,4.77,2.982,4.77,3.217270751
4.78,3.297,4.78,3.047294902,4.78,3.225218997
4.79,3.286,4.79,3.210294902,4.79,3.238195534
4.8,3.29,4.8,3.390705098,4.8,3.233148505
4.81,3.282,4.81,3.542705098,4.81,3.235109418
4.82,3.29,4.82,3.592,4.82,3.227069815
4.83,3.303,4.83,3.512705098,4.83,3.205148333
4.84,3.298,4.84,3.401705098,4.84,3.244124192
4.85,3.3,4.85,3.208294902,4.85,3.236112562
4.86,3.292,4.86,3.040294902,4.86,3.218180329
4.87,3.27,4.87,2.98,4.87,3.215227722
4.88,3.309,4.88,3.037294902,4.88,3.215187102
4.89,3.301,4.89,3.191294902,4.89,3.21928572
4.9,3.283,4.9,3.323705098,4.9,3.166562209
4.91,3.28,4.91,3.459705098,4.91,3.152821678
4.92,3.28,4.92,3.56,4.92,3.195899223
4.93,3.284,4.93,3.579705098,4.93,3.272674625
4.94,3.231,4.94,3.480705098,4.94,3.323267667
4.95,3.217,4.95,3.301294902,4.95,3.328627732
4.96,3.26,4.96,3.103294902,4.96,3.280119614
4.97,3.337,4.97,2.994,4.97,3.22798353
4.98,3.388,4.98,3.051294902,4.98,3.228150257
4.99,3.394,4.99,3.202294902,4.99,3.22951569
5,3.346,5,3.361705098,5,3.204009409
5.01,3.294,5.01,3.517705098,5.01,3.210289942
5.02,3.294,5.02,3.582,5.02,3.217336852
5.03,3.295,5.03,3.514705098,5.03,3.207423755
5.04,3.269,5.04,3.358705098,5.04,3.201538599
5.05,3.275,5.05,3.063294902,5.05,3.091983896
5.06,3.282,5.06,2.675294902,5.06,2.855389642
5.07,3.272,5.07,2.411,5.07,2.650635248
5.08,3.266,5.08,3.357294902,5.08,3.538332429
5.09,3.156,5.09,4.365294902,5.09,4.391644255
5.1,2.918,5.1,3.933705098,5.1,3.771980359
5.11,2.711,5.11,3.084705098,5.11,2.773293772
5.12,3.6,5.12,3.043,5.12,2.674123315
5.13,4.458,5.13,3.308705098,5.13,2.99918875
5.14,3.841,5.14,3.312705098,5.14,3.158082974
5.15,2.842,5.15,3.154294902,5.15,3.187453371
5.16,2.743,5.16,3.042294902,5.16,3.223712897
5.17,3.066,5.17,2.997,5.17,3.233523742
5.18,3.22,5.18,3.047294902,5.18,3.22563852
5.19,3.247,5.19,3.192294902,5.19,3.22038192
5.2,3.285,5.2,3.356705098,5.2,3.19931398
5.21,3.297,5.21,3.522705098,5.21,3.215332958
5.22,3.29,5.22,3.579,5.22,3.214403926
5.23,3.285,5.23,3.515705098,5.23,3.208471297
5.24,3.264,5.24,3.340705098,5.24,3.183617552
5.25,3.28,5.25,3.139294902,5.25,3.167742879
5.26,3.279,5.26,2.999294902,5.26,3.177891939
5.27,3.273,5.27,2.944,5.27,3.180029852
5.28,3.248,5.28,3.030294902,5.28,3.209030491
5.29,3.232,5.29,3.228294902,5.29,3.256743479
5.3,3.242,5.3,3.480705098,5.3,3.323129497
5.31,3.244,5.31,3.718705098,5.31,3.410208869
5.32,3.273,5.32,3.817,5.32,3.450134781
5.33,3.321,5.33,3.729705098,5.33,3.419292687
5.34,3.388,5.34,3.511705098,5.34,3.350905566
5.35,3.476,5.35,3.255294902,5.35,3.280059995
5.36,3.517,5.36,3.020294902,5.36,3.195896511
5.37,3.487,5.37,2.901,5.37,3.135140112
5.38,3.419,5.38,2.968294902,5.38,3.14622677
5.39,3.348,5.39,3.138294902,5.39,3.166968151
5.4,3.263,5.4,3.321705098,5.4,3.165439406
5.41,3.201,5.41,3.481705098,5.41,3.175535625
5.42,3.211,5.42,3.563,5.42,3.199291125
5.43,3.231,5.43,3.521705098,5.43,3.215023195
5.44,3.229,5.44,3.365705098,5.44,3.208858409
5.45,3.239,5.45,3.173294902,5.45,3.201712605
5.46,3.263,5.46,3.015294902,5.46,3.193637033
5.47,3.279,5.47,2.973,5.47,3.208596979
5.48,3.273,5.48,3.064294902,5.48,3.242486736
5.49,3.266,5.49,3.212294902,5.49,3.240361561
5.5,3.258,5.5,3.385705098,5.5,3.22825594
5.51,3.273,5.51,3.549705098,5.51,3.24206227
5.52,3.307,5.52,3.599,5.52,3.233959099
5.53,3.305,5.53,3.532705098,5.53,3.22502628
5.54,3.293,5.54,3.377705098,5.54,3.220105109
5.55,3.307,5.55,3.198294902,5.55,3.226112428
5.56,3.299,5.56,3.055294902,5.56,3.233148045
5.57,3.29,5.57,2.986,5.57,3.22119972
5.58,3.285,5.58,3.043294902,5.58,3.221215534
5.59,3.291,5.59,3.209294902,5.59,3.237148152
5.6,3.298,5.6,3.398705098,5.6,3.24108911
5.61,3.286,5.61,3.550705098,5.61,3.243050293
5.62,3.286,5.62,3.59,5.62,3.225034701
5.63,3.302,5.63,3.511705098,5.63,3.204101181
5.64,3.306,5.64,3.357705098,5.64,3.200246288
5.65,3.308,5.65,3.188294902,5.65,3.216344276
5.66,3.29,5.66,3.039294902,5.66,3.217447287
5.67,3.269,5.67,2.917,5.67,3.152735935
5.68,3.265,5.68,2.972294902,5.68,3.150947872
5.69,3.281,5.69,3.193294902,5.69,3.221863372
5.7,3.282,5.7,3.444705098,5.7,3.287584331
5.71,3.217,5.71,3.629705098,5.71,3.322174072
5.72,3.215,5.72,3.679,5.72,3.313537449
5.73,3.286,5.73,3.586705098,5.73,3.278028179
5.74,3.352,5.74,3.411705098,5.74,3.25289613
5.75,3.387,5.75,3.195294902,5.75,3.222146694
5.76,3.379,5.76,3.035294902,5.76,3.212575526
5.77,3.344,5.77,2.981,5.77,3.215961776
5.78,3.319,5.78,3.023294902,5.78,3.201269609
5.79,3.288,5.79,3.165294902,5.79,3.193510519
5.8,3.278,5.8,3.362705098,5.8,3.205581252
5.81,3.281,5.81,3.522705098,5.81,3.215573306
5.82,3.266,5.82,3.431,5.82,3.067165618
5.83,3.258,5.83,3.120705098,5.83,2.815693605
5.84,3.27,5.84,2.811705098,5.84,2.658811569
5.85,3.28,5.85,3.724294902,5.85,3.754645097
5.86,3.131,5.86,4.215294902,5.86,4.391017686
5.87,2.878,5.87,3.394,5.87,3.624835731
5.88,2.719,5.88,2.516294902,5.88,2.690311488
5.89,3.817,5.89,2.675294902,5.89,2.699067407
5.9,4.458,5.9,3.164705098,5.9,3.005971805
5.91,3.694,5.91,3.452705098,5.91,3.148910314
5.92,2.759,5.92,3.541,5.92,3.181723145
5.93,2.768,5.93,3.507705098,5.93,3.203731864
5.94,3.072,5.94,3.379705098,5.94,3.223680864
5.95,3.21,5.95,3.213294902,5.95,3.241756407
5.96,3.241,5.96,3.071294902,5.96,3.249346543
5.97,3.265,5.97,2.984,5.97,3.219177131
5.98,3.287,5.98,3.023294902,5.98,3.201172465
5.99,3.306,5.99,3.162294902,5.99,3.190297408
6,3.314,6,3.349705098,6,3.192489829
6.01,3.284,6.01,3.498705098,6.01,3.191718883
6.02,3.266,6.02,3.544,6.02,3.179876962
6.03,3.255,6.03,3.495705098,6.03,3.188928203
6.04,3.257,6.04,3.355705098,6.04,3.198896528
6.05,3.256,6.05,3.188294902,6.05,3.216802208
6.06,3.244,6.06,3.086294902,6.06,3.264515079
6.07,3.253,6.07,3.1,6.07,3.334900921
6.08,3.263,6.08,3.220294902,6.08,3.397074837
6.09,3.281,6.09,3.411294902,6.09,3.437126783
6.1,3.329,6.1,3.584705098,6.1,3.424296022
6.11,3.4,6.11,3.659705098,6.11,3.348948503
6.12,3.463,6.12,3.631,6.12,3.263218017
6.13,3.504,6.13,3.501705098,6.13,3.192018683
6.14,3.492,6.14,3.317705098,6.14,3.15911592
6.15,3.417,6.15,3.121294902,6.15,3.149211325
6.16,3.331,6.16,2.971294902,6.16,3.150012386
6.17,3.259,6.17,2.931,6.17,3.167407768
6.18,3.225,6.18,2.991294902,6.18,3.170507271
6.19,3.214,6.19,3.172294902,6.19,3.201350112
6.2,3.214,6.2,3.370705098,6.2,3.21409839
6.21,3.231,6.21,3.515705098,6.21,3.208866263
6.22,3.234,6.22,3.588,6.22,3.223641688
6.23,3.265,6.23,3.529705098,6.23,3.222432303
6.24,3.278,6.24,3.381705098,6.24,3.224337673
6.25,3.273,6.25,3.198294902,6.25,3.226286567
6.26,3.288,6.26,3.032294902,6.26,3.210278478
6.27,3.287,6.27,2.981,6.27,3.216305857
6.28,3.289,6.28,3.046294902,6.28,3.224297721
6.29,3.291,6.29,3.218294902,6.29,3.246211119
6.3,3.275,6.3,3.372705098,6.3,3.2152554
6.31,3.281,6.31,3.513705098,6.31,3.206270976
6.32,3.289,6.32,3.608,6.32,3.243163615
6.33,3.311,6.33,3.555705098,6.33,3.248068927
6.34,3.28,6.34,3.402705098,6.34,3.245074263
6.35,3.271,6.35,3.208294902,6.35,3.235991797
6.36,3.308,6.36,3.057294902,6.36,3.234876524
6.37,3.313,6.37,2.993,6.37,3.227935379
6.38,3.31,6.38,3.036294902,6.38,3.21406935
6.39,3.301,6.39,3.196294902,6.39,3.224151935
6.4,3.3,6.4,3.373705098,6.4,3.216230706
6.41,3.293,6.41,3.519705098,6.41,3.212321553
6.42,3.279,6.42,3.57,6.42,3.205412329
6.43,3.289,6.43,3.514705098,6.43,3.207439509
6.44,3.281,6.44,3.377705098,6.44,3.220455309
6.45,3.277,6.45,3.176294902,6.45,3.204502969
6.46,3.27,6.46,2.991294902,6.46,3.169672678
6.47,3.272,6.47,2.92,6.47,3.155868923
6.48,3.285,6.48,3.037294902,6.48,3.21583608
6.49,3.269,6.49,3.264294902,6.49,3.292553077
6.5,3.234,6.5,3.500705098,6.5,3.343008091
6.51,3.22,6.51,3.652705098,6.51,3.34431695
6.52,3.28,6.52,3.646,6.52,3.279820277
6.53,3.357,6.53,3.523705098,6.53,3.214813972
6.54,3.408,6.54,3.357705098,6.54,3.199173377
6.55,3.41,6.55,3.178294902,6.55,3.205711798
6.56,3.346,6.56,3.048294902,6.56,3.226181856
6.57,3.281,6.57,2.974,6.57,3.209467468
6.58,3.265,6.58,3.014294902,6.58,3.192562545
6.59,3.271,6.59,3.181294902,6.59,3.209526349
6.6,3.291,6.6,3.371705098,6.6,3.214494324
6.61,3.274,6.61,3.394705098,6.61,3.08804326
6.62,3.257,6.62,3.2,6.62,2.83751652
6.63,3.274,6.63,2.946705098,6.63,2.643690065
6.64,3.279,6.64,3.892705098,6.64,3.737605933
6.65,3.152,6.65,4.365294902,6.65,4.390973375
6.66,2.9,6.66,3.474294902,6.66,3.647783639
6.67,2.704,6.67,2.436,6.67,2.667438339
6.68,3.8,6.68,2.474294902,6.68,2.648335974
6.69,4.458,6.69,2.985294902,6.69,3.012147963
6.7,3.717,6.7,3.328705098,6.7,3.174983796
6.71,2.736,6.71,3.505705098,6.71,3.203802854
6.72,2.717,6.72,3.568,6.72,3.206710108
6.73,3.078,6.73,3.514705098,6.73,3.208515712
6.74,3.236,6.74,3.389705098,6.74,3.232649306
6.75,3.263,6.75,3.206294902,6.75,3.234400892
6.76,3.268,6.76,3.056294902,6.76,3.234259378
6.77,3.272,6.77,2.98,6.77,3.215212116
6.78,3.297,6.78,3.024294902,6.78,3.202231032
6.79,3.299,6.79,3.177294902,6.79,3.205336854
6.8,3.299,6.8,3.318705098,6.8,3.161624493
6.81,3.28,6.81,3.481705098,6.81,3.174860685
6.82,3.267,6.82,3.546,6.82,3.181994373
6.83,3.27,6.83,3.498705098,6.83,3.192037925
6.84,3.226,6.84,3.383705098,6.84,3.22695629
6.85,3.239,6.85,3.242294902,6.85,3.270527017
6.86,3.246,6.86,3.143294902,6.86,3.320948671
6.87,3.256,6.87,3.147,6.87,3.381157699
6.88,3.291,6.88,3.247294902,6.88,3.423236475
6.89,3.335,6.89,3.379294902,6.89,3.404524029
6.9,3.386,6.9,3.512705098,6.9,3.352188632
6.91,3.447,6.91,3.604705098,6.91,3.294281004
6.92,3.49,6.92,3.595,6.92,3.227877507
6.93,3.472,6.93,3.472705098,6.93,3.163900679
6.94,3.42,6.94,3.289705098,6.94,3.131983468
6.95,3.362,6.95,3.112294902,6.95,3.140830314
6.96,3.295,6.96,2.979294902,6.96,3.158382942
6.97,3.23,6.97,2.934,6.97,3.170625084
6.98,3.197,6.98,3.015294902,6.98,3.19451586
6.99,3.205,6.99,3.185294902,6.99,3.214196994
7,3.222,7,3.364705098,7,3.207933336
7.01,3.234,7.01,3.524705098,7.01,3.21769686
7.02,3.258,7.02,3.581,7.02,3.216511183
7.03,3.278,7.03,3.512705098,7.03,3.205463648
7.04,3.272,7.04,3.391705098,7.04,3.234380745
7.05,3.282,7.05,3.213294902,7.05,3.241246766
7.06,3.281,7.06,3.066294902,7.06,3.244140976
7.07,3.27,7.07,3,7.07,3.235066556
7.08,3.299,7.08,3.051294902,7.08,3.228971284
7.09,3.306,7.09,3.188294902,7.09,3.216041865
7.1,3.309,7.1,3.371705098,7.1,3.214147901
7.11,3.3,7.11,3.535705098,7.11,3.228210844
7.12,3.294,7.12,3.596,7.12,3.231226898
7.13,3.281,7.13,3.517705098,7.13,3.210302415
7.14,3.279,7.14,3.384705098,7.14,3.227258793
7.15,3.293,7.15,3.211294902,7.15,3.239159825
7.16,3.296,7.16,3.056294902,7.16,3.234136594
7.17,3.275,7.17,3.011,7.17,3.246078041
7.18,3.292,7.18,3.051294902,7.18,3.229002956
7.19,3.304,7.19,3.190294902,7.19,3.218038145
7.2,3.299,7.2,3.365705098,7.2,3.20816
7.21,3.311,7.21,3.522705098,7.21,3.215234237
7.22,3.294,7.22,3.58,7.22,3.2153567
7.23,3.283,7.23,3.517705098,7.23,3.210431947
7.24,3.273,7.24,3.388705098,7.24,3.231380791
7.25,3.28,7.25,3.139294902,7.25,3.167542663
7.26,3.28,7.26,2.967294902,7.26,3.14581798
7.27,3.275,7.27,2.961,7.27,3.196891365
7.28,3.296,7.28,3.085294902,7.28,3.263682171
7.29,3.232,7.29,3.293294902,7.29,3.321330581
7.3,3.21,7.3,3.500705098,7.3,3.342639474
7.31,3.261,7.31,3.604705098,7.31,3.296040894
7.32,3.328,7.32,3.589,7.32,3.222929056
7.33,3.386,7.33,3.507705098,7.33,3.199174253
7.34,3.408,7.34,3.380705098,7.34,3.22255824
7.35,3.362,7.35,3.192294902,7.35,3.220043863
7.36,3.289,7.36,3.043294902,7.36,3.221345289
7.37,3.265,7.37,2.97,7.37,3.205420721
7.38,3.288,7.38,3.028294902,7.38,3.206396343
7.39,3.285,7.39,3.188294902,7.39,3.2164237
7.4,3.286,7.4,3.288705098,7.4,3.13177486
7.41,3.27,7.41,3.245705098,7.41,2.939889997
7.42,3.271,7.42,3.056,7.42,2.694912
7.43,3.281,7.43,3.624705098,7.43,3.32046507
7.44,3.196,7.44,4.550705098,7.44,4.391830055
7.45,3.003,7.45,3.963294902,7.45,3.986473555
7.46,2.756,7.46,2.657294902,7.46,2.830901643
7.47,3.382,7.47,2.35,7.47,2.581282731
7.48,4.458,7.48,2.717294902,7.48,2.892897216
7.49,4.056,7.49,3.090294902,7.49,3.12092942
7.5,2.9,7.5,3.331705098,7.5,3.180182672
7.51,2.65,7.51,3.498705098,7.51,3.195790038
7.52,2.96,7.52,3.579,7.52,3.216305794
7.53,3.183,7.53,3.539705098,7.53,3.232973493
7.54,3.239,7.54,3.406705098,7.54,3.249456649
7.55,3.256,7.55,3.202294902,7.55,3.230236241
7.56,3.279,7.56,3.044294902,7.56,3.222113617
7.57,3.297,7.57,2.992,7.57,3.227061538
7.58,3.314,7.58,3.029294902,7.58,3.207159682
7.59,3.295,7.59,3.146294902,7.59,3.174455547
7.6,3.287,7.6,3.326705098,7.6,3.169695284
7.61,3.292,7.61,3.486705098,7.61,3.179863938
7.62,3.272,7.62,3.547,7.62,3.183041745
7.63,3.239,7.63,3.520705098,7.63,3.214018929
7.64,3.234,7.64,3.421705098,7.64,3.264664721
7.65,3.244,7.65,3.285294902,7.65,3.313098171
7.66,3.247,7.66,3.205294902,7.66,3.382295586
7.67,3.278,7.67,3.2,7.67,3.43329965
7.68,3.329,7.68,3.244294902,7.68,3.419476983
7.69,3.378,7.69,3.340294902,7.69,3.365066998
7.7,3.448,7.7,3.448705098,7.7,3.288151419
7.71,3.5,7.71,3.512705098,7.71,3.202849931
7.72,3.487,7.72,3.523,7.72,3.156939309
7.73,3.433,7.73,3.453705098,7.73,3.146025943
7.74,3.356,7.74,3.311705098,7.74,3.154869881
7.75,3.27,7.75,3.139294902,7.75,3.168360258
7.76,3.223,7.76,3.010294902,7.76,3.189428534
7.77,3.211,7.77,2.959,7.77,3.195287455
7.78,3.219,7.78,3.016294902,7.78,3.195098583
7.79,3.232,7.79,3.175294902,7.79,3.203905286
7.8,3.253,7.8,3.357705098,7.8,3.200774932
7.81,3.259,7.81,3.520705098,7.81,3.213676346
7.82,3.259,7.82,3.6,7.82,3.235514849
7.83,3.268,7.83,3.541705098,7.83,3.234357581
7.84,3.265,7.84,3.396705098,7.84,3.239216133
7.85,3.278,7.85,3.184294902,7.85,3.212168725
7.86,3.3,7.86,3.046294902,7.86,3.22412453
7.87,3.299,7.87,3.001,7.87,3.23612029
7.88,3.304,7.88,3.053294902,7.88,3.231132392
7.89,3.277,7.89,3.206294902,7.89,3.234152814
7.9,3.289,7.9,3.379705098,7.9,3.222113152
7.91,3.301,7.91,3.543705098,7.91,3.236065419
7.92,3.296,7.92,3.606,7.92,3.241045815
7.93,3.299,7.93,3.532705098,7.93,3.225069759
7.94,3.287,7.94,3.381705098,7.94,3.224109284
7.95,3.301,7.95,3.189294902,7.95,3.217128418
7.96,3.306,7.96,3.050294902,7.96,3.228159664
7.97,3.29,7.97,2.983,7.97,3.218250732
7.98,3.289,7.98,3.040294902,7.98,3.218278372
7.99,3.282,7.99,3.183294902,7.99,3.211329614
8,3.293,8,3.383705098,8,3.226293743
8.01,3.283,8.01,3.523705098,8.01,3.216341392
8.02,3.283,8.02,3.54,8.02,3.175511089
8.03,3.276,8.03,3.455705098,8.03,3.148786404
8.04,3.291,8.04,3.376705098,8.04,3.219753183
8.05,3.281,8.05,3.256294902,8.05,3.284525201
8.06,3.24,8.06,3.141294902,8.06,3.319122269
8.07,3.213,8.07,3.095,8.07,3.329513694
8.08,3.284,8.08,3.093294902,8.08,3.27002844
8.09,3.349,8.09,3.207294902,8.09,3.233963406
8.1,3.384,8.1,3.362705098,8.1,3.20427251
8.11,3.395,8.11,3.514705098,8.11,3.206712519
8.12,3.336,8.12,3.577,8.12,3.212178295
8.13,3.3,8.13,3.516705098,8.13,3.209423512
8.14,3.27,8.14,3.362705098,8.14,3.205542446
8.15,3.272,8.15,3.171294902,8.15,3.199565959
8.16,3.277,8.16,3.021294902,8.16,3.199597214
8.17,3.274,8.17,2.826,8.17,3.062192707
8.18,3.27,8.18,2.624294902,8.18,2.804795486
8.19,3.264,8.19,2.692294902,8.19,2.724700868
8.2,3.264,8.2,4.145705098,8.2,3.989581432
8.21,3.126,8.21,4.700705098,8.21,4.389895445
8.22,2.867,8.22,3.769,8.22,3.399580759
8.23,2.785,8.23,2.928705098,8.23,2.617291262
8.24,4.053,8.24,2.897705098,8.24,2.73615566
8.25,4.458,8.25,3.020294902,8.25,3.047837803
8.26,3.469,8.26,2.994294902,8.26,3.176676923
8.27,2.686,8.27,2.955,8.27,3.195544554
8.28,2.805,8.28,3.026294902,8.28,3.207247028
8.29,3.113,8.29,3.202294902,8.29,3.231309826
8.3,3.237,8.3,3.398705098,8.3,3.241547155
8.31,3.255,8.31,3.540705098,8.31,3.233307025
8.32,3.269,8.32,3.592,8.32,3.227161015
8.33,3.295,8.33,3.519705098,8.33,3.21212875
8.34,3.306,8.34,3.364705098,8.34,3.207218829
8.35,3.298,8.35,3.145294902,8.35,3.173486756
8.36,3.292,8.36,3.001294902,8.36,3.179699057
8.37,3.277,8.37,2.95,8.37,3.185864379
8.38,3.272,8.38,2.997294902,8.38,3.176010505
8.39,3.238,8.39,3.177294902,8.39,3.206018982
8.4,3.244,8.4,3.387705098,8.4,3.230794427
8.41,3.25,8.41,3.567705098,8.41,3.260475879
8.42,3.24,8.42,3.71,8.42,3.344846184
8.43,3.27,8.43,3.728705098,8.43,3.419877658
8.44,3.295,8.44,3.603705098,8.44,3.443929933
8.45,3.325,8.45,3.369294902,8.45,3.394273077
8.46,3.41,8.46,3.146294902,8.46,3.321018994
8.47,3.486,8.47,3.015,8.47,3.247390026
8.48,3.511,8.48,3.013294902,8.48,3.189293652
8.49,3.462,8.49,3.132294902,8.49,3.159419678
8.5,3.389,8.5,3.291705098,8.5,3.134456255
8.51,3.315,8.51,3.449705098,8.51,3.143174102
8.52,3.256,8.52,3.535,8.52,3.171490212
8.53,3.225,8.53,3.495705098,8.53,3.189503196
8.54,3.199,8.54,3.356705098,8.54,3.200350796
8.55,3.207,8.55,3.171294902,8.55,3.200094965
8.56,3.235,8.56,3.036294902,8.56,3.214810766
8.57,3.253,8.57,2.977,8.57,3.212645101
8.58,3.264,8.58,3.050294902,8.58,3.228487402
8.59,3.264,8.59,3.197294902,8.59,3.22538517
8.6,3.279,8.6,3.383705098,8.6,3.226278667
8.61,3.277,8.61,3.540705098,8.61,3.233203785
8.62,3.293,8.62,3.604,8.62,3.239097135
8.63,3.29,8.63,3.532705098,8.63,3.225109283
8.64,3.291,8.64,3.368705098,8.64,3.211164376
8.65,3.298,8.65,3.198294902,8.65,3.226163721
8.66,3.304,8.66,3.053294902,8.66,3.231171433
8.67,3.29,8.67,3.006,8.67,3.241164148
8.68,3.276,8.68,3.060294902,8.68,3.238113481
8.69,3.291,8.69,3.217294902,8.69,3.244979273
8.7,3.296,8.7,3.388705098,8.7,3.230959568
8.71,3.306,8.71,3.536705098,8.71,3.228967144
8.72,3.303,8.72,3.612,8.72,3.246943236
8.73,3.31,8.73,3.519705098,8.73,3.212045894
8.74,3.296,8.74,3.384705098,8.74,3.22711686
8.75,3.294,8.75,3.199294902,8.75,3.227132303
8.76,3.312,8.76,3.028294902,8.76,3.206222857
8.77,3.277,8.77,2.978,8.77,3.213357274
8.78,3.292,8.78,3.038294902,8.78,3.216340918
8.79,3.292,8.79,3.183294902,8.79,3.211404141
8.8,3.271,8.8,3.306705098,8.8,3.149712174
8.81,3.278,8.81,3.447705098,8.81,3.140971118
8.82,3.281,8.82,3.567,8.82,3.20301298
8.83,3.276,8.83,3.582705098,8.83,3.27578108
8.84,3.214,8.84,3.474705098,8.84,3.317366738
8.85,3.205,8.85,3.306294902,8.85,3.333639764
8.86,3.267,8.86,3.113294902,8.86,3.290044526
8.87,3.34,8.87,3.011,8.87,3.244869357
8.88,3.382,8.88,3.043294902,8.88,3.220079915
8.89,3.399,8.89,3.187294902,8.89,3.214480343
8.9,3.356,8.9,3.364705098,8.9,3.20698124
8.91,3.311,8.91,3.508705098,8.91,3.201336674
8.92,3.286,8.92,3.58,8.92,3.215459103
8.93,3.28,8.93,3.534705098,8.93,3.227435653
8.94,3.272,8.94,3.381705098,8.94,3.22440079
8.95,3.266,8.95,3.116294902,8.95,3.144649636
8.96,3.28,8.96,2.744294902,8.96,2.923748314
8.97,3.292,8.97,2.439,8.97,2.677876118
8.98,3.289,8.98,3.043294902,8.98,3.224890305
8.99,3.209,8.99,4.365294902,8.99,4.392285141
9,2.987,9,4.223705098,9,4.061684785
9.01,2.739,9.01,3.172705098,9.01,2.860934517
9.02,3.286,9.02,2.927,9.02,2.558341826
9.03,4.458,9.03,3.188705098,9.03,2.878629504
9.04,4.131,9.04,3.275705098,9.04,3.120659218
9.05,2.93,9.05,3.146294902,9.05,3.180209347
9.06,2.627,9.06,3.019294902,9.06,3.201912676
9.07,2.946,9.07,3.002,9.07,3.239247
9.08,3.183,9.08,3.060294902,9.08,3.238835998
9.09,3.239,9.09,3.197294902,9.09,3.225413874
9.1,3.262,9.1,3.386705098,9.1,3.229196459
9.11,3.302,9.11,3.532705098,9.11,3.225085094
9.12,3.303,9.12,3.595,9.12,3.230112641
9.13,3.29,9.13,3.508705098,9.13,3.201258843
9.14,3.294,9.14,3.337705098,9.14,3.180435807
9.15,3.29,9.15,3.155294902,9.15,3.183616344
9.16,3.295,9.16,2.996294902,9.16,3.174816912
9.17,3.266,9.17,2.949,9.17,3.184998689
9.18,3.245,9.18,3.026294902,9.18,3.204987256
9.19,3.248,9.19,3.226294902,9.19,3.25469587
9.2,3.239,9.2,3.464705098,9.2,3.307208337
9.21,3.249,9.21,3.681705098,9.21,3.37342141
9.22,3.269,9.22,3.806,9.22,3.439409922
9.23,3.319,9.23,3.738705098,9.23,3.428516511
9.24,3.372,9.24,3.523705098,9.24,3.363075252
9.25,3.439,9.25,3.264294902,9.25,3.289132037
9.26,3.506,9.26,3.054294902,9.26,3.229688122
9.27,3.496,9.27,2.949,9.27,3.182699061
9.28,3.431,9.28,2.965294902,9.28,3.14283376
9.29,3.357,9.29,3.126294902,9.29,3.154669298
9.3,3.297,9.3,3.318705098,9.3,3.162186259
9.31,3.249,9.31,3.476705098,9.31,3.17043582
9.32,3.208,9.32,3.547,9.32,3.183444801
9.33,3.219,9.33,3.485705098,9.33,3.179306986
9.34,3.226,9.34,3.347705098,9.34,3.191165092
9.35,3.234,9.35,3.169294902,9.35,3.198023146
9.36,3.247,9.36,3.040294902,9.36,3.218830002
9.37,3.243,9.37,3.003,9.37,3.238609784
9.38,3.255,9.38,3.060294902,9.38,3.238373744
9.39,3.262,9.39,3.205294902,9.39,3.233204512
9.4,3.283,9.4,3.387705098,9.4,3.230073954
9.41,3.303,9.41,3.541705098,9.41,3.23401032
9.42,3.303,9.42,3.608,9.42,3.242990591
9.43,3.298,9.43,3.522705098,9.43,3.215081638
9.44,3.295,9.44,3.380705098,9.44,3.223120816
9.45,3.299,9.45,3.207294902,9.45,3.235100628
9.46,3.308,9.46,3.042294902,9.46,3.220155957
9.47,3.28,9.47,2.993,9.47,3.228215637
9.48,3.288,9.48,3.067294902,9.48,3.24509705
9.49,3.3,9.49,3.213294902,9.49,3.241026255
9.5,3.285,9.5,3.386705098,9.5,3.229050505
9.51,3.293,9.51,3.529705098,9.51,3.222042232
9.52,3.31,9.52,3.584,9.52,3.219077023
9.53,3.306,9.53,3.537705098,9.53,3.230136011
9.54,3.294,9.54,3.389705098,9.54,3.232171844
9.55,3.287,9.55,3.185294902,9.55,3.213235333
9.56,3.284,9.56,3.032294902,9.56,3.210282451
9.57,3.295,9.57,2.986,9.57,3.22127392
9.58,3.297,9.58,3.037294902,9.58,3.215333112
9.59,3.278,9.59,3.188294902,9.59,3.216396673
9.6,3.275,9.6,3.311705098,9.6,3.154629377
9.61,3.286,9.61,3.432705098,9.61,3.125963275
9.62,3.28,9.62,3.573,9.62,3.209012842
9.63,3.281,9.63,3.597705098,9.63,3.290717702
9.64,3.219,9.64,3.494705098,9.64,3.337244717
9.65,3.19,9.65,3.334294902,9.65,3.361427759
9.66,3.273,9.66,3.117294902,9.66,3.293757483
9.67,3.355,9.67,2.999,9.67,3.232652883
9.68,3.402,9.68,3.015294902,9.68,3.192032189
9.69,3.427,9.69,3.172294902,9.69,3.199569791
9.7,3.36,9.7,3.366705098,9.7,3.209173526
9.71,3.299,9.71,3.508705098,9.71,3.201545552
9.72,3.258,9.72,3.577,9.72,3.212633145
9.73,3.265,9.73,3.507705098,9.73,3.200605483
9.74,3.274,9.74,3.360705098,9.74,3.203593456
9.75,3.266,9.75,3.089294902,9.75,3.117956324
9.76,3.277,9.76,2.725294902,9.76,2.905129913
9.77,3.265,9.77,2.422,9.77,2.661313427
9.78,3.268,9.78,3.311294902,9.78,3.492164134
9.79,3.182,9.79,4.365294902,9.79,4.391481637
9.8,2.968,9.8,4.044705098,9.8,3.88248156
9.81,2.722,9.81,3.013705098,9.81,2.70227573
9.82,3.554,9.82,2.9,9.82,2.531712823
9.83,4.458,9.83,3.218705098,9.83,2.909946305
9.84,3.952,9.84,3.288705098,9.84,3.134931909
9.85,2.771,9.85,3.153294902,9.85,3.187749441
9.86,2.6,9.86,3.016294902,9.86,3.198834809
9.87,2.976,9.87,2.994,9.87,3.231092765
9.88,3.196,9.88,3.073294902,9.88,3.251748803
9.89,3.246,9.89,3.219294902,9.89,3.247291539
9.9,3.259,9.9,3.398705098,9.9,3.241055168
9.91,3.294,9.91,3.525705098,9.91,3.217959757
9.92,3.316,9.92,3.558,9.92,3.193100776
9.93,3.312,9.93,3.506705098,9.93,3.199304984
9.94,3.306,9.94,3.350705098,9.94,3.193517584
9.95,3.283,9.95,3.154294902,9.95,3.182750628
9.96,3.258,9.96,2.975294902,9.96,3.154007158
9.97,3.264,9.97,2.946,9.97,3.182053586
9.98,3.258,9.98,3.044294902,9.98,3.222962857
9.99,3.247,9.99,3.254294902,9.99,3.282613248
10,3.218,10,3.486705098,10,3.329036059
10.01,3.246,10.01,3.692705098,10.01,3.384122765
10.02,3.287,10.02,3.81,10.02,3.443082993
10.03,3.347,10.03,3.750705098,10.03,3.440212681
10.04,3.394,10.04,3.545705098,10.04,3.384795158
10.05,3.45,10.05,3.262294902,10.05,3.28694713
10.06,3.51,10.06,3.013294902,10.06,3.188708235
10.07,3.508,10.07,2.905,10.07,3.138907168
10.08,3.453,10.08,2.953294902,10.08,3.131135385
10.09,3.355,10.09,3.124294902,10.09,3.153066402
10.1,3.256,10.1,3.326705098,10.1,3.170545474
10.11,3.205,10.11,3.488705098,10.11,3.182586569
10.12,3.196,10.12,3.567,10.12,3.203342853
10.13,3.217,10.13,3.503705098,10.13,3.1970868
10.14,3.234,10.14,3.363705098,10.14,3.206873869
10.15,3.246,10.15,3.177294902,10.15,3.205731804
10.16,3.267,10.16,3.014294902,10.16,3.192688195
10.17,3.261,10.17,2.986,10.17,3.221613143
10.18,3.271,10.18,3.055294902,10.18,3.23346729
10.19,3.27,10.19,3.217294902,10.19,3.245314253
10.2,3.257,10.2,3.391705098,10.2,3.234200699
10.21,3.286,10.21,3.530705098,10.21,3.223077986
10.22,3.298,10.22,3.603,10.22,3.23801033
10.23,3.31,10.23,3.546705098,10.23,3.238986452
10.24,3.299,10.24,3.375705098,10.24,3.218093432
10.25,3.288,10.25,3.187294902,10.25,3.215168265
10.26,3.303,10.26,3.045294902,10.26,3.223167503
10.27,3.304,10.27,3.011,10.27,3.246135933
10.28,3.283,10.28,3.066294902,10.28,3.24411718
10.29,3.28,10.29,3.198294902,10.29,3.226086152
10.3,3.288,10.3,3.385705098,10.3,3.228034446
10.31,3.311,10.31,3.522705098,10.31,3.215065234
10.32,3.309,10.32,3.582,10.32,3.217179379
10.33,3.291,10.33,3.528705098,10.33,3.221270205
10.34,3.293,10.34,3.365705098,10.34,3.208341227
10.35,3.28,10.35,3.195294902,10.35,3.223361036
10.36,3.282,10.36,3.040294902,10.36,3.218349193
10.37,3.286,10.37,3.004,10.37,3.239262511
10.38,3.273,10.38,2.998294902,10.38,3.176440589
10.39,3.288,10.39,3.098294902,10.39,3.12676298
10.4,3.283,10.4,3.345705098,10.4,3.188898971
10.41,3.304,10.41,3.561705098,10.41,3.254756459
10.42,3.241,10.42,3.671,10.42,3.306495663
10.43,3.191,10.43,3.664705098,10.43,3.356785262
10.44,3.253,10.44,3.472705098,10.44,3.314040955
10.45,3.319,10.45,3.207294902,10.45,3.233854845
10.46,3.371,10.46,3.039294902,10.46,3.215997673
10.47,3.422,10.47,2.973,10.47,3.207381109
10.48,3.38,10.48,3.020294902,10.48,3.19800815
10.49,3.3,10.49,3.173294902,10.49,3.201458819
10.5,3.282,10.5,3.384705098,10.5,3.227490516
10.51,3.273,10.51,3.516705098,10.51,3.209522742
10.52,3.263,10.52,3.577,10.52,3.212507363
10.53,3.266,10.53,3.462705098,10.53,3.155676699
10.54,3.292,10.54,3.132705098,10.54,2.976566543
10.55,3.274,10.55,2.709294902,10.55,2.740495025
10.56,3.277,10.56,2.911294902,10.56,3.092959891
10.57,3.22,10.57,4.143,10.57,4.377362881
10.58,3.04,10.58,4.057294902,10.58,4.230136754
10.59,2.802,10.59,2.980294902,10.59,3.003036377
10.6,3.154,10.6,2.669705098,10.6,2.507896765
10.61,4.443,10.61,3.099705098,10.61,2.789009302
10.62,4.3,10.62,3.44,10.62,3.077141248
10.63,3.073,10.63,3.489705098,10.63,3.188326144
10.64,2.577,10.64,3.369705098,10.64,3.217539627
10.65,2.857,10.65,3.202294902,10.65,3.232706438
10.66,3.14,10.66,3.048294902,10.66,3.226990826
10.67,3.247,10.67,3.016,10.67,3.251295092
10.68,3.277,10.68,3.064294902,10.68,3.242058343
10.69,3.295,10.69,3.178294902,10.69,3.20608201
10.7,3.291,10.7,3.362705098,10.7,3.205179934
10.71,3.316,10.71,3.499705098,10.71,3.192312778
10.72,3.307,10.72,3.561,10.72,3.196529467
10.73,3.271,10.73,3.473705098,10.73,3.166829693
10.74,3.27,10.74,3.327705098,10.74,3.170971174
10.75,3.257,10.75,3.156294902,10.75,3.185053713
10.76,3.261,10.76,3.039294902,10.76,3.217955256
10.77,3.231,10.77,3.028,10.77,3.263692465
10.78,3.235,10.78,3.129294902,10.78,3.307137851
10.79,3.249,10.79,3.329294902,10.79,3.356401927
10.8,3.282,10.8,3.584705098,10.8,3.425444901
10.81,3.328,10.81,3.754705098,10.81,3.444539398
10.82,3.372,10.82,3.769,10.82,3.400984475
10.83,3.422,10.83,3.603705098,10.83,3.293026837
10.84,3.492,10.84,3.369705098,10.84,3.209594642
10.85,3.512,10.85,3.148294902,10.85,3.174580304
10.86,3.469,10.86,2.962294902,10.86,3.139789128
10.87,3.361,10.87,2.905,10.87,3.140830635
10.88,3.277,10.88,2.978294902,10.88,3.157383483
10.89,3.241,10.89,3.150294902,10.89,3.179518401
10.9,3.205,10.9,3.346705098,10.9,3.190468529
10.91,3.205,10.91,3.498705098,10.91,3.192268098
10.92,3.221,10.92,3.578,10.92,3.213980229
10.93,3.243,10.93,3.529705098,10.93,3.222720001
10.94,3.254,10.94,3.376705098,10.94,3.219558716
10.95,3.256,10.95,3.207294902,10.95,3.235377464
10.96,3.278,10.96,3.042294902,10.96,3.220262949
10.97,3.287,10.97,2.993,10.97,3.228203659
10.98,3.284,10.98,3.046294902,10.98,3.22419573
10.99,3.3,10.99,3.180294902,10.99,3.208238852
11,3.285,11,3.382705098,11,3.225278222
11.01,3.293,11.01,3.534705098,11.01,3.227250435
11.02,3.289,11.02,3.592,11.02,3.227254776
11.03,3.273,11.03,3.540705098,11.03,3.233219683
11.04,3.29,11.04,3.397705098,11.04,3.240093275
11.05,3.292,11.05,3.213294902,11.05,3.241030385
11.06,3.292,11.06,3.049294902,11.06,3.227030572
11.07,3.298,11.07,3.008,11.07,3.242967143
11.08,3.305,11.08,3.046294902,11.08,3.224002525
11.09,3.306,11.09,3.189294902,11.09,3.217093143
11.1,3.292,11.1,3.387705098,11.1,3.230136329
11.11,3.308,11.11,3.526705098,11.11,3.219167609
11.12,3.289,11.12,3.581,11.12,3.216274488
11.13,3.282,11.13,3.517705098,11.13,3.210329606
11.14,3.295,11.14,3.317705098,11.14,3.160553969
11.15,3.284,11.15,3.124294902,11.15,3.152860753
11.16,3.281,11.16,3.025294902,11.16,3.203922709
11.17,3.275,11.17,3.035,11.17,3.270710414
11.18,3.225,11.18,3.131294902,11.18,3.309323125
11.19,3.217,11.19,3.286294902,11.19,3.31371818
11.2,3.268,11.2,3.442705098,11.2,3.28419383
11.21,3.335,11.21,3.551705098,11.21,3.243030605
11.22,3.374,11.22,3.588,11.22,3.222213923
11.23,3.379,11.23,3.522705098,11.23,3.214583232
11.24,3.35,11.24,3.354705098,11.24,3.197044491
11.25,3.309,11.25,3.169294902,11.25,3.197391751
11.26,3.288,11.26,3.022294902,11.26,3.200565279
11.27,3.28,11.27,2.977,11.27,3.212608796
11.28,3.262,11.28,3.022294902,11.28,3.200668576
11.29,3.262,11.29,3.074294902,11.29,3.103043314
11.3,3.265,11.3,3.045705098,11.3,2.89026
11.31,3.277,11.31,3.016705098,11.31,2.713190333
11.32,3.265,11.32,4.002,11.32,3.639506102
11.33,3.167,11.33,4.700705098,11.33,4.390815166
11.34,2.953,11.34,3.879705098,11.34,3.717406221
11.35,2.774,11.35,2.680294902,11.35,2.704126363
11.36,3.702,11.36,2.440294902,11.36,2.614438519
11.37,4.458,11.37,2.724,11.37,2.958073438
11.38,3.787,11.38,2.959294902,11.38,3.141040113
11.39,2.773,11.39,3.155294902,11.39,3.189194708
11.4,2.683,11.4,3.356705098,11.4,3.203265669
11.41,3.024,11.41,3.519705098,11.41,3.213918494
11.42,3.202,11.42,3.607,11.42,3.242799762
11.43,3.248,11.43,3.567705098,11.43,3.260314668
11.44,3.264,11.44,3.397705098,11.44,3.240090561
11.45,3.277,11.45,3.200294902,11.45,3.22797606
11.46,3.307,11.46,3.028294902,11.46,3.20599861
11.47,3.325,11.47,2.956,11.47,3.191198695
11.48,3.305,11.48,3.004294902,11.48,3.18250593
11.49,3.293,11.49,3.137294902,11.49,3.165801401
11.5,3.271,11.5,3.328705098,11.5,3.172026063
11.51,3.256,11.51,3.498705098,11.51,3.192085226
11.52,3.247,11.52,3.594,11.52,3.229935939
11.53,3.23,11.53,3.580705098,11.53,3.273578473
11.54,3.236,11.54,3.488705098,11.54,3.330925307
11.55,3.256,11.55,3.388294902,11.55,3.414960748
11.56,3.294,11.56,3.256294902,11.56,3.432004562
11.57,3.338,11.57,3.156,11.57,3.388367115
11.58,3.396,11.58,3.155294902,11.58,3.33012931
11.59,3.481,11.59,3.236294902,11.59,3.261390113
11.6,3.499,11.6,3.368705098,11.6,3.20919569
11.61,3.456,11.61,3.477705098,11.61,3.169235108
11.62,3.398,11.62,3.521,11.62,3.156160929
11.63,3.329,11.63,3.462705098,11.63,3.155862948
11.64,3.276,11.64,3.327705098,11.64,3.171234206
11.65,3.235,11.65,3.153294902,11.65,3.18235349
11.66,3.221,11.66,3.025294902,11.66,3.204224099
11.67,3.22,11.67,2.978,11.67,3.213999994
11.68,3.235,11.68,3.045294902,11.68,3.223732196
11.69,3.246,11.69,3.183294902,11.69,3.211570763
11.7,3.268,11.7,3.360705098,11.7,3.203483609
11.71,3.278,11.71,3.506705098,11.71,3.199498845
11.72,3.288,11.72,3.573,11.72,3.208518094
11.73,3.276,11.73,3.543705098,11.73,3.236467092
11.74,3.268,11.74,3.387705098,11.74,3.23039299
11.75,3.264,11.75,3.203294902,11.75,3.231283129
11.76,3.273,11.76,3.052294902,11.76,3.230160701
11.77,3.301,11.77,3.002,11.77,3.237045781
11.78,3.295,11.78,3.058294902,11.78,3.236046005
11.79,3.296,11.79,3.198294902,11.79,3.226061885
11.8,3.295,11.8,3.399705098,11.8,3.242018339
11.81,3.302,11.81,3.520705098,11.81,3.213085349
11.82,3.301,11.82,3.583,11.82,3.218160058
11.83,3.291,11.83,3.562705098,11.83,3.25508486
11.84,3.307,11.84,3.387705098,11.84,3.230069464
11.85,3.278,11.85,3.186294902,11.85,3.214180755
11.86,3.283,11.86,3.008294902,11.86,3.186286492
11.87,3.32,11.87,2.899,11.87,3.134616173
11.88,3.295,11.88,2.970294902,11.88,3.149037053
11.89,3.279,11.89,3.202294902,11.89,3.23103642
11.9,3.251,11.9,3.448705098,11.9,3.291734835
11.91,3.199,11.91,3.627705098,11.91,3.320210154
11.92,3.213,11.92,3.683,11.92,3.317486292
11.93,3.295,11.93,3.580705098,11.93,3.271992565
11.94,3.356,11.94,3.387705098,11.94,3.22899068
11.95,3.385,11.95,3.184294902,11.95,3.211300001
11.96,3.383,11.96,3.029294902,11.96,3.206744329
11.97,3.338,11.97,2.988,11.97,3.223119219
11.98,3.295,11.98,3.046294902,11.98,3.224313399
11.99,3.277,11.99,3.185294902,11.99,3.213381111
12,3.272,12,3.355705098,12,3.198436303
12.01,3.288,12.01,3.489705098,12.01,3.182534111
12.02,3.289,12.02,3.395,12.02,3.031294676
12.03,3.278,12.03,3.095705098,12.03,2.791011338
12.04,3.263,12.04,3.019705098,12.04,2.866388322
12.05,3.247,12.05,4.029294902,12.05,4.057996286
12.06,3.095,12.06,4.146294902,12.06,4.320517589
12.07,2.853,12.07,3.057,12.07,3.287518626
12.08,2.927,12.08,2.482294902,12.08,2.656013264
12.09,4.122,12.09,2.768294902,12.09,2.792219574
12.1,4.389,12.1,3.210705098,12.1,3.05315995
12.11,3.357,12.11,3.452705098,12.11,3.149834217
12.12,2.725,12.12,3.544,12.12,3.184299122
12.13,2.861,12.13,3.515705098,12.13,3.211138761
12.14,3.118,12.14,3.371705098,12.14,3.215486961
12.15,3.21,12.15,3.212294902,12.15,3.240748547
12.16,3.244,12.16,3.061294902,12.16,3.23937789
12.17,3.273,12.17,3.012,12.17,3.247109692
12.18,3.279,12.18,3.051294902,12.18,3.229026987
12.19,3.305,12.19,3.172294902,12.19,3.200081554
12.2,3.304,12.2,3.339705098,12.2,3.182309457
12.21,3.312,12.21,3.481705098,12.21,3.174564677
12.22,3.294,12.22,3.548,12.22,3.1838168
12.23,3.265,12.23,3.485705098,12.23,3.179018419
12.24,3.247,12.24,3.358705098,12.24,3.202014866
12.25,3.239,12.25,3.218294902,12.25,3.246762944
12.26,3.248,12.26,3.128294902,12.26,3.306243434
12.27,3.243,12.27,3.13,12.27,3.364527818
12.28,3.266,12.28,3.240294902,12.28,3.416583302
12.29,3.311,12.29,3.390294902,12.29,3.415729027
12.3,3.371,12.3,3.539705098,12.3,3.379192843
12.31,3.43,12.31,3.596705098,12.31,3.286258354
12.32,3.483,12.32,3.583,12.32,3.215834703
12.33,3.483,12.33,3.488705098,12.33,3.179766094
12.34,3.447,12.34,3.311705098,12.34,3.153805498
12.35,3.354,12.35,3.117294902,12.35,3.145740435
12.36,3.283,12.36,2.975294902,12.36,3.154277281
12.37,3.246,12.37,2.944,12.37,3.18043164
12.38,3.219,12.38,3.023294902,12.38,3.202353866
12.39,3.21,12.39,3.168294902,12.39,3.197189353
12.4,3.218,12.4,3.361705098,12.4,3.204956964
12.41,3.244,12.41,3.521705098,12.41,3.214716023
12.42,3.266,12.42,3.599,12.42,3.234499017
12.43,3.261,12.43,3.526705098,12.43,3.219428724
12.44,3.269,12.44,3.369705098,12.44,3.212365644
12.45,3.279,12.45,3.192294902,12.45,3.220301993
12.46,3.299,12.46,3.039294902,12.46,3.217289736
12.47,3.284,12.47,2.99,12.47,3.225325591
12.48,3.277,12.48,3.065294902,12.48,3.243231178
12.49,3.285,12.49,3.208294902,12.49,3.236136858
12.5,3.282,12.5,3.392705098,12.5,3.235078024
12.51,3.29,12.51,3.536705098,12.51,3.229030455
12.52,3.308,12.52,3.598,12.52,3.232998409
12.53,3.301,12.53,3.531705098,12.53,3.224073425
12.54,3.3,12.54,3.374705098,12.54,3.217148274
12.55,3.294,12.55,3.195294902,12.55,3.223195415
12.56,3.298,12.56,3.046294902,12.56,3.224214993
12.57,3.289,12.57,2.983,12.57,3.218274437
12.58,3.282,12.58,3.033294902,12.58,3.211325774
12.59,3.288,12.59,3.164294902,12.59,3.192424019
12.6,3.289,12.6,3.322705098,12.6,3.165652242
12.61,3.283,12.61,3.487705098,12.61,3.180824975
12.62,3.276,12.62,3.615,12.62,3.250698532
12.63,3.257,12.63,3.598705098,12.63,3.291384849
12.64,3.23,12.64,3.471705098,12.64,3.313906421
12.65,3.245,12.65,3.289294902,12.65,3.316308183
12.66,3.315,12.66,3.081294902,12.66,3.257995998
12.67,3.356,12.67,2.999,12.67,3.233057426
12.68,3.379,12.68,3.035294902,12.68,3.212363
12.69,3.382,12.69,3.184294902,12.69,3.211764113
12.7,3.324,12.7,3.362705098,12.7,3.20520638
12.71,3.299,12.71,3.506705098,12.71,3.199443257
12.72,3.278,12.72,3.568,12.72,3.203565654
12.73,3.277,12.73,3.492705098,12.73,3.185676033
12.74,3.27,12.74,3.167705098,12.74,3.011472618
12.75,3.264,12.75,2.716294902,12.75,2.747287401
12.76,3.268,12.76,2.676294902,12.76,2.85863944
12.77,3.25,12.77,3.941,12.77,4.17679788
12.78,3.075,12.78,4.081294902,12.78,4.255590827
12.79,2.809,12.79,3.171294902,12.79,3.194879576
12.8,2.919,12.8,2.820705098,12.8,2.659184365
12.81,4.241,12.81,3.161705098,12.81,2.850128482
12.82,4.324,12.82,3.485,12.82,3.120280238
12.83,3.264,12.83,3.484705098,12.83,3.181574125
12.84,2.728,12.84,3.356705098,12.84,3.203591322
12.85,2.919,12.85,3.174294902,12.85,3.204464537
12.86,3.185,12.86,3.031294902,12.86,3.210060183
12.87,3.242,12.87,2.989,12.87,3.224649217
12.88,3.264,12.88,3.056294902,12.88,3.234424427
12.89,3.267,12.89,3.203294902,12.89,3.231298681
12.9,3.274,12.9,3.362705098,12.9,3.205286932
12.91,3.289,12.91,3.503705098,12.91,3.196337425
12.92,3.299,12.92,3.557,12.92,3.192462739
12.93,3.296,12.93,3.480705098,12.93,3.173703026
12.94,3.27,12.94,3.329705098,12.94,3.17293574
12.95,3.261,12.95,3.153294902,12.95,3.18203014
12.96,3.257,12.96,3.019294902,12.96,3.198026339
12.97,3.238,12.97,3,12.97,3.235857567
12.98,3.237,12.98,3.105294902,12.98,3.283424796
12.99,3.246,12.99,3.348294902,12.99,3.375621752
13,3.262,13,3.608705098,13,3.449559396
13.01,3.3,13.01,3.765705098,13.01,3.455532767
13.02,3.348,13.02,3.766,13.02,3.3978792
13.03,3.441,13.03,3.608705098,13.03,3.29780588
13.04,3.516,13.04,3.381705098,13.04,3.22140101
13.05,3.523,13.05,3.133294902,13.05,3.159540974
13.06,3.466,13.06,2.957294902,13.06,3.134812837
13.07,3.366,13.07,2.92,13.07,3.155782858
13.08,3.289,13.08,2.982294902,13.08,3.161339991
13.09,3.226,13.09,3.144294902,13.09,3.173546651
13.1,3.2,13.1,3.340705098,13.1,3.184460764
13.11,3.22,13.11,3.503705098,13.11,3.197220272
13.12,3.225,13.12,3.569,13.12,3.205027431
13.13,3.237,13.13,3.514705098,13.13,3.207842294
13.14,3.248,13.14,3.381705098,13.14,3.224637265
13.15,3.261,13.15,3.197294902,13.15,3.22547178
13.16,3.269,13.16,3.053294902,13.16,3.231333967
13.17,3.272,13.17,3.005,13.17,3.240192121
13.18,3.289,13.18,3.050294902,13.18,3.228109275
13.19,3.29,13.19,3.199294902,13.19,3.227097411
13.2,3.296,13.2,3.378705098,13.2,3.221112847
13.21,3.305,13.21,3.519705098,13.21,3.212187441
13.22,3.293,13.22,3.589,13.22,3.224250473
13.23,3.292,13.23,3.551705098,13.23,3.244187397
13.24,3.286,13.24,3.402705098,13.24,3.245117096
13.25,3.277,13.25,3.198294902,13.25,3.226098021
13.26,3.289,13.26,3.053294902,13.26,3.231022608
13.27,3.309,13.27,2.998,13.27,3.232986446
13.28,3.31,13.28,3.039294902,13.28,3.217092985
13.29,3.291,13.29,3.193294902,13.29,3.22118776
13.3,3.296,13.3,3.358705098,13.3,3.201286026
13.31,3.298,13.31,3.507705098,13.31,3.200407905
13.32,3.282,13.32,3.575,13.32,3.210498501
13.33,3.286,13.33,3.470705098,13.33,3.1637115
13.34,3.266,13.34,3.317705098,13.34,3.160951793
13.35,3.265,13.35,3.198294902,13.35,3.226852219
13.36,3.275,13.36,3.118294902,13.36,3.296474366
13.37,3.228,13.37,3.098,13.37,3.332992747
13.38,3.225,13.38,3.137294902,13.38,3.314395684
13.39,3.291,13.39,3.226294902,13.39,3.253024425
13.4,3.361,13.4,3.392705098,13.4,3.233986281
13.41,3.398,13.41,3.538705098,13.41,3.230240287
13.42,3.38,13.42,3.588,13.42,3.222673768
13.43,3.319,13.43,3.512705098,13.43,3.205108447
13.44,3.3,13.44,3.357705098,13.44,3.200321268
13.45,3.296,13.45,3.179294902,13.45,3.207431282
13.46,3.288,13.46,3.020294902,13.46,3.198561543
13.47,3.27,13.47,2.977,13.47,3.212605217
13.48,3.265,13.48,2.935294902,13.48,3.113968282
13.49,3.272,13.49,2.854294902,13.49,2.884220825
13.5,3.263,13.5,2.780705098,13.5,2.627518126
13.51,3.277,13.51,3.773705098,13.51,3.469450814
13.52,3.178,13.52,4.758,13.52,4.391803921
13.53,2.947,13.53,4.149705098,13.53,3.837966473
13.54,2.688,13.54,2.956705098,13.54,2.795310922
13.55,3.531,13.55,2.648294902,13.55,2.672059307
13.56,4.458,13.56,2.797294902,13.56,2.972952782
13.57,3.907,13.57,2.915,13.57,3.152864391
13.58,2.864,13.58,2.992294902,13.58,3.175543045
13.59,2.741,13.59,3.166294902,13.59,3.197992541
13.6,3.04,13.6,3.367705098,13.6,3.211882393
13.61,3.215,13.61,3.527705098,13.61,3.220913712
13.62,3.235,13.62,3.582,13.62,3.217649695
13.63,3.259,13.63,3.533705098,13.63,3.226428593
13.64,3.275,13.64,3.398705098,13.64,3.241243066
13.65,3.285,13.65,3.194294902,13.65,3.222196005
13.66,3.282,13.66,3.009294902,13.66,3.187326212
13.67,3.291,13.67,2.946,13.67,3.181467054
13.68,3.306,13.68,2.972294902,13.68,3.150765627
13.69,3.287,13.69,3.121294902,13.69,3.150128002
13.7,3.252,13.7,3.356705098,13.7,3.20021868
13.71,3.246,13.71,3.528705098,13.71,3.222085472
13.72,3.215,13.72,3.614,13.72,3.249819274
13.73,3.214,13.73,3.621705098,13.73,3.314173618
13.74,3.264,13.74,3.576705098,13.74,3.418109636
13.75,3.286,13.75,3.432294902,13.75,3.458083201
13.76,3.314,13.76,3.247294902,13.76,3.422281261
13.77,3.379,13.77,3.128,13.77,3.359831045
13.78,3.484,13.78,3.101294902,13.78,3.275965448
13.79,3.525,13.79,3.181294902,13.79,3.206789993
13.8,3.49,13.8,3.310705098,13.8,3.151998223
13.81,3.428,13.81,3.439705098,13.81,3.132152192
13.82,3.344,13.82,3.513,13.82,3.148999913
13.83,3.274,13.83,3.468705098,13.83,3.162466257
13.84,3.218,13.84,3.351705098,13.84,3.195526939
13.85,3.197,13.85,3.170294902,13.85,3.199350783
13.86,3.213,13.86,3.031294902,13.86,3.210047593
13.87,3.226,13.87,2.987,13.87,3.222755902
13.88,3.259,13.88,3.028294902,13.88,3.206578291
13.89,3.263,13.89,3.177294902,13.89,3.205534846
13.9,3.274,13.9,3.372705098,13.9,3.215467295
13.91,3.287,13.91,3.519705098,13.91,3.212455324
13.92,3.271,13.92,3.591,13.92,3.226439988
13.93,3.27,13.93,3.539705098,13.93,3.232337696
13.94,3.28,13.94,3.399705098,13.94,3.242191964
13.95,3.277,13.95,3.192294902,13.95,3.220172666
13.96,3.291,13.96,3.045294902,13.96,3.223128842
13.97,3.297,13.97,3.012,13.97,3.247045545
13.98,3.307,13.98,3.046294902,13.98,3.224077335
13.99,3.285,13.99,3.186294902,13.99,3.214188258
14,3.288,14,3.384705098,14,3.227160029
14.01,3.312,14.01,3.546705098,14.01,3.239096422
14.02,3.289,14.02,3.595,14.02,3.230164348
14.03,3.279,14.03,3.533705098,14.03,3.226156777
14.04,3.292,14.04,3.401705098,14.04,3.244037999
14.05,3.304,14.05,3.208294902,14.05,3.236002496
14.06,3.295,14.06,3.028294902,14.06,3.206133028
14.07,3.291,14.07,2.982,14.07,3.217183726
14.08,3.309,14.08,3.048294902,14.08,3.226182947
14.09,3.301,14.09,3.182294902,14.09,3.210317471
14.1,3.271,14.1,3.304705098,14.1,3.147668992
14.11,3.282,14.11,3.439705098,14.11,3.132959194
14.12,3.291,14.12,3.563,14.12,3.199032322
14.13,3.275,14.13,3.588705098,14.13,3.281816348
14.14,3.212,14.14,3.489705098,14.14,3.332339162
14.15,3.197,14.15,3.301294902,14.15,3.328624522
14.16,3.263,14.16,3.106294902,14.16,3.28302512
14.17,3.346,14.17,3.004,14.17,3.237861186
14.18,3.397,14.18,3.039294902,14.18,3.216110897
14.19,3.394,14.19,3.190294902,14.19,3.217559072
14.2,3.349,14.2,3.383705098,14.2,3.225965536
14.21,3.304,14.21,3.512705098,14.21,3.205278039
14.22,3.282,14.22,3.568,14.22,3.203420214
14.23,3.283,14.23,3.506705098,14.23,3.199490753
14.24,3.291,14.24,3.380705098,14.24,3.223470683
14.25,3.27,14.25,3.106294902,14.25,3.134834295
14.26,3.268,14.26,2.727294902,14.26,2.907016422
14.27,3.264,14.27,2.428,14.27,2.667140369
14.28,3.288,14.28,3.063294902,14.28,3.244964667
14.29,3.199,14.29,4.365294902,14.29,4.392356398
14.3,2.97,14.3,4.198705098,14.3,4.036815626
14.31,2.728,14.31,3.205705098,14.31,2.893867283
14.32,3.306,14.32,2.973,14.32,2.604049683
14.33,4.458,14.33,3.210705098,14.33,2.900331181
14.34,4.106,14.34,3.291705098,14.34,3.136298304
14.35,2.963,14.35,3.159294902,14.35,3.19269693
14.36,2.673,14.36,3.010294902,14.36,3.192565399
14.37,2.968,14.37,2.98,14.37,3.217167877
14.38,3.199,14.38,3.060294902,14.38,3.238843049
14.39,3.252,14.39,3.204294902,14.39,3.23245653
14.4,3.253,14.4,3.390705098,14.4,3.23327555
14.41,3.28,14.41,3.514705098,14.41,3.207200101
14.42,3.303,14.42,3.551,14.42,3.186313572
14.43,3.297,14.43,3.507705098,14.43,3.200462639
14.44,3.298,14.44,3.351705098,14.44,3.194612222
14.45,3.272,14.45,3.151294902,14.45,3.179825781
14.46,3.251,14.46,2.995294902,14.46,3.173959925
14.47,3.265,14.47,2.951,14.47,3.186959221
14.48,3.259,14.48,3.035294902,14.48,3.213908114
14.49,3.244,14.49,3.225294902,14.49,3.253676428
14.5,3.238,14.5,3.460705098,14.5,3.30318881
14.51,3.251,14.51,3.681705098,14.51,3.373397649
14.52,3.278,14.52,3.814,14.52,3.447362339
14.53,3.318,14.53,3.741705098,14.53,3.431492996
14.54,3.368,14.54,3.535705098,14.54,3.375000607
14.55,3.439,14.55,3.268294902,14.55,3.293025861
14.56,3.514,14.56,3.043294902,14.56,3.218625201
14.57,3.499,14.57,2.938,14.57,3.171710765
14.58,3.443,14.58,2.962294902,14.58,3.139868621
14.59,3.361,14.59,3.113294902,14.59,3.141803
14.6,3.286,14.6,3.326705098,14.6,3.170304439
14.61,3.238,14.61,3.496705098,14.61,3.190431946
14.62,3.205,14.62,3.55,14.62,3.186386178
14.63,3.206,14.63,3.506705098,14.63,3.200153902
14.64,3.234,14.64,3.369705098,14.64,3.212873607
14.65,3.254,14.65,3.186294902,14.65,3.214696264
14.66,3.25,14.66,3.037294902,14.66,3.21559415
14.67,3.264,14.67,2.984,14.67,3.219459901
14.68,3.277,14.68,3.040294902,14.68,3.218384825
14.69,3.279,14.69,3.186294902,14.69,3.214376968
14.7,3.28,14.7,3.372705098,14.7,3.215372926
14.71,3.284,14.71,3.537705098,14.71,3.230313621
14.72,3.283,14.72,3.601,14.72,3.236246872
14.73,3.279,14.73,3.532705098,14.73,3.225219762
14.74,3.28,14.74,3.392705098,14.74,3.235136894
14.75,3.295,14.75,3.212294902,14.75,3.240037996
14.76,3.301,14.76,3.055294902,14.76,3.233026308
14.77,3.29,14.77,2.999,14.77,3.234034413
14.78,3.3,14.78,3.047294902,14.78,3.225034123
14.79,3.305,14.79,3.204294902,14.79,3.232045688
14.8,3.298,14.8,3.389705098,14.8,3.232077319
14.81,3.299,14.81,3.540705098,14.81,3.233077409
14.82,3.29,14.82,3.597,14.82,3.23208551
14.83,3.297,14.83,3.526705098,14.83,3.219109049
14.84,3.297,14.84,3.373705098,14.84,3.216171897
14.85,3.298,14.85,3.190294902,14.85,3.21822677
14.86,3.297,14.86,3.036294902,14.86,3.214301651
14.87,3.284,14.87,2.984,14.87,3.21935312
14.88,3.281,14.88,3.031294902,14.88,3.209392636
14.89,3.283,14.89,3.145294902,14.89,3.173562101
14.9,3.279,14.9,3.308705098,14.9,3.151825581
14.91,3.284,14.91,3.486705098,14.91,3.179962342
14.92,3.274,14.92,3.628,14.92,3.263788901
14.93,3.238,14.93,3.612705098,14.93,3.305412973
14.94,3.216,14.94,3.484705098,14.94,3.326808599
14.95,3.244,14.95,3.276294902,14.95,3.303206235
14.96,3.328,14.96,3.064294902,14.96,3.2409564
14.97,3.37,14.97,3.008,14.97,3.24203297
14.98,3.392,14.98,3.048294902,14.98,3.225342804
14.99,3.369,14.99,3.175294902,14.99,3.202831763
15,3.307,15,3.359705098,15,3.202234439
15.01,3.308,15.01,3.514705098,15.01,3.207371906
15.02,3.291,15.02,3.591,15.02,3.22643925
15.03,3.268,15.03,3.506705098,15.03,3.199546621
15.04,3.267,15.04,3.311705098,15.04,3.154739816
15.05,3.272,15.05,2.950294902,15.05,2.979621912
15.06,3.291,15.06,2.527294902,15.06,2.708597245
15.07,3.264,15.07,2.846,15.07,3.085160748
15.08,3.219,15.08,4.169294902,15.08,4.346634253
15.09,3.043,15.09,4.197294902,15.09,4.220443476
15.1,2.77,15.1,3.196705098,15.1,3.034233318
15.11,3.146,15.11,2.859705098,15.11,2.547810384
15.12,4.412,15.12,3.187,15.12,2.818774564
15.13,4.29,15.13,3.405705098,15.13,3.099693301
15.14,3.104,15.14,3.342705098,15.14,3.190825867
15.15,2.617,15.15,3.158294902,15.15,3.191263448
15.16,2.887,15.16,3.027294902,15.16,3.207685836
15.17,3.163,15.17,3.003,15.17,3.239040687
15.18,3.25,15.18,3.044294902,15.18,3.222551013
15.19,3.251,15.19,3.195294902,15.19,3.223401575
15.2,3.27,15.2,3.401705098,15.2,3.244172282
15.21,3.303,15.21,3.543705098,15.21,3.236049751
15.22,3.287,15.22,3.555,15.22,3.190239657
15.23,3.288,15.23,3.484705098,15.23,3.177416192
15.24,3.309,15.24,3.335705098,15.24,3.17859207
15.25,3.301,15.25,3.140294902,15.25,3.168891542
15.26,3.255,15.26,2.987294902,15.26,3.16617221
15.27,3.242,15.27,2.962,15.27,3.198144581
15.28,3.243,15.28,3.082294902,15.28,3.260817686
15.29,3.233,15.29,3.288294902,15.29,3.31627539
15.3,3.23,15.3,3.545705098,15.3,3.38741019
15.31,3.262,15.31,3.735705098,15.31,3.426375024
15.32,3.325,15.32,3.807,15.32,3.43940999
15.33,3.381,15.33,3.666705098,15.33,3.356019861
15.34,3.453,15.34,3.450705098,15.34,3.290108158
15.35,3.493,15.35,3.208294902,15.35,3.233704056
15.36,3.507,15.36,3.010294902,15.36,3.18664765
15.37,3.424,15.37,2.923,15.37,3.157766998
15.38,3.358,15.38,2.953294902,15.38,3.131665714
15.39,3.301,15.39,3.132294902,15.39,3.161190027
15.4,3.253,15.4,3.338705098,15.4,3.182407703
15.41,3.223,15.41,3.486705098,15.41,3.180444634
15.42,3.196,15.42,3.573,15.42,3.209248434
15.43,3.225,15.43,3.509705098,15.43,3.202968445
15.44,3.246,15.44,3.380705098,15.44,3.223720051
15.45,3.244,15.45,3.189294902,15.45,3.217578481
15.46,3.273,15.46,3.025294902,15.46,3.203483584
15.47,3.267,15.47,2.984,15.47,3.219440008
15.48,3.288,15.48,3.044294902,15.48,3.222360722
15.49,3.282,15.49,3.205294902,15.49,3.233321719
15.5,3.268,15.5,3.392705098,15.5,3.235251313
15.51,3.284,15.51,3.532705098,15.51,3.225164522
15.52,3.287,15.52,3.596,15.52,3.231117036
15.53,3.298,15.53,3.530705098,15.53,3.223112803
15.54,3.3,15.54,3.387705098,15.54,3.230124533
15.55,3.29,15.55,3.198294902,15.55,3.226160204
15.56,3.296,15.56,3.045294902,15.56,3.22316802
15.57,3.288,15.57,3.017,15.57,3.252085228
15.58,3.295,15.58,3.070294902,15.58,3.247986956
15.59,3.291,15.59,3.195294902,15.59,3.223015152
15.6,3.288,15.6,3.387705098,15.6,3.229998999
15.61,3.317,15.61,3.532705098,15.61,3.224990175
15.62,3.313,15.62,3.604,15.62,3.239041473
15.63,3.288,15.63,3.530705098,15.63,3.223140725
15.64,3.295,15.64,3.352705098,15.64,3.195251005
15.65,3.29,15.65,3.188294902,15.65,3.216305521
15.66,3.304,15.66,2.968294902,15.66,3.146616605
15.67,3.288,15.67,2.927,15.67,3.162919621
15.68,3.26,15.68,3.036294902,15.68,3.214954571
15.69,3.281,15.69,3.243294902,15.69,3.271655439
15.7,3.211,15.7,3.462705098,15.7,3.305307892
15.71,3.227,15.71,3.628705098,15.71,3.320619381
15.72,3.279,15.72,3.655,15.72,3.289114795
15.73,3.336,15.73,3.534705098,15.73,3.226062362
15.74,3.37,15.74,3.361705098,15.74,3.20332425
15.75,3.386,15.75,3.187294902,15.75,3.21467708
15.76,3.355,15.76,3.036294902,15.76,3.214099156
15.77,3.292,15.77,2.967,15.77,3.202447523
15.78,3.269,15.78,3.022294902,15.78,3.200554241
15.79,3.28,15.79,3.182294902,15.79,3.210530084
15.8,3.279,15.8,3.375705098,15.8,3.218518366
15.81,3.267,15.81,3.423705098,15.81,3.116905468
15.82,3.265,15.82,3.282,15.82,2.919027915
15.83,3.275,15.83,3.013705098,15.83,2.709970396
15.84,3.283,15.84,3.624705098,15.84,3.469948124
15.85,3.181,15.85,4.365294902,15.85,4.391324546
15.86,2.982,15.86,3.664294902,15.86,3.837496823
15.87,2.771,15.87,2.559,15.87,2.789997805
15.88,3.532,15.88,2.467294902,15.88,2.641197244
15.89,4.458,15.89,2.914294902,15.89,2.940224253
15.9,3.907,15.9,3.278705098,15.9,3.124249649
15.91,2.859,15.91,3.466705098,15.91,3.164971709
15.92,2.71,15.92,3.566,15.92,3.205374763
15.93,3.007,15.93,3.553705098,15.93,3.248001112
15.94,3.186,15.94,3.389705098,15.94,3.232855853
15.95,3.224,15.95,3.191294902,15.95,3.219469459
15.96,3.266,15.96,3.036294902,15.96,3.214251405
15.97,3.311,15.97,3.009,15.97,3.244080557
15.98,3.297,15.98,3.058294902,15.98,3.236120659
15.99,3.284,15.99,3.166294902,15.99,3.19427123
16,3.279,16,3.343705098,16,3.186400655
16.01,3.309,16.01,3.480705098,16.01,3.173560767
16.02,3.301,16.02,3.541,16.02,3.176828544
16.03,3.259,16.03,3.495705098,16.03,3.189018394
16.04,3.251,16.04,3.368705098,16.04,3.211951722
16.05,3.238,16.05,3.230294902,16.05,3.258668666
16.06,3.241,16.06,3.150294902,16.06,3.328058655
16.07,3.253,16.07,3.189,16.07,3.423082635
16.08,3.276,16.08,3.260294902,16.08,3.436099581
16.09,3.323,16.09,3.365294902,16.09,3.390383396
16.1,3.393,16.1,3.493705098,16.1,3.333074299
16.11,3.489,16.11,3.574705098,16.11,3.264311195
16.12,3.503,16.12,3.576,16.12,3.209148411
16.13,3.458,16.13,3.454705098,16.13,3.146294309
16.14,3.401,16.14,3.296705098,16.14,3.139294561
16.15,3.332,16.15,3.126294902,16.15,3.155011981
16.16,3.276,16.16,2.988294902,16.16,3.167411233
16.17,3.212,16.17,2.966,16.17,3.202452354
16.18,3.204,16.18,3.037294902,16.18,3.216185255
16.19,3.219,16.19,3.175294902,16.19,3.203933581
16.2,3.231,16.2,3.365705098,16.2,3.20872058
16.21,3.266,16.21,3.514705098,16.21,3.207558125
16.22,3.28,16.22,3.586,16.22,3.221479019
16.23,3.268,16.23,3.520705098,16.23,3.213487388
16.24,3.273,16.24,3.370705098,16.24,3.21344799
16.25,3.272,16.25,3.211294902,16.25,3.239325629
16.26,3.286,16.26,3.055294902,16.26,3.233223274
16.27,3.278,16.27,3.001,16.27,3.236164683
16.28,3.278,16.28,3.053294902,16.28,3.231093724
16.29,3.304,16.29,3.199294902,16.29,3.227037971
16.3,3.298,16.3,3.385705098,16.3,3.228081302
16.31,3.301,16.31,3.517705098,16.31,3.21017188
16.32,3.296,16.32,3.582,16.32,3.217246581
16.33,3.292,16.33,3.555705098,16.33,3.248179366
16.34,3.293,16.34,3.406705098,16.34,3.249093223
16.35,3.275,16.35,3.210294902,16.35,3.2380548
16.36,3.282,16.36,3.044294902,16.36,3.222007282
16.37,3.313,16.37,2.984,16.37,3.218998302
16.38,3.314,16.38,3.035294902,16.38,3.2131359
16.39,3.303,16.39,3.178294902,16.39,3.206305466
16.4,3.287,16.4,3.339705098,16.4,3.18252637
16.41,3.284,16.41,3.460705098,16.41,3.153797961
16.42,3.278,16.42,3.541,16.42,3.176966608
16.43,3.271,16.43,3.555705098,16.43,3.248828421
16.44,3.247,16.44,3.446705098,16.44,3.289503191
16.45,3.218,16.45,3.294294902,16.45,3.321953878
16.46,3.241,16.46,3.133294902,16.46,3.310332021
16.47,3.313,16.47,3.038,16.47,3.27194875
16.48,3.354,16.48,3.042294902,16.48,3.219057632
16.49,3.387,16.49,3.178294902,16.49,3.205382578
16.5,3.376,16.5,3.375705098,16.5,3.21779147
16.51,3.338,16.51,3.499705098,16.51,3.192261251
16.52,3.285,16.52,3.586,16.52,3.221467033
16.53,3.271,16.53,3.534705098,16.53,3.227439733
16.54,3.283,16.54,3.375705098,16.54,3.218392787
16.55,3.257,16.55,3.173294902,16.55,3.201460391
16.56,3.286,16.56,2.864294902,16.56,3.043051013
16.57,3.292,16.57,2.57,16.57,2.807688351
16.58,3.283,16.58,2.617294902,16.58,2.799384652
16.59,3.266,16.59,3.922294902,16.59,3.95149206
16.6,3.107,16.6,4.541705098,16.6,4.380849318
16.61,2.87,16.61,3.690705098,16.61,3.378540613
16.62,2.86,16.62,3.037,16.62,2.668060385
16.63,4.015,16.63,3.075705098,16.63,2.764113453
16.64,4.449,16.64,3.190705098,16.64,3.032705355
16.65,3.448,16.65,3.121294902,16.65,3.153598931
16.66,2.737,16.66,2.999294902,16.66,3.182432553
16.67,2.833,16.67,2.988,16.67,3.226261511
16.68,3.098,16.68,3.067294902,16.68,3.246377145
16.69,3.214,16.69,3.212294902,16.69,3.24056003
16.7,3.242,16.7,3.398705098,16.7,3.241197194
16.71,3.288,16.71,3.533705098,16.71,3.226003085
16.72,3.31,16.72,3.577,16.72,3.212045788
16.73,3.305,16.73,3.514705098,16.73,3.207195194
16.74,3.306,16.74,3.345705098,16.74,3.188399832
16.75,3.291,16.75,3.161294902,16.75,3.189604693
16.76,3.277,16.76,2.984294902,16.76,3.162856987
16.77,3.272,16.77,2.933,16.77,3.169030066
16.78,3.253,16.78,3.022294902,16.78,3.201057583
16.79,3.254,16.79,3.223294902,16.79,3.251809689
16.8,3.227,16.8,3.466705098,16.8,3.309338514
16.81,3.233,16.81,3.655705098,16.81,3.347607042
16.82,3.265,16.82,3.789,16.82,3.422598863
16.83,3.316,16.83,3.740705098,16.83,3.430681377
16.84,3.374,16.84,3.524705098,16.84,3.364224676
16.85,3.413,16.85,3.259294902,16.85,3.284309996
16.86,3.489,16.86,3.058294902,16.86,3.233747533
16.87,3.498,16.87,2.958,16.87,3.191655613
16.88,3.432,16.88,2.971294902,16.88,3.148774808
16.89,3.352,16.89,3.108294902,16.89,3.136685481
16.9,3.301,16.9,3.324705098,16.9,3.168158401
16.91,3.258,16.91,3.502705098,16.91,3.196321036
16.92,3.214,16.92,3.564,16.92,3.200299289
16.93,3.201,16.93,3.493705098,16.93,3.187154371
16.94,3.232,16.94,3.344705098,16.94,3.187952599
16.95,3.26,16.95,3.184294902,16.95,3.21277436
16.96,3.264,16.96,3.043294902,16.96,3.22167217
16.97,3.251,16.97,2.988,16.97,3.223578436
16.98,3.252,16.98,3.051294902,16.98,3.229409141
16.99,3.277,16.99,3.197294902,16.99,3.22525899
17,3.286,17,3.389705098,17,3.232179997
17.01,3.288,17.01,3.529705098,17.01,3.222176089
17.02,3.294,17.02,3.594,17.02,3.229152255
17.03,3.29,17.03,3.532705098,17.03,3.225168058
17.04,3.297,17.04,3.379705098,17.04,3.222179791
17.05,3.287,17.05,3.197294902,17.05,3.225207474
17.06,3.294,17.06,3.066294902,17.06,3.24412055
17.07,3.29,17.07,3.005,17.07,3.240077641
17.08,3.287,17.08,3.050294902,17.08,3.228066194
17.09,3.29,17.09,3.193294902,17.09,3.221069854
17.1,3.309,17.1,3.379705098,17.1,3.222080942
17.11,3.305,17.11,3.537705098,17.11,3.23013606
17.12,3.293,17.12,3.6,17.12,3.235156144
17.13,3.286,17.13,3.529705098,17.13,3.2221802
17.14,3.287,17.14,3.368705098,17.14,3.211219518
17.15,3.295,17.15,3.186294902,17.15,3.214250471
17.16,3.3,17.16,2.967294902,17.16,3.145585414
17.17,3.287,17.17,2.92,17.17,3.155899923
17.18,3.276,17.18,3.031294902,17.18,3.209950173
17.19,3.279,17.19,3.255294902,17.19,3.283667066
17.2,3.21,17.2,3.477705098,17.2,3.320252783
17.21,3.22,17.21,3.624705098,17.21,3.31657663
17.22,3.274,17.22,3.639,17.22,3.273107283
17.23,3.348,17.23,3.546705098,17.23,3.237986881
17.24,3.385,17.24,3.369705098,17.24,3.211264687
17.25,3.382,17.25,3.202294902,17.25,3.229618322
17.26,3.339,17.26,3.045294902,17.26,3.222989506
17.27,3.304,17.27,2.954,17.27,3.189325541
17.28,3.277,17.28,3.015294902,17.28,3.193506768
17.29,3.295,17.29,3.183294902,17.29,3.211509724
17.3,3.288,17.3,3.373705098,17.3,3.216565352
17.31,3.254,17.31,3.409705098,17.31,3.103043711
17.32,3.258,17.32,3.259,17.32,2.896205236
17.33,3.276,17.33,2.971705098,17.33,2.66828519
17.34,3.281,17.34,3.720705098,17.34,3.565887683
17.35,3.167,17.35,4.365294902,17.35,4.391258579
17.36,2.959,17.36,3.511294902,17.36,3.684980256
17.37,2.729,17.37,2.542,17.37,2.773453647
17.38,3.628,17.38,2.567294902,17.38,2.741089448
17.39,4.458,17.39,2.982294902,17.39,3.008233032
17.4,3.754,17.4,3.312705098,17.4,3.158129514
17.41,2.842,17.41,3.498705098,17.41,3.19611857
17.42,2.81,17.42,3.567,17.42,3.205447605
17.43,3.075,17.43,3.514705098,17.43,3.208622033
17.44,3.22,17.44,3.372705098,17.44,3.215811265
17.45,3.256,17.45,3.214294902,17.45,3.242467752
17.46,3.267,17.46,3.055294902,17.46,3.233302581
17.47,3.272,17.47,2.97,17.47,3.205291079
17.48,3.28,17.48,3.018294902,17.48,3.19633372
17.49,3.307,17.49,3.174294902,17.49,3.202383715
17.5,3.298,17.5,3.358705098,17.5,3.201545406
17.51,3.27,17.51,3.475705098,17.51,3.168802365
17.52,3.261,17.52,3.53,17.52,3.165959688
17.53,3.267,17.53,3.494705098,17.53,3.187994334
17.54,3.266,17.54,3.369705098,17.54,3.212955124
17.55,3.233,17.55,3.233294902,17.55,3.261719986
17.56,3.23,17.56,3.157294902,17.56,3.335062874
17.57,3.252,17.57,3.175,17.57,3.409098627
17.58,3.277,17.58,3.275294902,17.58,3.451052128
17.59,3.326,17.59,3.397294902,17.59,3.422213758
17.6,3.4,17.6,3.510705098,17.6,3.349850198
17.61,3.475,17.61,3.564705098,17.61,3.254154722
17.62,3.518,17.62,3.561,17.62,3.193994605
17.63,3.49,17.63,3.469705098,17.63,3.161139478
17.64,3.418,17.64,3.287705098,17.64,3.130302066
17.65,3.322,17.65,3.129294902,17.65,3.158075354
17.66,3.261,17.66,2.996294902,17.66,3.175403552
17.67,3.227,17.67,2.937,17.67,3.173499583
17.68,3.195,17.68,2.998294902,17.68,3.177445377
17.69,3.222,17.69,3.156294902,17.69,3.185231994
17.7,3.239,17.7,3.380705098,17.7,3.223971586
17.71,3.237,17.71,3.523705098,17.71,3.216806873
17.72,3.241,17.72,3.582,17.72,3.217630017
17.73,3.249,17.73,3.529705098,17.73,3.222448468
17.74,3.288,17.74,3.378705098,17.74,3.221301899
17.75,3.281,17.75,3.199294902,17.75,3.22728634
17.76,3.282,17.76,3.048294902,17.76,3.226246991
17.77,3.287,17.77,3.005,17.77,3.240156283
17.78,3.286,17.78,3.067294902,17.78,3.245065849
17.79,3.292,17.79,3.199294902,17.79,3.227042451
17.8,3.291,17.8,3.383705098,17.8,3.226046239
17.81,3.305,17.81,3.547705098,17.81,3.239990391
17.82,3.31,17.82,3.597,17.82,3.23202202
17.83,3.292,17.83,3.525705098,17.83,3.218128982
17.84,3.291,17.84,3.382705098,17.84,3.225136519
17.85,3.305,17.85,3.202294902,17.85,3.230120294
17.86,3.297,17.86,3.046294902,17.86,3.224183729
17.87,3.283,17.87,2.987,17.87,3.222223449
17.88,3.29,17.88,3.055294902,17.88,3.233164016
17.89,3.295,17.89,3.192294902,17.89,3.220183785
17.9,3.289,17.9,3.377705098,17.9,3.220223314
17.91,3.287,17.91,3.512705098,17.91,3.205298067
17.92,3.298,17.92,3.596,17.92,3.231262035
17.93,3.285,17.93,3.483705098,17.93,3.176487269
17.94,3.285,17.94,3.285705098,17.94,3.12884959
17.95,3.27,17.95,3.162294902,17.95,3.190966267
17.96,3.296,17.96,3.087294902,17.96,3.265729075
17.97,3.241,17.97,3.059,17.97,3.294484085
17.98,3.193,17.98,3.156294902,17.98,3.333864122
17.99,3.255,17.99,3.275294902,17.99,3.30217439
18,3.33,18,3.407705098,18,3.248936723
18.01,3.359,18.01,3.533705098,18.01,3.225088549
18.02,3.399,18.02,3.578,18.02,3.212405627
18.03,3.368,18.03,3.523705098,18.03,3.215870663
18.04,3.315,18.04,3.366705098,18.04,3.209242085
18.05,3.291,18.05,3.186294902,18.05,3.214384398
18.06,3.278,18.06,3.031294902,18.06,3.20945165
18.07,3.281,18.07,2.98,18.07,3.215443688
18.08,3.274,18.08,3.007294902,18.08,3.185566116
18.09,3.279,18.09,2.945294902,18.09,2.974496407
18.1,3.274,18.1,2.896705098,18.1,2.742365461
18.11,3.28,18.11,3.229705098,18.11,2.92648848
18.12,3.25,18.12,4.564,18.12,4.199605626
18.13,3.038,18.13,4.542705098,18.13,4.231494715
18.14,2.804,18.14,3.301705098,18.14,3.139852363
18.15,2.987,18.15,2.614294902,18.15,2.638217184
18.16,4.264,18.16,2.688294902,18.16,2.862382808
18.17,4.3,18.17,2.875,18.17,3.11066678
18.18,3.209,18.18,3.006294902,18.18,3.188839376
18.19,2.707,18.19,3.153294902,18.19,3.185710008
18.2,2.931,18.2,3.378705098,18.2,3.223424642
18.21,3.175,18.21,3.540705098,18.21,3.233973605
18.22,3.249,18.22,3.595,18.22,3.230499974
18.23,3.246,18.23,3.548705098,18.23,3.241275563
18.24,3.286,18.24,3.382705098,18.24,3.225101472
18.25,3.298,18.25,3.183294902,18.25,3.211140611
18.26,3.295,18.26,3.008294902,18.26,3.186325498
18.27,3.306,18.27,2.939,18.27,3.174545352
18.28,3.29,18.28,2.993294902,18.28,3.171820945
18.29,3.276,18.29,3.140294902,18.29,3.169045618
18.3,3.251,18.3,3.350705098,18.3,3.194116908
18.31,3.239,18.31,3.516705098,18.31,3.210026803
18.32,3.236,18.32,3.61,18.32,3.245747621
18.33,3.233,18.33,3.599705098,18.33,3.292271527
18.34,3.258,18.34,3.493705098,18.34,3.335610122
18.35,3.274,18.35,3.394294902,18.35,3.420708537
18.36,3.31,18.36,3.262294902,18.36,3.43779946
18.37,3.357,18.37,3.147,18.37,3.379260528
18.38,3.401,18.38,3.145294902,18.38,3.320137087
18.39,3.487,18.39,3.217294902,18.39,3.242492205
18.4,3.505,18.4,3.344705098,18.4,3.185415859
18.41,3.447,18.41,3.459705098,18.41,3.151549931
18.42,3.388,18.42,3.497,18.42,3.132534906
18.43,3.31,18.43,3.474705098,18.43,3.16815031
18.44,3.252,18.44,3.343705098,18.44,3.187384183
18.45,3.217,18.45,3.170294902,18.45,3.199342437
18.46,3.197,18.46,3.013294902,18.46,3.192189738
18.47,3.232,18.47,2.964,18.47,3.199925026
18.48,3.251,18.48,3.026294902,18.48,3.204778793
18.49,3.263,18.49,3.171294902,18.49,3.199727527
18.5,3.256,18.5,3.382705098,18.5,3.225621204
18.51,3.264,18.51,3.535705098,18.51,3.228475522
18.52,3.269,18.52,3.581,18.52,3.216408951
18.53,3.264,18.53,3.537705098,18.53,3.230306437
18.54,3.29,18.54,3.383705098,18.54,3.22619949
18.55,3.293,18.55,3.207294902,18.55,3.235160158
18.56,3.281,18.56,3.056294902,18.56,3.234136856
18.57,3.295,18.57,2.99,18.57,3.225101251
18.58,3.291,18.58,3.036294902,18.58,3.214164281
18.59,3.3,18.59,3.205294902,18.59,3.23313611
18.6,3.299,18.6,3.402705098,18.6,3.245096777
18.61,3.29,18.61,3.540705098,18.61,3.233101458
18.62,3.279,18.62,3.606,18.62,3.241038654
18.63,3.298,18.63,3.551705098,18.63,3.243919928
18.64,3.31,18.64,3.372705098,18.64,3.214990876
18.65,3.298,18.65,3.184294902,18.65,3.21212081
18.66,3.306,18.66,3.041294902,18.66,3.219175239
18.67,3.309,18.67,2.981,18.67,3.21627374
18.68,3.28,18.68,3.054294902,18.68,3.232321681
18.69,3.277,18.69,3.190294902,18.69,3.218310168
18.7,3.284,18.7,3.382705098,18.7,3.225258822
18.71,3.281,18.71,3.529705098,18.71,3.222246951
18.72,3.297,18.72,3.594,18.72,3.229195413
18.73,3.283,18.73,3.495705098,18.73,3.188369314
18.74,3.29,18.74,3.290705098,18.74,3.133703813
18.75,3.287,18.75,3.145294902,18.75,3.173907124
18.76,3.294,18.76,3.071294902,18.76,3.249799943
18.77,3.253,18.77,3.055,18.77,3.290562119
18.78,3.198,18.78,3.156294902,18.78,3.333989771
18.79,3.238,18.79,3.294294902,18.79,3.321245552
18.8,3.314,18.8,3.417705098,18.8,3.258901858
18.81,3.355,18.81,3.513705098,18.81,3.20506948
18.82,3.399,18.82,3.571,18.82,3.20539765
18.83,3.387,18.83,3.514705098,18.83,3.20689742
18.84,3.325,18.84,3.365705098,18.84,3.208348002
18.85,3.271,18.85,3.197294902,18.85,3.225487083
18.86,3.271,18.86,3.036294902,18.86,3.21445587
18.87,3.272,18.87,2.979,18.87,3.214424449
18.88,3.273,18.88,3.006294902,18.88,3.184514989
18.89,3.29,18.89,2.953294902,18.89,2.982409412
18.9,3.279,18.9,2.918705098,18.9,2.764235334
18.91,3.279,18.91,3.237705098,18.91,2.934347078
18.92,3.249,18.92,4.573,18.92,4.208424846
18.93,3.046,18.93,4.562705098,18.93,4.251230727
18.94,2.826,18.94,3.308705098,18.94,3.14659223
18.95,2.995,18.95,2.589294902,18.95,2.613142677
18.96,4.273,18.96,2.656294902,18.96,2.830465231
18.97,4.32,18.97,2.86,18.97,3.095842818
18.98,3.216,18.98,3.002294902,18.98,3.185110357
18.99,2.682,18.99,3.167294902,18.99,3.199954496
19,2.899,19,3.377705098,19,3.222575229
19.01,3.16,19.01,3.543705098,19.01,3.236985968
19.02,3.245,19.02,3.595,19.02,3.230452809
19.03,3.26,19.03,3.534705098,19.03,3.227267475
19.04,3.285,19.04,3.371705098,19.04,3.214191959
19.05,3.301,19.05,3.189294902,19.05,3.217203169
19.06,3.295,19.06,3.022294902,19.06,3.200345047
19.07,3.292,19.07,2.961,19.07,3.196478898
19.08,3.279,19.08,3.013294902,19.08,3.191620716
19.09,3.282,19.09,3.112294902,19.09,3.140912288
19.1,3.265,19.1,3.324705098,19.1,3.168108743
19.11,3.261,19.11,3.525705098,19.11,3.219037249
19.12,3.256,19.12,3.615,19.12,3.250825654
19.13,3.205,19.13,3.610705098,19.13,3.303386599
19.14,3.232,19.14,3.509705098,19.14,3.351551782
19.15,3.283,19.15,3.370294902,19.15,3.396641865
19.16,3.315,19.16,3.239294902,19.16,3.41485846
19.17,3.368,19.17,3.158,19.17,3.390294964
19.18,3.417,19.18,3.153294902,19.18,3.328183756
19.19,3.463,19.19,3.211294902,19.19,3.236627033
19.2,3.482,19.2,3.321705098,19.2,3.16254654
19.21,3.458,19.21,3.460705098,19.21,3.152584707
19.22,3.396,19.22,3.526,19.22,3.16149878
19.23,3.304,19.23,3.477705098,19.23,3.171135111
19.24,3.229,19.24,3.321705098,19.24,3.165432596
19.25,3.218,19.25,3.165294902,19.25,3.194318523
19.26,3.226,19.26,3.012294902,19.26,3.191172892
19.27,3.235,19.27,2.971,19.27,3.206995755
19.28,3.229,19.28,3.043294902,19.28,3.221795064
19.29,3.258,19.29,3.179294902,19.29,3.207625527
19.3,3.255,19.3,3.380705098,19.3,3.223507369
19.31,3.271,19.31,3.540705098,19.31,3.233337542
19.32,3.286,19.32,3.592,19.32,3.227254898
19.33,3.272,19.33,3.543705098,19.33,3.236196152
19.34,3.288,19.34,3.387705098,19.34,3.230105225
19.35,3.298,19.35,3.194294902,19.35,3.222109035
19.36,3.292,19.36,3.039294902,19.36,3.217172016
19.37,3.301,19.37,2.988,19.37,3.223187345
19.38,3.295,19.38,3.056294902,19.38,3.234195319
19.39,3.287,19.39,3.196294902,19.39,3.224219441
19.4,3.282,19.4,3.386705098,19.4,3.229191988
19.41,3.288,19.41,3.535705098,19.41,3.228148423
19.42,3.299,19.42,3.595,19.42,3.230120655
19.43,3.289,19.43,3.546705098,19.43,3.239101155
19.44,3.294,19.44,3.391705098,19.44,3.234061825
19.45,3.293,19.45,3.195294902,19.45,3.22308561
19.46,3.295,19.46,3.023294902,19.46,3.201191796
19.47,3.304,19.47,2.984,19.47,3.219234359
19.48,3.299,19.48,3.063294902,19.48,3.241226398
19.49,3.288,19.49,3.188294902,19.49,3.21629829
19.5,3.266,19.5,3.373705098,19.5,3.216326366
19.51,3.284,19.51,3.541705098,19.51,3.234195448
19.52,3.306,19.52,3.594,19.52,3.229155835
19.53,3.281,19.53,3.530705098,19.53,3.22322757
19.54,3.281,19.54,3.336705098,19.54,3.179373364
19.55,3.299,19.55,3.112294902,19.55,3.14067183
19.56,3.294,19.56,2.995294902,19.56,3.173910859
19.57,3.288,19.57,3.011,19.57,3.246843548
19.58,3.244,19.58,3.111294902,19.58,3.289585923
19.59,3.205,19.59,3.304294902,19.59,3.331985617
19.6,3.238,19.6,3.492705098,19.6,3.334217872
19.61,3.311,19.61,3.570705098,19.61,3.261862667
19.62,3.354,19.62,3.59,19.62,3.2239436
19.63,3.397,19.63,3.529705098,19.63,3.221204888
19.64,3.4,19.64,3.360705098,19.64,3.202712505
19.65,3.328,19.65,3.179294902,19.65,3.20721812
19.66,3.29,19.66,3.024294902,19.66,3.202459087
19.67,3.287,19.67,2.95,19.67,3.185616824
19.68,3.268,19.68,3.035294902,19.68,3.213652268
19.69,3.272,19.69,3.149294902,19.69,3.177754894
19.7,3.267,19.7,3.144705098,19.7,2.988622555
19.71,3.25,19.71,3.034705098,19.71,2.730492205
19.72,3.278,19.72,3.39,19.72,3.029113849
19.73,3.242,19.73,4.632705098,19.73,4.324727939
19.74,3.052,19.74,4.342705098,19.74,4.18078498
19.75,2.792,19.75,3.003294902,19.75,3.026641685
19.76,3.09,19.76,2.396294902,19.76,2.57022055
19.77,4.39,19.77,2.636,19.77,2.867771107
19.78,4.25,19.78,2.955294902,19.78,3.134466607
19.79,3.096,19.79,3.144294902,19.79,3.177492509
19.8,2.639,19.8,3.353705098,19.8,3.200857468
19.81,2.936,19.81,3.532705098,19.81,3.227286627
19.82,3.198,19.82,3.589,19.82,3.224890689
19.83,3.237,19.83,3.537705098,19.83,3.230508059
19.84,3.261,19.84,3.384705098,19.84,3.227290894
19.85,3.29,19.85,3.209294902,19.85,3.237128711
19.86,3.289,19.86,3.038294902,19.86,3.216164376
19.87,3.295,19.87,2.952,19.87,3.187310005
19.88,3.292,19.88,3.007294902,19.88,3.185486617
19.89,3.302,19.89,3.151294902,19.89,3.179675034
19.9,3.281,19.9,3.325705098,19.9,3.168947301
19.91,3.252,19.91,3.488705098,19.91,3.182085546
19.92,3.25,19.92,3.567,19.92,3.20302641
19.93,3.244,19.93,3.560705098,19.93,3.253758928
19.94,3.233,19.94,3.467705098,19.94,3.310243874
19.95,3.246,19.95,3.340294902,19.95,3.36745699
19.96,3.267,19.96,3.234294902,19.96,3.410547953
