0.01,3.29,0.01,3.199009115,0.01,2.70041708
0.02,3.302,0.02,3.181438185,0.02,2.696235578
0.03,3.308,0.03,3.177529012,0.03,2.699380569
0.04,3.306,0.04,3.171210268,0.04,2.698779542
0.05,3.299,0.05,3.169818055,0.05,2.693323599
0.06,3.295,0.06,3.141221229,0.06,2.683976362
0.07,3.298,0.07,3.132163554,0.07,2.687375212
0.08,3.297,0.08,3.114230466,0.08,2.68306428
0.09,3.291,0.09,3.120130067,0.09,2.688535821
0.1,3.281,0.1,3.12556194,0.1,2.695535924
0.11,3.284,0.11,3.115867696,0.11,2.692282091
0.12,3.279,0.12,3.094206961,0.12,2.691173318
0.13,3.284,0.13,3.104109556,0.13,2.695701788
0.14,3.291,0.14,3.091145166,0.14,2.691556687
0.15,3.288,0.15,3.072862851,0.15,2.689738036
0.16,3.287,0.16,3.072229147,0.16,2.697520427
0.17,3.292,0.17,3.068744823,0.17,2.693411625
0.18,3.288,0.18,3.063601246,0.18,2.699266614
0.19,3.286,0.19,3.048299093,0.19,2.692230341
0.2,3.294,0.2,3.038925468,0.2,2.687302789
0.21,3.29,0.21,3.039715194,0.21,2.695375311
0.22,3.296,0.22,3.035558733,0.22,2.692411571
0.23,3.289,0.23,3.024419733,0.23,2.686883101
0.24,3.284,0.24,3.00529848,0.24,2.687100677
0.25,3.292,0.25,3.020477908,0.25,2.697737966
0.26,3.289,0.26,3.027531893,0.26,2.699593005
0.27,3.283,0.27,3.016848128,0.27,2.69452055
0.28,3.283,0.28,3.009093375,0.28,2.694230361
0.29,3.294,0.29,2.998222835,0.29,2.690085175
0.3,3.296,0.3,2.997397713,0.3,2.687447812
0.31,3.291,0.31,3.007556861,0.31,2.690774233
0.32,3.291,0.32,3.002490886,0.32,2.694774263
0.33,3.287,0.33,2.988525752,0.33,2.692846863
0.34,3.284,0.34,2.990294052,0.34,2.686991929
0.35,3.287,0.35,2.9866838,0.35,2.684136914
0.36,3.291,0.36,2.978410743,0.36,2.680535778
0.37,3.289,0.37,2.98046568,0.37,2.684934727
0.38,3.283,0.38,2.982090221,0.38,2.692007346
0.39,3.28,0.39,2.974591153,0.39,2.695717309
0.4,3.276,0.4,2.96953587,0.4,2.6943547
0.41,3.28,0.41,2.988118283,0.41,2.71023043
0.42,3.287,0.42,2.995773816,0.42,2.711178719
0.43,3.291,0.43,2.985632114,0.43,2.702670994
0.44,3.29,0.44,2.985687968,0.44,2.708090662
0.45,3.307,0.45,2.971084901,0.45,2.70361905
0.46,3.309,0.46,2.953812824,0.46,2.691235554
0.47,3.301,0.47,2.950429797,0.47,2.686142171
0.48,3.307,0.48,2.951522471,0.48,2.69157728
0.49,3.303,0.49,2.967197497,0.49,2.708613673
0.5,3.29,0.5,2.975156558,0.5,2.715251252
0.51,3.284,0.51,2.950060976,0.51,2.694178782
0.52,3.289,0.52,2.9486762,0.52,2.693888465
0.53,3.306,0.53,2.950930507,0.53,2.690888238
0.54,3.313,0.54,2.948638318,0.54,2.693432235
0.55,3.292,0.55,2.947998421,0.55,2.699048954
0.56,3.292,0.56,2.952042663,0.56,2.696976457
0.57,3.289,0.57,2.951471196,0.57,2.701722625
0.58,3.291,0.58,2.943908808,0.58,2.696541268
0.59,3.296,0.59,2.938316078,0.59,2.68486759
0.6,3.294,0.6,2.940018934,0.6,2.683447775
0.61,3.299,0.61,2.936783569,0.61,2.687810382
0.62,3.294,0.62,2.946971491,0.62,2.689318211
0.63,3.282,0.63,2.943702775,0.63,2.685789788
0.64,3.28,0.64,2.947662039,0.64,2.681007361
0.65,3.284,0.65,2.926866143,0.65,2.664768843
0.66,3.285,0.66,2.910935447,0.66,2.645436956
0.67,3.281,0.67,2.933509111,0.67,2.671234777
0.68,3.276,0.68,3.117055474,0.68,2.839577795
0.69,3.259,0.69,3.185554946,0.69,2.897346623
0.7,3.238,0.7,3.013033188,0.7,2.723699645
0.71,3.263,0.71,2.838710085,0.71,2.541997975
0.72,3.437,0.72,2.82206469,0.72,2.538491944
0.73,3.503,0.73,2.915391898,0.73,2.629288921
0.74,3.332,0.74,2.979353966,0.74,2.6895965
0.75,3.147,0.75,2.975515371,0.75,2.702303098
0.76,3.139,0.76,2.996566572,0.76,2.705971935
0.77,3.222,0.77,2.990110189,0.77,2.703241052
0.78,3.274,0.78,3.014114146,0.78,2.71401294
0.79,3.285,0.79,3.02434986,0.79,2.715562246
0.8,3.294,0.8,3.014266997,0.8,2.701018183
0.81,3.297,0.81,3.019027394,0.81,2.703691658
0.82,3.311,0.82,3.007586435,0.82,2.69672776
0.83,3.314,0.83,3.009872857,0.83,2.691489335
0.84,3.3,0.84,3.015704783,0.84,2.688504844
0.85,3.303,0.85,3.011885038,0.85,2.679375177
0.86,3.296,0.86,3.018722118,0.86,2.686136804
0.87,3.29,0.87,3.032847918,0.87,2.688572074
0.88,3.286,0.88,3.031219773,0.88,2.691680973
0.89,3.276,0.89,3.050320571,0.89,2.701282149
0.9,3.282,0.9,3.057947229,0.9,2.710157915
0.91,3.284,0.91,3.052389206,0.91,2.709251304
0.92,3.287,0.92,3.071731111,0.92,2.714199559
0.93,3.297,0.93,3.067356586,0.93,2.710365337
0.94,3.307,0.94,3.067757353,0.94,2.702183903
0.95,3.307,0.95,3.077544505,0.95,2.710075055
0.96,3.313,0.96,3.053873845,0.96,2.688764044
0.97,3.31,0.97,3.051227079,0.97,2.688706931
0.98,3.302,0.98,3.047607976,0.98,2.678939941
0.99,3.31,0.99,3.054806088,0.99,2.684701497
1,3.288,1,3.069288858,1,2.701173182
1.01,3.287,1.01,3.06550696,1.01,2.696991979
1.02,3.276,1.02,3.069494297,1.02,2.691955798
1.03,3.281,1.03,3.050704865,1.03,2.674173223
1.04,3.297,1.04,3.071300332,1.04,2.688064233
1.05,3.293,1.05,3.066623183,1.05,2.685644562
1.06,3.288,1.06,3.10233119,1.06,2.700535922
1.07,3.27,1.07,3.094116393,1.07,2.691572338
1.08,3.284,1.08,3.062281216,1.08,2.696738111
1.09,3.281,1.09,3.068527701,1.09,2.695447959
1.1,3.296,1.1,3.097099858,1.1,2.696976415
1.11,3.287,1.11,3.084280528,1.11,2.697049011
1.12,3.293,1.12,3.077827661,1.12,2.698722576
1.13,3.292,1.13,3.089190649,1.13,2.691867637
1.14,3.294,1.14,3.096837217,1.14,2.692940126
1.15,3.294,1.15,3.099859413,1.15,2.694048907
1.16,3.296,1.16,3.101232408,1.16,2.690302777
1.17,3.289,1.17,3.098749557,1.17,2.695447893
1.18,3.29,1.18,3.104269386,1.18,2.700157776
1.19,3.291,1.19,3.131950209,1.19,2.706650106
1.2,3.287,1.2,3.147724207,1.2,2.697505083
1.21,3.292,1.21,3.139837351,1.21,2.682758827
1.22,3.297,1.22,3.135166932,1.22,2.690903748
1.23,3.304,1.23,3.147051817,1.23,2.695085063
1.24,3.295,1.24,3.149342758,1.24,2.680100651
1.25,3.28,1.25,3.184915752,1.25,2.689463365
1.26,3.288,1.26,3.189379512,1.26,2.692173164
1.27,3.292,1.27,3.198746356,1.27,2.693136959
1.28,3.276,1.28,3.241078706,1.28,2.69902829
1.29,3.285,1.29,3.246754521,1.29,2.697375439
1.3,3.288,1.3,3.249982118,1.3,2.695121552
1.31,3.289,1.31,3.264354238,1.31,2.695940181
1.32,3.295,1.32,3.278651501,1.32,2.694831332
1.33,3.294,1.33,3.296955758,1.33,2.693012672
1.34,3.292,1.34,3.314465728,1.34,2.688339059
1.35,3.293,1.35,3.319023847,1.35,2.685701681
1.36,3.292,1.36,3.340805852,1.36,2.700556638
1.37,3.29,1.37,3.346485892,1.37,2.697484199
1.38,3.285,1.38,3.355043366,1.38,2.700230417
1.39,3.282,1.39,3.37049866,1.39,2.706541353
1.4,3.297,1.4,3.38454462,1.4,2.701888476
1.41,3.294,1.41,3.375613931,1.41,2.690214858
1.42,3.297,1.42,3.357478064,1.42,2.673085091
1.43,3.304,1.43,3.371541346,1.43,2.676955326
1.44,3.3,1.44,3.413708356,1.44,2.69157193
1.45,3.288,1.45,3.444933457,1.45,2.699753519
1.46,3.27,1.46,3.455791187,1.46,2.696608664
1.47,3.273,1.47,3.46702732,1.47,2.702556888
1.48,3.287,1.48,3.475697589,1.48,2.690049013
1.49,3.295,1.49,3.500797575,1.49,2.691976386
1.5,3.292,1.5,3.550415287,1.5,2.697976381
1.51,3.299,1.51,3.536485593,1.51,2.6737742
1.52,3.287,1.52,3.560669031,1.52,2.643022624
1.53,3.289,1.53,3.586284979,1.53,2.662182925
1.54,3.295,1.54,3.673965069,1.54,2.783883013
1.55,3.27,1.55,3.816685176,1.55,2.884884842
1.56,3.237,1.56,3.691766489,1.56,2.789279874
1.57,3.255,1.57,3.500258686,1.57,2.592656785
1.58,3.38,1.58,3.421361881,1.58,2.531078496
1.59,3.488,1.59,3.434180153,1.59,2.5920766
1.6,3.397,1.6,3.500295473,1.6,2.667564624
1.61,3.199,1.61,3.53506845,1.61,2.715157457
1.62,3.133,1.62,3.545710781,1.62,2.723132679
1.63,3.187,1.63,3.506622855,1.63,2.715749284
1.64,3.254,1.64,3.503526736,1.64,2.713251571
1.65,3.298,1.65,3.492472011,1.65,2.706365305
1.66,3.31,1.66,3.464943433,1.66,2.699328905
1.67,3.309,1.67,3.450357458,1.67,2.693945373
1.68,3.311,1.68,3.419776914,1.68,2.6868157
1.69,3.306,1.69,3.414392688,1.69,2.683903693
1.7,3.299,1.7,3.431949339,1.7,2.697338959
1.71,3.293,1.71,3.422524823,1.71,2.694629215
1.72,3.285,1.72,3.407926533,1.72,2.696629318
1.73,3.281,1.73,3.382955255,1.73,2.682846876
1.74,3.294,1.74,3.397114195,1.74,2.688701661
1.75,3.291,1.75,3.411211595,1.75,2.694810486
1.76,3.293,1.76,3.406224881,1.76,2.698665506
1.77,3.279,1.77,3.413356585,1.77,2.706302993
1.78,3.285,1.78,3.419282601,1.78,2.708323787
1.79,3.291,1.79,3.415260519,1.79,2.716235788
1.8,3.295,1.8,3.408078164,1.8,2.701873083
1.81,3.303,1.81,3.418224971,1.81,2.698764153
1.82,3.306,1.82,3.390574357,1.82,2.689308019
1.83,3.315,1.83,3.392362968,1.83,2.687069521
1.84,3.301,1.84,3.395602857,1.84,2.699722431
1.85,3.298,1.85,3.413755219,1.85,2.6969764
1.86,3.288,1.86,3.399198661,1.86,2.689411688
1.87,3.285,1.87,3.381558259,1.87,2.682738006
1.88,3.297,1.88,3.400743287,1.88,2.69452029
1.89,3.294,1.89,3.392900132,1.89,2.694737982
1.9,3.286,1.9,3.412827986,1.9,2.697738111
1.91,3.279,1.91,3.404192899,1.91,2.694556805
1.92,3.291,1.92,3.40930331,1.92,2.685447877
1.93,3.291,1.93,3.403233031,1.93,2.680955532
1.94,3.294,1.94,3.411306616,1.94,2.690136822
1.95,3.291,1.95,3.433957707,1.95,2.697173192
1.96,3.282,1.96,3.432694871,1.96,2.702883225
1.97,3.277,1.97,3.437225639,1.97,2.699375548
1.98,3.286,1.98,3.434195561,1.98,2.694831444
1.99,3.293,1.99,3.453532545,1.99,2.686903852
2,3.299,2,3.450128999,2,2.704577406
2.01,3.296,2.01,3.449928069,2.01,2.693867619
2.02,3.292,2.02,3.457283351,2.02,2.688266587
2.03,3.284,2.03,3.440403398,2.03,2.682737985
2.04,3.302,2.04,3.449506545,2.04,2.691592781
2.05,3.291,2.05,3.473664442,2.05,2.701738012
2.06,3.285,2.06,3.44535486,2.06,2.690883195
2.07,3.279,2.07,3.452449882,2.07,2.692738125
2.08,3.288,2.08,3.46761487,2.08,2.702012693
2.09,3.298,2.09,3.443532934,2.09,2.695831355
2.1,3.287,2.1,3.439893903,2.1,2.688302881
2.11,3.289,2.11,3.448483779,2.11,2.697048932
2.12,3.299,2.12,3.45585616,2.12,2.705541184
2.13,3.293,2.13,3.448887566,2.13,2.697686376
2.14,3.285,2.14,3.449064793,2.14,2.696650127
2.15,3.294,2.15,3.423045039,2.15,2.683795031
2.16,3.303,2.16,3.426519115,2.16,2.682338906
2.17,3.295,2.17,3.434162013,2.17,2.689955479
2.18,3.294,2.18,3.42873016,2.18,2.693173166
2.19,3.281,2.19,3.44345501,2.19,2.699137062
2.2,3.279,2.2,3.457320308,2.2,2.705375515
2.21,3.286,2.21,3.453265572,2.21,2.702613898
2.22,3.289,2.22,3.431575278,2.22,2.6905413
2.23,3.295,2.23,3.458611418,2.23,2.687686219
2.24,3.302,2.24,3.453885862,2.24,2.685157577
2.25,3.3,2.25,3.45307423,2.25,2.688774148
2.26,3.288,2.26,3.450761031,2.26,2.693173206
2.27,3.285,2.27,3.470839062,2.27,2.70084689
2.28,3.282,2.28,3.456594211,2.28,2.693665607
2.29,3.285,2.29,3.446900657,2.29,2.694339158
2.3,3.289,2.3,3.403516355,2.3,2.658463257
2.31,3.297,2.31,3.402324848,2.31,2.64913126
2.32,3.29,2.32,3.454824309,2.32,2.695421404
2.33,3.291,2.33,3.634759597,2.33,2.859293097
2.34,3.254,2.34,3.636019955,2.34,2.86187528
2.35,3.243,2.35,3.444874561,2.35,2.66907739
2.36,3.289,2.36,3.294016474,2.36,2.531028201
2.37,3.459,2.37,3.312373504,2.37,2.561703968
2.38,3.468,2.38,3.409402995,2.38,2.661211664
2.39,3.276,2.39,3.448906955,2.39,2.700851108
2.4,3.134,2.4,3.426893981,2.4,2.695707535
2.41,3.16,2.41,3.435453623,2.41,2.706795684
2.42,3.252,2.42,3.47996131,2.42,2.709536264
2.43,3.285,2.43,3.48436498,2.43,2.711468912
2.44,3.28,2.44,3.516939441,2.44,2.69710624
2.45,3.297,2.45,3.552693955,2.45,2.698489487
2.46,3.305,2.46,3.555213138,2.46,2.691743229
2.47,3.309,2.47,3.577904065,2.47,2.693250945
2.48,3.295,2.48,3.561115356,2.48,2.701613725
2.49,3.297,2.49,3.519514868,2.49,2.68701267
2.5,3.29,2.5,3.506748454,2.5,2.682665454
2.51,3.291,2.51,3.499849816,2.51,2.68210055
2.52,3.299,2.52,3.509098213,2.52,2.695100546
2.53,3.284,2.53,3.485189933,2.53,2.691535938
2.54,3.279,2.54,3.515724891,2.54,2.692390934
2.55,3.278,2.55,3.53702702,2.55,2.710375478
2.56,3.291,2.56,3.560449461,2.56,2.714142434
2.57,3.287,2.57,3.575098063,2.57,2.71916336
2.58,3.288,2.58,3.575203501,2.58,2.719002808
2.59,3.307,2.59,3.567061827,2.59,2.70438609
2.6,3.312,2.6,3.550182577,2.6,2.691929926
2.61,3.318,2.61,3.556296415,2.61,2.690727628
2.62,3.319,2.62,3.54327349,2.62,2.685960667
2.63,3.305,2.63,3.539026751,2.63,2.684338909
2.64,3.292,2.64,3.5442148,2.64,2.688100596
2.65,3.29,2.65,3.53848867,2.65,2.698028131
2.66,3.284,2.66,3.537694606,2.66,2.68920956
2.67,3.281,2.67,3.52917327,2.67,2.681463402
2.68,3.284,2.68,3.530504742,2.68,2.684499553
2.69,3.294,2.69,3.549469279,2.69,2.702955542
2.7,3.285,2.7,3.533566775,2.7,2.694100792
2.71,3.277,2.71,3.535789436,2.71,2.685245897
2.72,3.28,2.72,3.548508063,2.72,2.696665506
2.73,3.299,2.73,3.540149607,2.73,2.691375271
2.74,3.29,2.74,3.527157326,2.74,2.689846841
2.75,3.281,2.75,3.528001812,2.75,2.691919391
2.76,3.293,2.76,3.524153985,2.76,2.686846767
2.77,3.288,2.77,3.539328427,2.77,2.699738027
2.78,3.286,2.78,3.546807936,2.78,2.709085318
2.79,3.288,2.79,3.53852528,2.79,2.69968645
2.8,3.283,2.8,3.526704842,2.8,2.702251239
2.81,3.296,2.81,3.533966039,2.81,2.695852143
2.82,3.306,2.82,3.521086218,2.82,2.688214713
2.83,3.297,2.83,3.520731312,2.83,2.688940051
2.84,3.3,2.84,3.506080909,2.84,2.686447748
2.85,3.294,2.85,3.521585204,2.85,2.691883019
2.86,3.286,2.86,3.510547905,2.86,2.68535455
2.87,3.286,2.87,3.516060952,2.87,2.689390814
2.88,3.283,2.88,3.524228975,2.88,2.700028186
2.89,3.288,2.89,3.521973647,2.89,2.696665561
2.9,3.281,2.9,3.513709963,2.9,2.69841176
2.91,3.285,2.91,3.522058139,2.91,2.695012754
2.92,3.296,2.92,3.514520772,2.92,2.690903854
2.93,3.293,2.93,3.511055493,2.93,2.69023024
2.94,3.295,2.94,3.511268634,2.94,2.692375288
2.95,3.292,2.95,3.537386357,2.95,2.699339084
2.96,3.288,2.96,3.526248317,2.96,2.701121567
2.97,3.287,2.97,3.516225039,2.97,2.688230366
2.98,3.289,2.98,3.531425873,2.98,2.693121478
2.99,3.296,2.99,3.520591611,2.99,2.69501261
3,3.298,3,3.520391166,3,2.697085197
3.01,3.285,3.01,3.532980757,3.01,2.698194106
3.02,3.29,3.02,3.529712943,3.02,2.693976459
3.03,3.292,3.03,3.508662774,3.03,2.682375321
3.04,3.294,3.04,3.516050558,3.04,2.685737902
3.05,3.295,3.05,3.525340082,3.05,2.692919239
3.06,3.291,3.06,3.521163967,3.06,2.683499595
3.07,3.279,3.07,3.532796508,3.07,2.69357221
3.08,3.282,3.08,3.518764605,3.08,2.678753482
3.09,3.289,3.09,3.476471148,3.09,2.648203989
3.1,3.279,3.1,3.496795666,3.1,2.663400665
3.11,3.289,3.11,3.669368458,3.11,2.823251176
3.12,3.274,3.12,3.730047479,3.12,2.884962885
3.13,3.242,3.13,3.560375457,3.13,2.712331487
3.14,3.256,3.14,3.398975862,3.14,2.557267346
3.15,3.421,3.15,3.402337866,3.15,2.559746073
3.16,3.49,3.16,3.467758478,3.16,2.627999081
3.17,3.319,3.17,3.515347895,3.17,2.686907545
3.18,3.161,3.18,3.539554127,3.18,2.722344563
3.19,3.16,3.19,3.560843175,3.19,2.725723401
3.2,3.221,3.2,3.560916525,3.2,2.717174087
3.21,3.272,3.21,3.559608157,3.21,2.710945832
3.22,3.307,3.22,3.539408291,3.22,2.701857475
3.23,3.316,3.23,3.52414509,3.23,2.690473863
3.24,3.313,3.24,3.529561909,3.24,2.688525536
3.25,3.31,3.25,3.519438654,3.25,2.683686053
3.26,3.302,3.26,3.534734984,3.26,2.686665321
3.27,3.29,3.27,3.522569757,3.27,2.690245695
3.28,3.287,3.28,3.526054841,3.28,2.695209506
3.29,3.281,3.29,3.517961945,3.29,2.683499685
3.3,3.283,3.3,3.524184952,3.3,2.702846863
3.31,3.286,3.31,3.548597581,3.31,2.708049043
3.32,3.291,3.32,3.533612135,3.32,2.694831494
3.33,3.279,3.33,3.535563179,3.33,2.694795212
3.34,3.299,3.34,3.540581034,3.34,2.708779566
3.35,3.305,3.35,3.543928762,3.35,2.713308183
3.36,3.292,3.36,3.547516354,3.36,2.707272075
3.37,3.292,3.37,3.544041132,3.37,2.704836806
3.38,3.307,3.38,3.53507143,3.38,2.694764082
3.39,3.312,3.39,3.526817821,3.39,2.692344261
3.4,3.306,3.4,3.517518764,3.4,2.683468512
3.41,3.304,3.41,3.527617373,3.41,2.689193844
3.42,3.294,3.42,3.526836456,3.42,2.685991789
3.43,3.291,3.43,3.523156973,3.43,2.687390774
3.44,3.281,3.44,3.53650169,3.44,2.693463382
3.45,3.286,3.45,3.529587051,3.45,2.696064463
3.46,3.282,3.46,3.512950397,3.46,2.682354622
3.47,3.283,3.47,3.516567052,3.47,2.685390805
3.48,3.289,3.48,3.53721607,3.48,2.703774239
3.49,3.292,3.49,3.549111258,3.49,2.699520489
3.5,3.278,3.5,3.533363024,3.5,2.6897382
3.51,3.281,3.51,3.512734087,3.51,2.688484184
3.52,3.3,3.52,3.541416177,3.52,2.698940037
3.53,3.296,3.53,3.542026478,3.53,2.696194014
3.54,3.286,3.54,3.535964715,3.54,2.694375442
3.55,3.285,3.55,3.530512459,3.55,2.691302856
3.56,3.296,3.56,3.538082398,3.56,2.691193955
3.57,3.293,3.57,3.52488821,3.57,2.692447846
3.58,3.291,3.58,3.5435468,3.58,2.692592943
3.59,3.288,3.59,3.545090906,3.59,2.697484184
3.6,3.288,3.6,3.549779553,3.6,2.703049022
3.61,3.289,3.61,3.543726156,3.61,2.693940237
3.62,3.289,3.62,3.542196533,3.62,2.693867657
3.63,3.294,3.63,3.555699801,3.63,2.697649983
3.64,3.3,3.64,3.545699216,3.64,2.692795037
3.65,3.291,3.65,3.550316509,3.65,2.689302818
3.66,3.291,3.66,3.569601352,3.66,2.706831351
3.67,3.295,3.67,3.56488987,3.67,2.699613799
3.68,3.29,3.68,3.554655649,3.68,2.698577597
3.69,3.286,3.69,3.54101536,3.69,2.689686325
3.7,3.304,3.7,3.559637382,3.7,2.692541091
3.71,3.297,3.71,3.542478986,3.71,2.686302723
3.72,3.296,3.72,3.562927997,3.72,2.696447824
3.73,3.287,3.73,3.551974102,3.73,2.693665512
3.74,3.29,3.74,3.552080322,3.74,2.69162925
3.75,3.283,3.75,3.539580241,3.75,2.689774319
3.76,3.293,3.76,3.552928848,3.76,2.698339054
3.77,3.29,3.77,3.570960229,3.77,2.706940216
3.78,3.288,3.78,3.546151014,3.78,2.700650163
3.79,3.286,3.79,3.551029281,3.79,2.695468799
3.8,3.295,3.8,3.54598287,3.8,2.69232358
3.81,3.304,3.81,3.544089214,3.81,2.680939998
3.82,3.298,3.82,3.53106956,3.82,2.682846659
3.83,3.293,3.83,3.545800699,3.83,2.69702805
3.84,3.29,3.84,3.542074481,3.84,2.687390829
3.85,3.278,3.85,3.5460669,3.85,2.689572249
3.86,3.279,3.86,3.531237335,3.86,2.671971066
3.87,3.293,3.87,3.501405217,3.87,2.649276432
3.88,3.283,3.88,3.520273337,3.88,2.670364382
3.89,3.285,3.89,3.657475198,3.89,2.806012823
3.9,3.267,3.9,3.753552857,3.9,2.891361812
3.91,3.243,3.91,3.609786007,3.91,2.748134734
3.92,3.263,3.92,3.407084023,3.92,2.556107023
3.93,3.403,3.93,3.393435672,3.93,2.536673712
3.94,3.496,3.94,3.468365871,3.94,2.625345992
3.95,3.356,3.95,3.52945847,3.95,2.68358076
3.96,3.161,3.96,3.540880241,3.96,2.705049097
3.97,3.137,3.97,3.541515626,3.97,2.716826924
3.98,3.219,3.98,3.552425212,3.98,2.710733446
3.99,3.269,3.99,3.568727141,3.99,2.71146904
4,3.288,4,3.548365262,4,2.696525884
4.01,3.305,4.01,3.533151808,4.01,2.689525665
4.02,3.305,4.02,3.518833748,4.02,2.684359694
4.03,3.309,4.03,3.52901777,4.03,2.689048731
4.04,3.295,4.04,3.54172786,4.04,2.697592891
4.05,3.288,4.05,3.540952572,4.05,2.700520494
4.06,3.282,4.06,3.536170284,4.06,2.691520546
4.07,3.286,4.07,3.522269971,4.07,2.682629226
4.08,3.294,4.08,3.512472673,4.08,2.675173058
4.09,3.297,4.09,3.518188765,4.09,2.681789543
4.1,3.288,4.1,3.525467132,4.1,2.685406194
4.11,3.279,4.11,3.543578296,4.11,2.706898649
4.12,3.271,4.12,3.558003936,4.12,2.726303141
4.13,3.277,4.13,3.559271429,4.13,2.728272333
4.14,3.28,4.14,3.553606077,4.14,2.714894156
4.15,3.302,4.15,3.540458316,4.15,2.702059696
4.16,3.323,4.16,3.525384041,4.16,2.698168205
4.17,3.327,4.17,3.532397604,4.17,2.698074819
4.18,3.315,4.18,3.521203316,4.18,2.695271727
4.19,3.303,4.19,3.509711105,4.19,2.686396053
4.2,3.299,4.2,3.50124239,4.2,2.682266412
4.21,3.298,4.21,3.497463482,4.21,2.682991711
4.22,3.294,4.22,3.509869771,4.22,2.695245658
4.23,3.284,4.23,3.505912441,4.23,2.69728209
4.24,3.279,4.24,3.503873194,4.24,2.690209624
4.25,3.279,4.25,3.491756069,4.25,2.688028217
4.26,3.291,4.26,3.500244195,4.26,2.696520373
4.27,3.293,4.27,3.501887267,4.27,2.693556679
4.28,3.286,4.28,3.500851883,4.28,2.684028192
4.29,3.284,4.29,3.504294522,4.29,2.694846815
4.3,3.293,4.3,3.498617538,4.3,2.697484122
4.31,3.29,4.31,3.50379638,4.31,2.690701806
4.32,3.28,4.32,3.500701637,4.32,2.695629304
4.33,3.291,4.33,3.490183168,4.33,2.691339068
4.34,3.294,4.34,3.489087399,4.34,2.693375331
4.35,3.287,4.35,3.514815601,4.35,2.709903949
4.36,3.292,4.36,3.519515615,4.36,2.71206989
4.37,3.288,4.37,3.498849566,4.37,2.694069934
4.38,3.29,4.38,3.490214647,4.38,2.69681592
4.39,3.307,4.39,3.4805548,4.39,2.686997044
4.4,3.31,4.4,3.479953446,4.4,2.68972237
4.41,3.292,4.41,3.478780619,4.41,2.688629151
4.42,3.295,4.42,3.487507967,4.42,2.695629171
4.43,3.285,4.43,3.476790679,4.43,2.701520493
4.44,3.287,4.44,3.479781331,4.44,2.700085331
4.45,3.285,4.45,3.46502457,4.45,2.690085312
4.46,3.292,4.46,3.466015034,4.46,2.690976383
4.47,3.298,4.47,3.474080211,4.47,2.696903797
4.48,3.297,4.48,3.472195247,4.48,2.696085201
4.49,3.287,4.49,3.452342398,4.49,2.686592998
4.5,3.288,4.5,3.459087003,4.5,2.686737983
4.51,3.294,4.51,3.455930624,4.51,2.691737922
4.52,3.293,4.52,3.444216583,4.52,2.690991851
4.53,3.283,4.53,3.453950838,4.53,2.694100749
4.54,3.283,4.54,3.439133794,4.54,2.690955672
4.55,3.288,4.55,3.435352973,4.55,2.697556712
4.56,3.287,4.56,3.442787385,4.56,2.697339139
4.57,3.29,4.57,3.420267484,4.57,2.68455671
4.58,3.287,4.58,3.415224934,4.58,2.689701724
4.59,3.294,4.59,3.417194829,4.59,2.697447811
4.6,3.294,4.6,3.421039995,4.6,2.696484172
4.61,3.281,4.61,3.417509361,4.61,2.703266697
4.62,3.286,4.62,3.40866981,4.62,2.699686392
4.63,3.294,4.63,3.394785052,4.63,2.688686305
4.64,3.293,4.64,3.384813674,4.64,2.679338999
4.65,3.3,4.65,3.343585956,4.65,2.652007059
4.66,3.297,4.66,3.325425081,4.66,2.64911039
4.67,3.286,4.67,3.430818826,4.67,2.754224814
4.68,3.276,4.68,3.566719913,4.68,2.881081349
4.69,3.247,4.69,3.491179267,4.69,2.798404006
4.7,3.242,4.7,3.281387307,4.7,2.602817571
4.71,3.349,4.71,3.201365956,4.71,2.543332732
4.72,3.483,4.72,3.270306765,4.72,2.606626079
4.73,3.405,4.73,3.327250688,4.73,2.672678801
4.74,3.208,4.74,3.335586655,4.74,2.699105657
4.75,3.145,4.75,3.360760277,4.75,2.715660988
4.76,3.203,4.76,3.349890157,4.76,2.715712787
4.77,3.261,4.77,3.333754432,4.77,2.705121917
4.78,3.283,4.78,3.345544999,4.78,2.702670988
4.79,3.303,4.79,3.325152629,4.79,2.692380622
4.8,3.309,4.8,3.320128214,4.8,2.700525627
4.81,3.302,4.81,3.321778886,4.81,2.694142216
4.82,3.301,4.82,3.306623913,4.82,2.692577436
4.83,3.291,4.83,3.315335157,4.83,2.695867603
4.84,3.299,4.84,3.295938043,4.84,2.679411525
4.85,3.292,4.85,3.286956417,4.85,2.680245641
4.86,3.29,4.86,3.284669352,4.86,2.691426962
4.87,3.293,4.87,3.288406674,4.87,2.69346332
4.88,3.276,4.88,3.302497562,4.88,2.700354718
4.89,3.276,4.89,3.299742187,4.89,2.70733928
4.9,3.287,4.9,3.303584627,4.9,2.707287516
4.91,3.289,4.91,3.30341842,4.91,2.713380858
4.92,3.296,4.92,3.291628827,4.92,2.704836795
4.93,3.304,4.93,3.282695748,4.93,2.696836684
4.94,3.305,4.94,3.293418358,4.94,2.700981666
4.95,3.312,4.95,3.279629451,4.95,2.694416814
4.96,3.304,4.96,3.273854775,4.96,2.687396058
4.97,3.296,4.97,3.277919764,4.97,2.687121379
4.98,3.3,4.98,3.279723064,4.98,2.694302692
4.99,3.293,4.99,3.276364526,4.99,2.696556679
5,3.285,5,3.274364251,5,2.686919418
5.01,3.284,5.01,3.270342396,5.01,2.686991891
5.02,3.291,5.02,3.278375651,5.02,2.69088301
5.03,3.293,5.03,3.260007276,5.03,2.686209433
5.04,3.283,5.04,3.273940547,5.04,2.698173264
5.05,3.283,5.05,3.279718422,5.05,2.699701839
5.06,3.287,5.06,3.286288018,5.06,2.698266664
5.07,3.282,5.07,3.267695388,5.07,2.693157855
5.08,3.294,5.08,3.280555963,5.08,2.700577476
5.09,3.296,5.09,3.295546951,5.09,2.703323632
5.1,3.295,5.1,3.297418439,5.1,2.704106097
5.11,3.29,5.11,3.285716643,5.11,2.692287428
5.12,3.298,5.12,3.265980516,5.12,2.682649934
5.13,3.301,5.13,3.268360013,5.13,2.680411412
5.14,3.302,5.14,3.276780841,5.14,2.690919157
5.15,3.29,5.15,3.280007022,5.15,2.701100689
5.16,3.28,5.16,3.276862592,5.16,2.697955786
5.17,3.277,5.17,3.269102952,5.17,2.686846963
5.18,3.287,5.18,3.266901819,5.18,2.686629184
5.19,3.297,5.19,3.287239746,5.19,2.704121395
5.2,3.294,5.2,3.282009021,5.2,2.703976481
5.21,3.283,5.21,3.276173709,5.21,2.694085396
5.22,3.283,5.22,3.275760819,5.22,2.692831418
5.23,3.301,5.23,3.265570852,5.23,2.687758692
5.24,3.301,5.24,3.266044615,5.24,2.686411488
5.25,3.291,5.25,3.263231808,5.25,2.690919292
5.26,3.29,5.26,3.263976039,5.26,2.695883077
5.27,3.285,5.27,3.259732857,5.27,2.696774364
5.28,3.283,5.28,3.24686128,5.28,2.680100743
5.29,3.287,5.29,3.255889982,5.29,2.696737986
5.3,3.292,5.3,3.257967022,5.3,2.707121479
5.31,3.293,5.31,3.25028842,5.31,2.698012806
5.32,3.276,5.32,3.233655862,5.32,2.691194191
5.33,3.293,5.33,3.23354435,5.33,2.6946137
5.34,3.304,5.34,3.233415387,5.34,2.695613642
5.35,3.295,5.35,3.225980373,5.35,2.695048951
5.36,3.288,5.36,3.212537221,5.36,2.68648417
5.37,3.292,5.37,3.216034709,5.37,2.690520361
5.38,3.293,5.38,3.208403941,5.38,2.685883005
5.39,3.292,5.39,3.228214654,5.39,2.698810527
5.4,3.283,5.4,3.218457916,5.4,2.690991954
5.41,3.287,5.41,3.171414422,5.41,2.64458754
5.42,3.282,5.42,3.182856943,5.42,2.655001689
5.43,3.295,5.43,3.280371563,5.43,2.750680708
5.44,3.287,5.44,3.417117991,5.44,2.880863686
5.45,3.239,5.45,3.355729437,5.45,2.814005152
5.46,3.248,5.46,3.143423629,5.46,2.605019757
5.47,3.346,5.47,3.071307799,5.47,2.54275255
5.48,3.483,5.48,3.129392802,5.48,2.601118292
5.49,3.421,5.49,3.188828816,5.49,2.666388487
5.5,3.211,5.5,3.221540548,5.5,2.7042144
5.51,3.145,5.51,3.238090495,5.51,2.711059933
5.52,3.198,5.52,3.25177583,5.52,2.716111767
5.53,3.255,5.53,3.251608325,5.53,2.716904368
5.54,3.288,5.54,3.239358671,5.54,2.707054505
5.55,3.298,5.55,3.226036808,5.55,2.692909259
5.56,3.309,5.56,3.231973222,5.56,2.694090394
5.57,3.314,5.57,3.248847014,5.57,2.708162913
5.58,3.306,5.58,3.230654218,5.58,2.692033454
5.59,3.292,5.59,3.220200681,5.59,2.678157742
5.6,3.293,5.6,3.211205756,5.6,2.675882889
5.61,3.307,5.61,3.220996017,5.61,2.686281729
5.62,3.29,5.62,3.226917209,5.62,2.690079832
5.63,3.275,5.63,3.239383013,5.63,2.698934965
5.64,3.272,5.64,3.24389346,5.64,2.703064627
5.65,3.282,5.65,3.255912331,5.65,2.704976596
5.66,3.285,5.66,3.261014777,5.66,2.706178712
5.67,3.294,5.67,3.259340565,5.67,2.710308256
5.68,3.299,5.68,3.262634581,5.68,2.714582917
5.69,3.302,5.69,3.256245022,5.69,2.703437832
5.7,3.304,5.7,3.241867521,5.7,2.691836659
5.71,3.309,5.71,3.269660841,5.71,2.700981598
5.72,3.314,5.72,3.261604007,5.72,2.69070691
5.73,3.303,5.73,3.255036579,5.73,2.692577407
5.74,3.291,5.74,3.260279048,5.74,2.687266501
5.75,3.3,5.75,3.247878398,5.75,2.674991733
5.76,3.289,5.76,3.260953478,5.76,2.684717091
5.77,3.29,5.77,3.266740017,5.77,2.693717135
5.78,3.284,5.78,3.26844372,5.78,2.695681035
5.79,3.271,5.79,3.274389549,5.79,2.697354754
5.8,3.28,5.8,3.280117564,5.8,2.701375483
5.81,3.289,5.81,3.272741978,5.81,2.692049012
5.82,3.291,5.82,3.27384304,5.82,2.688194012
5.83,3.293,5.83,3.276744405,5.83,2.69419395
5.84,3.298,5.84,3.279901232,5.84,2.701012642
5.85,3.289,5.85,3.27096486,5.85,2.690411686
5.86,3.285,5.86,3.266583563,5.86,2.680846836
5.87,3.291,5.87,3.265904143,5.87,2.688846703
5.88,3.298,5.88,3.272185756,5.88,2.693882973
5.89,3.287,5.89,3.275366628,5.89,2.69802822
5.9,3.277,5.9,3.287965632,5.9,2.707411804
5.91,3.285,5.91,3.268836745,5.91,2.696795228
5.92,3.29,5.92,3.268700425,5.92,2.693577543
5.93,3.294,5.93,3.270471981,5.93,2.698359848
5.94,3.304,5.94,3.269612487,5.94,2.699251019
5.95,3.294,5.95,3.26490412,5.95,2.699504995
5.96,3.291,5.96,3.251087241,5.96,2.695541263
5.97,3.296,5.97,3.244949187,5.97,2.688722514
5.98,3.297,5.98,3.234029368,5.98,2.687157652
5.99,3.297,5.99,3.228551277,5.99,2.686665365
6,3.293,6,3.238609326,6,2.696810501
6.01,3.286,6.01,3.231896523,6.01,2.696810614
6.02,3.284,6.02,3.222521907,6.02,2.695593059
6.03,3.283,6.03,3.216150415,6.03,2.694339161
6.04,3.293,6.04,3.209312283,6.04,2.695976411
6.05,3.293,6.05,3.201537022,6.05,2.699831365
6.06,3.292,6.06,3.194307384,6.06,2.6987226
6.07,3.291,6.07,3.192018453,6.07,2.699541278
6.08,3.293,6.08,3.167738596,6.08,2.68775882
6.09,3.297,6.09,3.162072663,6.09,2.686121392
6.1,3.296,6.1,3.160584534,6.1,2.694338973
6.11,3.297,6.11,3.140216712,6.11,2.685846749
6.12,3.285,6.12,3.137013747,6.12,2.689282036
6.13,3.283,6.13,3.133515902,6.13,2.698919377
6.14,3.291,6.14,3.129397955,6.14,2.700411672
6.15,3.282,6.15,3.117426478,6.15,2.699230439
6.16,3.285,6.16,3.098483979,6.16,2.692940235
6.17,3.295,6.17,3.0596232,6.17,2.667701646
6.18,3.297,6.18,3.020348265,6.18,2.636058724
6.19,3.296,6.19,3.021876166,6.19,2.648125724
6.2,3.29,6.2,3.136571807,6.2,2.775442415
6.21,3.264,6.21,3.265780978,6.21,2.901682726
6.22,3.23,6.22,3.16419501,6.22,2.800461395
6.23,3.24,6.23,2.944977037,6.23,2.59451198
6.24,3.37,6.24,2.879345429,6.24,2.540026862
6.25,3.504,6.25,2.930052362,6.25,2.606081869
6.26,3.408,6.26,2.975372317,6.26,2.669041449
6.27,3.201,6.27,3.006020746,6.27,2.707287053
6.28,3.143,6.28,2.999431236,6.28,2.713661029
6.29,3.203,6.29,2.997335412,6.29,2.71274907
6.3,3.257,6.3,2.981109882,6.3,2.706121906
6.31,3.291,6.31,2.972050265,6.31,2.701562123
6.32,3.301,6.32,2.963954821,6.32,2.696416922
6.33,3.306,6.33,2.9536283,6.33,2.698561928
6.34,3.303,6.34,2.941342665,6.34,2.692142207
6.35,3.3,6.35,2.920823742,6.35,2.68586753
6.36,3.295,6.36,2.905781962,6.36,2.680701626
6.37,3.297,6.37,2.903214568,6.37,2.682318116
6.38,3.29,6.38,2.909043283,6.38,2.700354496
6.39,3.283,6.39,2.902736659,6.39,2.701100805
6.4,3.277,6.4,2.897493086,6.4,2.700593174
6.41,3.278,6.41,2.897277456,6.41,2.705650195
6.42,3.296,6.42,2.888132241,6.42,2.701852203
6.43,3.297,6.43,2.887585122,6.43,2.704598337
6.44,3.297,6.44,2.884964909,6.44,2.714018085
6.45,3.303,6.45,2.868959141,6.45,2.712474104
6.46,3.3,6.46,2.853551465,6.46,2.701546647
6.47,3.303,6.47,2.841342836,6.47,2.69765532
6.48,3.313,6.48,2.8245617,6.48,2.690162903
6.49,3.312,6.49,2.809913751,6.49,2.681395932
6.5,3.301,6.5,2.803060774,6.5,2.678737815
6.51,3.297,6.51,2.806210962,6.51,2.685463171
6.52,3.289,6.52,2.799176838,6.52,2.69182597
6.53,3.279,6.53,2.805099395,6.53,2.695753589
6.54,3.275,6.54,2.807504547,6.54,2.695318441
6.55,3.281,6.55,2.809508871,6.55,2.70630295
6.56,3.287,6.56,2.795334363,6.56,2.69490399
6.57,3.291,6.57,2.786614668,6.57,2.686048977
6.58,3.291,6.58,2.796495703,6.58,2.699831297
6.59,3.303,6.59,2.788108983,6.59,2.698649946
6.6,3.292,6.6,2.777518228,6.6,2.692157813
6.61,3.283,6.61,2.774009621,6.61,2.689375395
6.62,3.297,6.62,2.768753651,6.62,2.686375241
6.63,3.296,6.63,2.765359426,6.63,2.689774188
6.64,3.289,6.64,2.774884369,6.64,2.702665495
6.65,3.286,6.65,2.776221916,6.65,2.702302939
6.66,3.283,6.66,2.758240235,6.66,2.688339221
6.67,3.286,6.67,2.758953134,6.67,2.690194021
6.68,3.299,6.68,2.754748105,6.68,2.69015762
6.69,3.299,6.69,2.750355567,6.69,2.687701661
6.7,3.285,6.7,2.752761802,6.7,2.690173225
6.71,3.287,6.71,2.764737734,6.71,2.699774303
6.72,3.287,6.72,2.76442176,6.72,2.701375443
6.73,3.284,6.73,2.756973492,6.73,2.695194151
6.74,3.286,6.74,2.753268185,6.74,2.688157793
6.75,3.296,6.75,2.750051515,6.75,2.688193918
6.76,3.298,6.76,2.753499287,6.76,2.69437525
6.77,3.292,6.77,2.752057215,6.77,2.694629218
6.78,3.285,6.78,2.755047155,6.78,2.697556767
6.79,3.285,6.79,2.760824396,6.79,2.697230364
6.8,3.291,6.8,2.756767257,6.8,2.69304898
6.81,3.291,6.81,2.765321041,6.81,2.699831368
6.82,3.294,6.82,2.752716218,6.82,2.694795089
6.83,3.294,6.83,2.752542517,6.83,2.693903893
6.84,3.29,6.84,2.752569807,6.84,2.689194004
6.85,3.297,6.85,2.740161866,6.85,2.680665377
6.86,3.292,6.86,2.758667289,6.86,2.692955524
6.87,3.291,6.87,2.772140486,6.87,2.704629216
6.88,3.286,6.88,2.777531937,6.88,2.706194187
6.89,3.277,6.89,2.76500931,6.89,2.694976639
6.9,3.289,6.9,2.771017761,6.9,2.69732366
6.91,3.301,6.91,2.773721486,6.91,2.690359789
6.92,3.303,6.92,2.773855064,6.92,2.695649925
6.93,3.292,6.93,2.775001695,6.93,2.694085206
6.94,3.295,6.94,2.755917623,6.94,2.673883019
6.95,3.288,6.95,2.767046552,6.95,2.687318178
6.96,3.293,6.96,2.772766951,6.96,2.69135443
6.97,3.291,6.97,2.739922834,6.97,2.657841411
6.98,3.27,6.98,2.736817451,6.98,2.650582145
6.99,3.283,6.99,2.858009887,6.99,2.76335445
7,3.287,7,2.996718705,7,2.894558139
7.01,3.252,7.01,2.898914472,7.01,2.788606179
7.02,3.243,7.02,2.692188744,7.02,2.578107596
7.03,3.359,7.03,2.641780412,7.03,2.53113028
7.04,3.498,7.04,2.717010355,7.04,2.608750115
7.05,3.396,7.05,2.780774591,7.05,2.675310923
7.06,3.183,7.06,2.823028381,7.06,2.716795019
7.07,3.132,7.07,2.839328477,7.07,2.726044678
7.08,3.204,7.08,2.842508093,7.08,2.717516089
7.09,3.262,7.09,2.838622116,7.09,2.701070162
7.1,3.3,7.1,2.838471105,7.1,2.693945454
7.11,3.314,7.11,2.851182408,7.11,2.702872768
7.12,3.312,7.12,2.842550198,7.12,2.696561904
7.13,3.299,7.13,2.849811095,7.13,2.69717855
7.14,3.293,7.14,2.85598864,7.14,2.695396145
7.15,3.302,7.15,2.853125357,7.15,2.688649932
7.16,3.295,7.16,2.845428457,7.16,2.68055659
7.17,3.295,7.17,2.874920016,7.17,2.702411519
7.18,3.293,7.18,2.868886297,7.18,2.695520429
7.19,3.286,7.19,2.865159496,7.19,2.688810655
7.2,3.277,7.2,2.870187134,7.2,2.690774341
7.21,3.299,7.21,2.882622261,7.21,2.69233898
7.22,3.292,7.22,2.90444204,7.22,2.710048989
7.23,3.285,7.23,2.910448767,7.23,2.714323819
7.24,3.287,7.24,2.919833455,7.24,2.71430841
7.25,3.289,7.25,2.922606656,7.25,2.713365424
7.26,3.307,7.26,2.923004867,7.26,2.709603658
7.27,3.312,7.27,2.917289862,7.27,2.694075023
7.28,3.313,7.28,2.906975034,7.28,2.683162891
7.29,3.313,7.29,2.911707509,7.29,2.682359586
7.3,3.31,7.3,2.920420802,7.3,2.686447624
7.31,3.294,7.31,2.919624254,7.31,2.681644585
7.32,3.282,7.32,2.9278399,7.32,2.683224935
7.33,3.28,7.33,2.948753725,7.33,2.694934828
7.34,3.283,7.34,2.954559799,7.34,2.698427166
7.35,3.277,7.35,2.944984305,7.35,2.68935471
7.36,3.278,7.36,2.951510059,7.36,2.689064495
7.37,3.29,7.37,2.972140219,7.37,2.70133906
7.38,3.294,7.38,2.978728047,7.38,2.699121519
7.39,3.285,7.39,2.985785851,7.39,2.698085349
7.4,3.285,7.4,2.994703406,7.4,2.695795159
7.41,3.298,7.41,2.989547151,7.41,2.689722497
7.42,3.296,7.42,2.99171936,7.42,2.686266469
7.43,3.295,7.43,3.009551726,7.43,2.694447799
7.44,3.293,7.44,3.014555737,7.44,2.69748414
7.45,3.287,7.45,3.018043559,7.45,2.695520501
7.46,3.283,7.46,3.02904668,7.46,2.693411701
7.47,3.291,7.47,3.042123663,7.47,2.697976424
7.48,3.294,7.48,3.037388413,7.48,2.684339056
7.49,3.292,7.49,3.044762133,7.49,2.693484109
7.5,3.29,7.5,3.056239541,7.5,2.694520387
7.51,3.295,7.51,3.066420924,7.51,2.692556682
7.52,3.281,7.52,3.075035748,7.52,2.695665568
7.53,3.29,7.53,3.080956143,7.53,2.696230305
7.54,3.291,7.54,3.085499433,7.54,2.696121516
7.55,3.289,7.55,3.083932419,7.55,2.690266577
7.56,3.292,7.56,3.077339031,7.56,2.674919276
7.57,3.293,7.57,3.104029403,7.57,2.694955486
7.58,3.293,7.58,3.118175571,7.58,2.700810513
7.59,3.287,7.59,3.124550638,7.59,2.705484313
7.6,3.271,7.6,3.136975687,7.6,2.706867896
7.61,3.291,7.61,3.131209615,7.61,2.697961052
7.62,3.297,7.62,3.138404394,7.62,2.696815882
7.63,3.302,7.63,3.139146592,7.63,2.689178453
7.64,3.304,7.64,3.131617826,7.64,2.679121322
7.65,3.296,7.65,3.167441465,7.65,2.703266438
7.66,3.295,7.66,3.162196175,7.66,2.694447876
7.67,3.287,7.67,3.152018787,7.67,2.684955703
7.68,3.276,7.68,3.171604807,7.68,2.692883128
7.69,3.3,7.69,3.175531414,7.69,2.693375244
7.7,3.291,7.7,3.177723944,7.7,2.694701778
7.71,3.281,7.71,3.17921058,7.71,2.690846899
7.72,3.289,7.72,3.189970436,7.72,2.689665477
7.73,3.29,7.73,3.202303533,7.73,2.694592929
7.74,3.291,7.74,3.206418271,7.74,2.702266577
7.75,3.287,7.75,3.204170396,7.75,2.692339176
7.76,3.286,7.76,3.173809711,7.76,2.657572112
7.77,3.291,7.77,3.164418914,7.77,2.646240062
7.78,3.299,7.78,3.243336991,7.78,2.720369653
7.79,3.289,7.79,3.398615952,7.79,2.861459119
7.8,3.253,7.8,3.39110233,7.8,2.842657738
7.81,3.24,7.81,3.193032086,7.81,2.645693713
7.82,3.315,7.82,3.085605778,7.82,2.536354214
7.83,3.462,7.83,3.132290331,7.83,2.586102957
7.84,3.449,7.84,3.210576361,7.84,2.661719767
7.85,3.252,7.85,3.24527749,7.85,2.699706286
7.86,3.139,7.86,3.2658235,7.86,2.713002931
7.87,3.184,7.87,3.251180038,7.87,2.698526234
7.88,3.252,7.88,3.263195389,7.88,2.698536255
7.89,3.284,7.89,3.283790779,7.89,2.70761384
7.9,3.299,7.9,3.271826643,7.9,2.702997271
7.91,3.29,7.91,3.288245399,7.91,2.710634696
7.92,3.294,7.92,3.295548081,7.92,2.71090933
7.93,3.305,7.93,3.279594773,7.93,2.699727919
7.94,3.301,7.94,3.263231454,7.94,2.684525696
7.95,3.309,7.95,3.26665375,7.95,2.682287105
7.96,3.31,7.96,3.263691823,7.96,2.678520124
7.97,3.299,7.97,3.274320577,7.97,2.687499449
7.98,3.283,7.98,3.285128859,7.98,2.696753506
7.99,3.28,7.99,3.289135677,7.99,2.692572272
8,3.275,8,3.301814388,8,2.702883254
8.01,3.283,8.01,3.305747754,8.01,2.713577639
8.02,3.292,8.02,3.326158422,8.02,2.724127037
8.03,3.288,8.03,3.326080405,8.03,2.719147923
8.04,3.299,8.04,3.303059823,8.04,2.698748824
8.05,3.311,8.05,3.299595832,8.05,2.690074949
8.06,3.323,8.06,3.308561805,8.06,2.694691303
8.07,3.319,8.07,3.307491841,8.07,2.695743127
8.08,3.299,8.08,3.312084801,8.08,2.689903844
8.09,3.29,8.09,3.306727305,8.09,2.685520388
8.1,3.294,8.1,3.298376346,8.1,2.678100555
8.11,3.294,8.11,3.313882653,8.11,2.686535741
8.12,3.287,8.12,3.327142668,8.12,2.698535864
8.13,3.282,8.13,3.325585529,8.13,2.696354677
8.14,3.274,8.14,3.320388638,8.14,2.684427243
8.15,3.282,8.15,3.324761335,8.15,2.683245736
8.16,3.294,8.16,3.323684666,8.16,2.683354405
8.17,3.292,8.17,3.329988824,8.17,2.692572079
8.18,3.28,8.18,3.339252747,8.18,2.699463445
8.19,3.279,8.19,3.340787681,8.19,2.698919516
8.2,3.279,8.2,3.35264116,8.2,2.707012865
8.21,3.288,8.21,3.354127874,8.21,2.704178679
8.22,3.295,8.22,3.349421199,8.22,2.701743432
8.23,3.295,8.23,3.346880027,8.23,2.694815903
8.24,3.304,8.24,3.352662821,8.24,2.695852062
8.25,3.302,8.25,3.339081103,8.25,2.680794962
8.26,3.3,8.26,3.341228937,8.26,2.680701583
8.27,3.293,8.27,3.360251515,8.27,2.695991758
8.28,3.294,8.28,3.36340267,8.28,2.69410067
8.29,3.278,8.29,3.368800011,8.29,2.693282166
8.3,3.277,8.3,3.368162978,8.3,2.690955712
8.31,3.292,8.31,3.370250917,8.31,2.691556652
8.32,3.29,8.32,3.381182414,8.32,2.700375361
8.33,3.289,8.33,3.393535856,8.33,2.700121559
8.34,3.287,8.34,3.379895445,8.34,2.689230369
8.35,3.288,8.35,3.372219739,8.35,2.680592918
8.36,3.297,8.36,3.389575846,8.36,2.689665323
8.37,3.297,8.37,3.407718735,8.37,2.701629144
8.38,3.286,8.38,3.410938288,8.38,2.704484291
8.39,3.277,8.39,3.403452596,8.39,2.690448083
8.4,3.286,8.4,3.415415985,8.4,2.698758864
8.41,3.298,8.41,3.416013348,8.41,2.692613683
8.42,3.301,8.42,3.430207939,8.42,2.703504924
8.43,3.287,8.43,3.424354821,8.43,2.697722635
8.44,3.296,8.44,3.415374856,8.44,2.687795088
8.45,3.29,8.45,3.413275867,8.45,2.683375286
8.46,3.301,8.46,3.413091546,8.46,2.682774092
8.47,3.295,8.47,3.431214846,8.47,2.697064322
8.48,3.285,8.48,3.433767708,8.48,2.700991967
8.49,3.28,8.49,3.4419338,8.49,2.698629399
8.5,3.279,8.5,3.427372509,8.5,2.684593062
8.51,3.293,8.51,3.436426409,8.51,2.691266474
8.52,3.297,8.52,3.429077133,8.52,2.679882947
8.53,3.295,8.53,3.401722001,8.53,2.648841278
8.54,3.281,8.54,3.406842574,8.54,2.656509444
8.55,3.288,8.55,3.547225815,8.55,2.792592927
8.56,3.276,8.56,3.651523682,8.56,2.884340805
8.57,3.243,8.57,3.531973901,8.57,2.760041391
8.58,3.249,8.58,3.346225449,8.58,2.579179809
8.59,3.389,8.59,3.31518455,8.59,2.544912426
8.6,3.488,8.6,3.392053407,8.6,2.626004274
8.61,3.367,8.61,3.450228083,8.61,2.686767316
8.62,3.184,8.62,3.461130964,8.62,2.70459825
8.63,3.146,8.63,3.473705292,8.63,2.708500443
8.64,3.221,8.64,3.477001566,8.64,2.703987224
8.65,3.274,8.65,3.483359316,8.65,2.706012921
8.66,3.289,8.66,3.478711476,8.66,2.701106126
8.67,3.297,8.67,3.48078284,8.67,2.703634593
8.68,3.298,8.68,3.482469216,8.68,2.70345324
8.69,3.303,8.69,3.480176391,8.69,2.690779587
8.7,3.299,8.7,3.482726903,8.7,2.691287275
8.71,3.302,8.71,3.480981324,8.71,2.690686144
8.72,3.302,8.72,3.479002888,8.72,2.690230177
8.73,3.289,8.73,3.473224955,8.73,2.687883066
8.74,3.289,8.74,3.473811005,8.74,2.682281968
8.75,3.288,8.75,3.482663599,8.75,2.69520944
8.76,3.287,8.76,3.505601245,8.76,2.714375428
8.77,3.284,8.77,3.509797779,8.77,2.710614005
8.78,3.278,8.78,3.508614755,8.78,2.71070739
8.79,3.291,8.79,3.515154966,8.79,2.713437896
8.8,3.311,8.8,3.511519401,8.8,2.709748693
8.81,3.308,8.81,3.506354159,8.81,2.700147617
8.82,3.309,8.82,3.498949358,8.82,2.693691517
8.83,3.313,8.83,3.481574553,8.83,2.674033241
8.84,3.31,8.84,3.485589204,8.84,2.680338779
8.85,3.3,8.85,3.489556056,8.85,2.682499384
8.86,3.293,8.86,3.49597041,8.86,2.687152336
8.87,3.272,8.87,3.511615067,8.87,2.697188808
8.88,3.277,8.88,3.521939103,8.88,2.700318438
8.89,3.278,8.89,3.523198469,8.89,2.693846985
8.9,3.282,8.9,3.532390164,8.9,2.694375437
8.91,3.292,8.91,3.532083303,8.91,2.698867611
8.92,3.296,8.92,3.524826238,8.92,2.692940144
8.93,3.29,8.93,3.527807439,8.93,2.695085245
8.94,3.291,8.94,3.532788162,8.94,2.694048945
8.95,3.296,8.95,3.515255727,8.95,2.68055662
8.96,3.29,8.96,3.526327811,8.96,2.691846748
8.97,3.292,8.97,3.545733864,8.97,2.704447854
8.98,3.291,8.98,3.534986034,8.98,2.690629302
8.99,3.277,8.99,3.544243775,8.99,2.693665619
9,3.288,9,3.552901356,9,2.698976415
9.01,3.301,9.01,3.556232525,9.01,2.700613731
9.02,3.287,9.02,3.542104765,9.02,2.68723036
9.03,3.29,9.03,3.546403039,9.03,2.687339049
9.04,3.296,9.04,3.552299113,9.04,2.694302706
9.05,3.298,9.05,3.563966832,9.05,2.698339047
9.06,3.284,9.06,3.574928708,9.06,2.707121625
9.07,3.284,9.07,3.567332046,9.07,2.697722705
9.08,3.291,9.08,3.565475598,9.08,2.690577529
9.09,3.295,9.09,3.562963834,9.09,2.688758735
9.1,3.304,9.1,3.576408516,9.1,2.691976267
9.11,3.295,9.11,3.576413877,9.11,2.693484108
9.12,3.288,9.12,3.57274879,9.12,2.687883102
9.13,3.286,9.13,3.580999339,9.13,2.695738035
9.14,3.289,9.14,3.586766573,9.14,2.69841164
9.15,3.29,9.15,3.574726714,9.15,2.690484202
9.16,3.284,9.16,3.571105384,9.16,2.686738048
9.17,3.292,9.17,3.586706581,9.17,2.69544782
9.18,3.295,9.18,3.583879046,9.18,2.697375329
9.19,3.287,9.19,3.579184054,9.19,2.687774349
9.2,3.283,9.2,3.584771111,9.2,2.689810579
9.21,3.292,9.21,3.590747241,9.21,2.697411569
9.22,3.294,9.22,3.590198437,9.22,2.69926657
9.23,3.284,9.23,3.588837357,9.23,2.696302937
9.24,3.286,9.24,3.588407783,9.24,2.693085278
9.25,3.294,9.25,3.585337213,9.25,2.694867588
9.26,3.296,9.26,3.578799608,9.26,2.687230229
9.27,3.293,9.27,3.58355437,9.27,2.685737954
9.28,3.29,9.28,3.600558298,9.28,2.699629176
9.29,3.292,9.29,3.604786214,9.29,2.70230286
9.3,3.284,9.3,3.590206263,9.3,2.693375497
9.31,3.282,9.31,3.555405535,9.31,2.656535865
9.32,3.296,9.32,3.541343065,9.32,2.641240006
9.33,3.299,9.33,3.607226971,9.33,2.710913594
9.34,3.29,9.34,3.757598181,9.34,2.861039312
9.35,3.252,9.35,3.757019948,9.35,2.853875356
9.36,3.235,9.36,3.560768237,9.36,2.654548796
9.37,3.305,9.37,3.44081223,9.37,2.537955448
9.38,3.461,9.38,3.471285312,9.38,2.575704008
9.39,3.46,9.39,3.538586976,9.39,2.654538251
9.4,3.261,9.4,3.579161991,9.4,2.701851213
9.41,3.141,9.41,3.582134728,9.41,2.701909572
9.42,3.174,9.42,3.592354655,9.42,2.706251632
9.43,3.245,9.43,3.608270508,9.43,2.71913743
9.44,3.286,9.44,3.594690162,9.44,2.705997455
9.45,3.287,9.45,3.590090881,9.45,2.703417137
9.46,3.297,9.46,3.592033732,9.46,2.701909223
9.47,3.315,9.47,3.585731884,9.47,2.696945353
9.48,3.304,9.48,3.585992565,9.48,2.69667075
9.49,3.302,9.49,3.563942395,9.49,2.679649903
9.5,3.301,9.5,3.566508934,9.5,2.68441144
9.51,3.296,9.51,3.568099826,9.51,2.688991731
9.52,3.295,9.52,3.559658582,9.52,2.678789665
9.53,3.277,9.53,3.556151463,9.53,2.678587616
9.54,3.281,9.54,3.571455746,9.54,2.694152377
9.55,3.285,9.55,3.583459618,9.55,2.706390893
9.56,3.274,9.56,3.598915244,9.56,2.720230605
9.57,3.273,9.57,3.60499611,9.57,2.729272308
9.58,3.289,9.58,3.600029479,9.58,2.72053142
9.59,3.302,9.59,3.596498401,9.59,2.71455205
9.6,3.317,9.6,3.584821625,9.6,2.697660603
9.61,3.328,9.61,3.568597728,9.61,2.685784665
9.62,3.321,9.62,3.562871772,9.62,2.682489141
9.63,3.316,9.63,3.561076093,9.63,2.682976102
9.64,3.299,9.64,3.559630567,9.64,2.683318125
9.65,3.286,9.65,3.558349855,9.65,2.683079835
9.66,3.281,9.66,3.559944524,9.66,2.681442532
9.67,3.28,9.67,3.572178127,9.67,2.696079902
9.68,3.279,9.68,3.571224872,9.68,2.698572261
9.69,3.278,9.69,3.575199503,9.69,2.698028334
9.7,3.276,9.7,3.570456008,9.7,2.693593102
9.71,3.291,9.71,3.572844764,9.71,2.69212148
9.72,3.294,9.72,3.568876985,9.72,2.691230237
9.73,3.294,9.73,3.568535745,9.73,2.689520369
9.74,3.29,9.74,3.575411773,9.74,2.694629204
9.75,3.289,9.75,3.575426923,9.75,2.695556706
9.76,3.288,9.76,3.576473974,9.76,2.697375411
9.77,3.286,9.77,3.563257615,9.77,2.68655673
9.78,3.291,9.78,3.573837675,9.78,2.69244785
9.79,3.292,9.79,3.575273839,9.79,2.700230257
9.8,3.294,9.8,3.571727026,9.8,2.699085264
9.81,3.283,9.81,3.555318875,9.81,2.687447988
9.82,3.289,9.82,3.560853269,9.82,2.697048941
9.83,3.297,9.83,3.559217684,9.83,2.6978313
9.84,3.296,9.84,3.560046849,9.84,2.695976441
9.85,3.284,9.85,3.550660748,9.85,2.68644794
9.86,3.294,9.86,3.553755542,9.86,2.69226648
9.87,3.295,9.87,3.568798904,9.87,2.704976382
9.88,3.293,9.88,3.565593991,9.88,2.698940232
9.89,3.283,9.89,3.541886608,9.89,2.684375461
9.9,3.289,9.9,3.539239908,9.9,2.683484073
9.91,3.302,9.91,3.55224862,9.91,2.692483962
9.92,3.296,9.92,3.557178279,9.92,2.701629192
9.93,3.281,9.93,3.543541134,9.93,2.689992025
9.94,3.28,9.94,3.541099652,9.94,2.693665578
9.95,3.289,9.95,3.548933551,9.95,2.699085213
9.96,3.298,9.96,3.549931587,9.96,2.705577505
9.97,3.286,9.97,3.530704149,9.97,2.687085328
9.98,3.29,9.98,3.541833646,9.98,2.692940146
9.99,3.296,9.99,3.538975767,9.99,2.699686204
10,3.303,10,3.522314543,10,2.68615769
10.01,3.284,10.01,3.52641398,10.01,2.690738049
10.02,3.29,10.02,3.529707306,10.02,2.696411576
10.03,3.297,10.03,3.526683775,10.03,2.702085221
10.04,3.283,10.04,3.51029049,10.04,2.688520534
10.05,3.287,10.05,3.5111823,10.05,2.68459295
10.06,3.293,10.06,3.513368978,10.06,2.696375253
10.07,3.299,10.07,3.502455338,10.07,2.693484091
10.08,3.285,10.08,3.503022774,10.08,2.691883164
10.09,3.281,10.09,3.500248784,10.09,2.69177434
10.1,3.293,10.1,3.514189467,10.1,2.706940155
10.11,3.29,10.11,3.475585071,10.11,2.670883106
10.12,3.288,10.12,3.454661524,10.12,2.643768765
10.13,3.288,10.13,3.538077714,10.13,2.727499345
10.14,3.304,10.14,3.686509076,10.14,2.877536904
10.15,3.267,10.15,3.639590087,10.15,2.828751047
10.16,3.238,10.16,3.420418577,10.16,2.612527732
10.17,3.323,10.17,3.318675297,10.17,2.518804494
10.18,3.48,10.18,3.383876286,10.18,2.588807191
10.19,3.436,10.19,3.44874649,10.19,2.663113527
10.2,3.218,10.2,3.482286864,10.2,2.706447432
10.21,3.12,10.21,3.496864879,10.21,2.721220727
10.22,3.185,10.22,3.489167724,10.22,2.707692178
10.23,3.251,10.23,3.491329761,10.23,2.708339552
10.24,3.289,10.24,3.494824794,10.24,2.712163209
10.25,3.307,10.25,3.482398656,10.25,2.698836697
10.26,3.3,10.26,3.470681309,10.26,2.691453199
10.27,3.305,10.27,3.471124989,10.27,2.696634408
10.28,3.311,10.28,3.463248163,10.28,2.693142126
10.29,3.298,10.29,3.466241935,10.29,2.691940111
10.3,3.29,10.3,3.452136941,10.3,2.685520387
10.31,3.295,10.31,3.459096946,10.31,2.689665393
10.32,3.291,10.32,3.460418519,10.32,2.689028097
10.33,3.289,10.33,3.459612326,10.33,2.692136949
10.34,3.282,10.34,3.463086503,10.34,2.698919424
10.35,3.286,10.35,3.471629987,10.35,2.709049069
10.36,3.285,10.36,3.477566831,10.36,2.71121502
10.37,3.288,10.37,3.492544887,10.37,2.725764396
10.38,3.295,10.38,3.483260697,10.38,2.718640115
10.39,3.306,10.39,3.466934446,10.39,2.705241063
10.4,3.309,10.4,3.452109647,10.4,2.687893657
10.41,3.325,10.41,3.444973731,10.41,2.682872599
10.42,3.319,10.42,3.445806919,10.42,2.681540864
10.43,3.306,10.43,3.442434728,10.43,2.682027923
10.44,3.288,10.44,3.437982148,10.44,2.684007277
10.45,3.282,10.45,3.4467392,10.45,2.693007361
10.46,3.279,10.46,3.450105763,10.46,2.69953599
10.47,3.278,10.47,3.437608386,10.47,2.692209639
10.48,3.279,10.48,3.430708171,10.48,2.690883184
10.49,3.288,10.49,3.436708477,10.49,2.69541161
10.5,3.295,10.5,3.426835372,10.5,2.686592908
10.51,3.288,10.51,3.42173718,10.51,2.687028135
10.52,3.287,10.52,3.431395585,10.52,2.694919323
10.53,3.292,10.53,3.434759144,10.53,2.706339117
10.54,3.283,10.54,3.423910017,10.54,2.697266719
10.55,3.283,10.55,3.419052968,10.55,2.693012804
10.56,3.291,10.56,3.416510094,10.56,2.69468626
10.57,3.303,10.57,3.413538087,10.57,2.696577395
10.58,3.294,10.58,3.404170714,10.58,2.686302801
10.59,3.29,10.59,3.39512046,10.59,2.685737973
10.6,3.292,10.6,3.408296511,10.6,2.695665407
10.61,3.294,10.61,3.40261052,10.61,2.695665474
10.62,3.283,10.62,3.394447554,10.62,2.6976656
10.63,3.282,10.63,3.398650323,10.63,2.70304907
10.64,3.292,10.64,3.387099709,10.64,2.691795131
10.65,3.292,10.65,3.381281226,10.65,2.689012676
10.66,3.294,10.66,3.385221231,10.66,2.700795026
10.67,3.3,10.67,3.369269563,10.67,2.693903847
10.68,3.289,10.68,3.35942137,10.68,2.690375399
10.69,3.286,10.69,3.349615364,10.69,2.683701727
10.7,3.298,10.7,3.349800176,10.7,2.694520299
10.71,3.291,10.71,3.367407489,10.71,2.71212152
10.72,3.287,10.72,3.340053017,10.72,2.691230445
10.73,3.28,10.73,3.331663156,10.73,2.691194142
10.74,3.291,10.74,3.327095305,10.74,2.69186754
10.75,3.309,10.75,3.325599813,10.75,2.698686149
10.76,3.288,10.76,3.327901713,10.76,2.705903977
10.77,3.288,10.77,3.304785863,10.77,2.690903992
10.78,3.289,10.78,3.292541507,10.78,2.688012695
10.79,3.296,10.79,3.284411689,10.79,2.690085097
10.8,3.303,10.8,3.285257921,10.8,2.694266432
10.81,3.288,10.81,3.274557002,10.81,2.695665526
10.82,3.285,10.82,3.271547648,10.82,2.690701814
10.83,3.287,10.83,3.265003789,10.83,2.689665493
10.84,3.291,10.84,3.25923943,10.84,2.693556648
10.85,3.292,10.85,3.254774113,10.85,2.697447884
10.86,3.287,10.86,3.242552954,10.86,2.690629275
10.87,3.286,10.87,3.22816239,10.87,2.687738038
10.88,3.29,10.88,3.224835169,10.88,2.687810491
10.89,3.294,10.89,3.194579787,10.89,2.663934673
10.9,3.287,10.9,3.166478745,10.9,2.649784166
10.91,3.284,10.91,3.207551397,10.91,2.691856678
10.92,3.284,10.92,3.358054273,10.92,2.84698215
10.93,3.259,10.93,3.382336664,10.93,2.869056511
10.94,3.243,10.94,3.194744059,10.94,2.6810049
10.95,3.285,10.95,3.032013763,10.95,2.534810767
10.96,3.446,10.96,3.041774947,10.96,2.556522761
10.97,3.475,10.97,3.119756903,10.97,2.64995766
10.98,3.288,10.98,3.158718943,10.98,2.700850926
10.99,3.138,10.99,3.163389862,10.99,2.715417406
11,3.155,11,3.164792102,11,2.717251892
11.01,3.241,11.01,3.158056885,11.01,2.705919927
11.02,3.285,11.02,3.149198619,11.02,2.704670983
11.03,3.3,11.03,3.142283292,11.03,2.704981761
11.04,3.308,11.04,3.13247663,11.04,2.69905424
11.05,3.302,11.05,3.128527042,11.05,2.704235603
11.06,3.303,11.06,3.118152936,11.06,2.699380655
11.07,3.304,11.07,3.10887512,11.07,2.694743307
11.08,3.298,11.08,3.1020833,11.08,2.685504874
11.09,3.303,11.09,3.097724842,11.09,2.690867462
11.1,3.298,11.1,3.095213086,11.1,2.691411516
11.11,3.293,11.11,3.09205953,11.11,2.697556684
11.12,3.283,11.12,3.092191451,11.12,2.696556778
11.13,3.288,11.13,3.076841231,11.13,2.68270178
11.14,3.288,11.14,3.077313611,11.14,2.690737972
11.15,3.294,11.15,3.090246214,11.15,2.706193971
11.16,3.293,11.16,3.079921919,11.16,2.710686409
11.17,3.279,11.17,3.090387046,11.17,2.713033777
11.18,3.287,11.18,3.070624991,11.18,2.703199536
11.19,3.303,11.19,3.065710249,11.19,2.700727879
11.2,3.308,11.2,3.056686768,11.2,2.695054178
11.21,3.311,11.21,3.037483376,11.21,2.68303331
11.22,3.302,11.22,3.029849476,11.22,2.676411417
11.23,3.3,11.23,3.031380373,11.23,2.679390578
11.24,3.294,11.24,3.034174192,11.24,2.684152265
11.25,3.281,11.25,3.045238769,11.25,2.699152461
11.26,3.273,11.26,3.032378166,11.26,2.6948262
11.27,3.275,11.27,3.047948418,11.27,2.707701963
11.28,3.279,11.28,3.034498521,11.28,2.700867797
11.29,3.294,11.29,3.021299025,11.29,2.687650062
11.3,3.29,11.3,3.021697431,11.3,2.692795045
11.31,3.304,11.31,3.029657352,11.31,2.697613619
11.32,3.298,11.32,3.018134237,11.32,2.696012677
11.33,3.285,11.33,3.009937719,11.33,2.68752048
11.34,3.29,11.34,3.020920243,11.34,2.692375318
11.35,3.295,11.35,3.006169182,11.35,2.693375287
11.36,3.293,11.36,3.008218536,11.36,2.701266571
11.37,3.284,11.37,3.006074138,11.37,2.692411717
11.38,3.289,11.38,2.996122504,11.38,2.687411635
11.39,3.29,11.39,3.00021618,11.39,2.695302771
11.4,3.298,11.4,3.001684509,11.4,2.698121437
11.41,3.289,11.41,2.993762029,11.41,2.697266628
11.42,3.284,11.42,2.996446019,11.42,2.697085314
11.43,3.292,11.43,2.983128601,11.43,2.693831362
11.44,3.295,11.44,2.980119994,11.44,2.689048912
11.45,3.294,11.45,2.983896369,11.45,2.686484077
11.46,3.294,11.46,2.991171258,11.46,2.698447821
11.47,3.291,11.47,2.982440549,11.47,2.698411649
11.48,3.286,11.48,2.98023401,11.48,2.695375459
11.49,3.283,11.49,2.977770293,11.49,2.69033915
11.5,3.295,11.5,2.988592183,11.5,2.696940103
11.51,3.295,11.51,2.988009888,11.51,2.698903873
11.52,3.292,11.52,2.99072717,11.52,2.695976469
11.53,3.287,11.53,2.994151414,11.53,2.699795155
11.54,3.294,11.54,2.988344295,11.54,2.692686286
11.55,3.296,11.55,2.984608072,11.55,2.685121433
11.56,3.293,11.56,2.984969869,11.56,2.691411532
11.57,3.297,11.57,2.988921517,11.57,2.696411543
11.58,3.29,11.58,2.984028759,11.58,2.689810583
11.59,3.282,11.59,2.992834095,11.59,2.696701825
11.6,3.288,11.6,2.98624226,11.6,2.693411637
11.61,3.293,11.61,2.983132984,11.61,2.688520409
11.62,3.286,11.62,2.990155044,11.62,2.695556694
11.63,3.293,11.63,2.985833937,11.63,2.68570171
11.64,3.29,11.64,2.980311579,11.64,2.682245707
11.65,3.285,11.65,2.959789043,11.65,2.657623742
11.66,3.292,11.66,2.957642983,11.66,2.661711576
11.67,3.282,11.67,3.060747166,11.67,2.756535864
11.68,3.278,11.68,3.172269311,11.68,2.860008782
11.69,3.252,11.69,3.106223706,11.69,2.791657671
11.7,3.255,11.7,2.923874429,11.7,2.613853655
11.71,3.352,11.71,2.862537401,11.71,2.546731751
11.72,3.462,11.72,2.918233476,11.72,2.607134052
11.73,3.398,11.73,2.981276317,11.73,2.676279909
11.74,3.219,11.74,3.018381387,11.74,2.710981346
11.75,3.148,11.75,3.015282966,11.75,2.704334614
11.76,3.203,11.76,3.024774212,11.76,2.704894058
11.77,3.265,11.77,3.040702322,11.77,2.713012976
11.78,3.296,11.78,3.030430641,11.78,2.697888514
11.79,3.292,11.79,3.026026613,11.79,2.697888488
11.8,3.298,11.8,3.039698153,11.8,2.704489448
11.81,3.31,11.81,3.030647837,11.81,2.694670738
11.82,3.296,11.82,3.040589111,11.82,2.696251088
11.83,3.296,11.83,3.039865749,11.83,2.691504897
11.84,3.303,11.84,3.032439526,11.84,2.688867506
11.85,3.293,11.85,3.045323502,11.85,2.688520352
11.86,3.294,11.86,3.064432488,11.86,2.70037531
11.87,3.289,11.87,3.069540716,11.87,2.703157828
11.88,3.286,11.88,3.070542503,11.88,2.7008315
11.89,3.285,11.89,3.083463873,11.89,2.699432533
11.9,3.297,11.9,3.084817204,11.9,2.705743367
11.91,3.3,11.91,3.095683897,11.91,2.70452578
11.92,3.298,11.92,3.085748158,11.92,2.697670863
11.93,3.297,11.93,3.094167149,11.93,2.701598286
11.94,3.304,11.94,3.093465459,11.94,2.701489434
11.95,3.303,11.95,3.078591757,11.95,2.691033446
11.96,3.296,11.96,3.092974076,11.96,2.693468638
11.97,3.3,11.97,3.084520406,11.97,2.684976295
11.98,3.3,11.98,3.103400141,11.98,2.691411503
11.99,3.289,11.99,3.106535077,11.99,2.695701736
12,3.291,12,3.097547755,12,2.682100682
12.01,3.282,12.01,3.100351889,12.01,2.688354557
12.02,3.288,12.02,3.111825483,12.02,2.693100634
12.03,3.292,12.03,3.115651029,12.03,2.687282006
12.04,3.278,12.04,3.134230808,12.04,2.697245843
12.05,3.284,12.05,3.120647813,12.05,2.695738078
12.06,3.289,12.06,3.110191418,12.06,2.682919379
12.07,3.283,12.07,3.127918117,12.07,2.685209464
12.08,3.293,12.08,3.135512515,12.08,2.693955516
12.09,3.292,12.09,3.150706906,12.09,2.701774305
12.1,3.279,12.1,3.143050288,12.1,2.697701929
12.11,3.281,12.11,3.149213119,12.11,2.694266678
12.12,3.29,12.12,3.163998977,12.12,2.703541246
12.13,3.298,12.13,3.147552232,12.13,2.693504945
12.14,3.294,12.14,3.169965393,12.14,2.687976413
12.15,3.291,12.15,3.159420634,12.15,2.695048898
12.16,3.301,12.16,3.177729665,12.16,2.696940073
12.17,3.291,12.17,3.179572102,12.17,2.699121542
12.18,3.285,12.18,3.162743344,12.18,2.694121572
12.19,3.292,12.19,3.185029203,12.19,2.698722568
12.2,3.294,12.2,3.149012215,12.2,2.685085188
12.21,3.296,12.21,3.176248266,12.21,2.690339007
12.22,3.291,12.22,3.173922682,12.22,2.697411571
12.23,3.296,12.23,3.185873771,12.23,2.704048976
12.24,3.282,12.24,3.169469241,12.24,2.693266702
12.25,3.287,12.25,3.17022359,12.25,2.689121525
12.26,3.294,12.26,3.183868317,12.26,2.690121397
12.27,3.301,12.27,3.193703128,12.27,2.69615765
12.28,3.29,12.28,3.186856394,12.28,2.694520448
12.29,3.286,12.29,3.185588262,12.29,2.694484217
12.3,3.287,12.3,3.194838007,12.3,2.691411643
12.31,3.293,12.31,3.190389071,12.31,2.695230262
12.32,3.291,12.32,3.188389991,12.32,2.68755667
12.33,3.291,12.33,3.20353026,12.33,2.691665459
12.34,3.288,12.34,3.209927506,12.34,2.700447893
12.35,3.292,12.35,3.212940157,12.35,2.693375392
12.36,3.284,12.36,3.207697212,12.36,2.691520495
12.37,3.288,12.37,3.197635249,12.37,2.674991827
12.38,3.297,12.38,3.168222891,12.38,2.643804928
12.39,3.29,12.39,3.185971119,12.39,2.666182957
12.4,3.288,12.4,3.356157955,12.4,2.818613852
12.41,3.271,12.41,3.434467991,12.41,2.884325568
12.42,3.238,12.42,3.282737006,12.42,2.723186453
12.43,3.259,12.43,3.092301864,12.43,2.549267371
12.44,3.416,12.44,3.111726559,12.44,2.555036226
12.45,3.489,12.45,3.182357812,12.45,2.626180335
12.46,3.33,12.46,3.237941268,12.46,2.693798674
12.47,3.153,12.47,3.258507683,12.47,2.717816129
12.48,3.155,12.48,3.265964281,12.48,2.709521264
12.49,3.219,12.49,3.278670396,12.49,2.708153151
12.5,3.279,12.5,3.288918555,12.5,2.709924885
12.51,3.302,12.51,3.270467091,12.51,2.699235652
12.52,3.299,12.52,3.302300773,12.52,2.714800468
12.53,3.303,12.53,3.280425584,12.53,2.697872965
12.54,3.308,12.54,3.266436628,12.54,2.688453152
12.55,3.298,12.55,3.289821766,12.55,2.686323474
12.56,3.314,12.56,3.293843792,12.56,2.694540974
12.57,3.297,12.57,3.289147309,12.57,2.692447835
12.58,3.287,12.58,3.295093399,12.58,2.685991915
12.59,3.284,12.59,3.26648695,12.59,2.686173202
12.6,3.292,12.6,3.315301429,12.6,2.697810491
12.61,3.289,12.61,3.310018807,12.61,2.705447955
12.62,3.282,12.62,3.30063141,12.62,2.704976621
12.63,3.282,12.63,3.322478685,12.63,2.706178745
12.64,3.294,12.64,3.32813541,12.64,2.713090654
12.65,3.302,12.65,3.343849323,12.65,2.711474101
12.66,3.302,12.66,3.329174218,12.66,2.699582881
12.67,3.304,12.67,3.307841581,12.67,2.69583663
12.68,3.312,12.68,3.327684452,12.68,2.686525554
12.69,3.311,12.69,3.315887241,12.69,2.685577263
12.7,3.299,12.7,3.295644016,12.7,2.680810385
12.71,3.295,12.71,3.295170859,12.71,2.682572014
12.72,3.285,12.72,3.316429839,12.72,2.688007303
12.73,3.283,12.73,3.327774364,12.73,2.700608467
12.74,3.277,12.74,3.307280609,12.74,2.692427241
12.75,3.278,12.75,3.303742707,12.75,2.692028279
12.76,3.283,12.76,3.292505176,12.76,2.691665509
12.77,3.296,12.77,3.306463926,12.77,2.701121454
12.78,3.288,12.78,3.317866122,12.78,2.698157831
12.79,3.288,12.79,3.322302675,12.79,2.699831448
12.8,3.288,12.8,3.290419252,12.8,2.688903924
12.81,3.298,12.81,3.305686385,12.81,2.677411502
12.82,3.295,12.82,3.332078825,12.82,2.692737865
12.83,3.297,12.83,3.310784515,12.83,2.699701679
12.84,3.286,12.84,3.313556541,12.84,2.69781068
12.85,3.274,12.85,3.298449493,12.85,2.686919512
12.86,3.289,12.86,3.304433143,12.86,2.691411584
12.87,3.296,12.87,3.308579252,12.87,2.692411531
12.88,3.294,12.88,3.316538176,12.88,2.697484147
12.89,3.283,12.89,3.322193157,12.89,2.69748425
12.9,3.288,12.9,3.307795388,12.9,2.696121552
12.91,3.289,12.91,3.319440416,12.91,2.694012718
12.92,3.294,12.92,3.320032281,12.92,2.695867602
12.93,3.294,12.93,3.31464568,12.93,2.694940141
12.94,3.293,12.94,3.325021732,12.94,2.692121481
12.95,3.291,12.95,3.327075688,12.95,2.695157747
12.96,3.293,12.96,3.343658131,12.96,2.701867626
12.97,3.292,12.97,3.329625752,12.97,2.696831409
12.98,3.289,12.98,3.349695032,12.98,2.69772262
12.99,3.292,12.99,3.342842062,12.99,2.693650022
13,3.299,13,3.36094679,13,2.698504908
13.01,3.294,13.01,3.372571686,13.01,2.693795081
13.02,3.295,13.02,3.347826117,13.02,2.681375306
13.03,3.291,13.03,3.365545348,13.03,2.693556605
13.04,3.296,13.04,3.382236441,13.04,2.702266496
13.05,3.291,13.05,3.381770988,13.05,2.696375443
13.06,3.278,13.06,3.373139562,13.06,2.693411764
13.07,3.29,13.07,3.379538673,13.07,2.691048934
13.08,3.299,13.08,3.387392988,13.08,2.691121394
13.09,3.293,13.09,3.371848203,13.09,2.683810492
13.1,3.29,13.1,3.363354761,13.1,2.661152285
13.11,3.288,13.11,3.345658198,13.11,2.63829182
13.12,3.288,13.12,3.367988138,13.12,2.672162131
13.13,3.28,13.13,3.546120693,13.13,2.840722827
13.14,3.256,13.14,3.59857607,13.14,2.879325828
13.15,3.231,13.15,3.455147207,13.15,2.720715058
13.16,3.264,13.16,3.284757078,13.16,2.561070472
13.17,3.438,13.17,3.27795047,13.17,2.56076681
13.18,3.484,13.18,3.344196877,13.18,2.633418876
13.19,3.328,13.19,3.400184939,13.19,2.685145891
13.2,3.166,13.2,3.428402722,13.2,2.712271969
13.21,3.162,13.21,3.429820338,13.21,2.719085959
13.22,3.227,13.22,3.44320731,13.22,2.706044344
13.23,3.271,13.23,3.443397017,13.23,2.701432693
13.24,3.297,13.24,3.427690659,13.24,2.698489473
13.25,3.309,13.25,3.42737815,13.25,2.695598176
13.26,3.301,13.26,3.424270492,13.26,2.69517849
13.27,3.299,13.27,3.428782147,13.27,2.689686217
13.28,3.297,13.28,3.411900375,13.28,2.681447784
13.29,3.294,13.29,3.436815378,13.29,2.695629117
13.3,3.293,13.3,3.423453285,13.3,2.68991931
13.31,3.287,13.31,3.427810474,13.31,2.693064469
13.32,3.278,13.32,3.438301328,13.32,2.695883172
13.33,3.292,13.33,3.42304747,13.33,2.691520424
13.34,3.286,13.34,3.439139218,13.34,2.703230349
13.35,3.289,13.35,3.447033777,13.35,2.708505049
13.36,3.292,13.36,3.469683869,13.36,2.718489665
13.37,3.288,13.37,3.457759683,13.37,2.712764389
13.38,3.3,13.38,3.458085733,13.38,2.711893878
13.39,3.306,13.39,3.450139162,13.39,2.702784957
13.4,3.317,13.4,3.44324458,13.4,2.699038692
13.41,3.312,13.41,3.438956409,13.41,2.686199183
13.42,3.312,13.42,3.424528948,13.42,2.677540967
13.43,3.303,13.43,3.435796125,13.43,2.680810298
13.44,3.299,13.44,3.447782755,13.44,2.691390649
13.45,3.285,13.45,3.437098571,13.45,2.688934844
13.46,3.275,13.46,3.44280234,13.46,2.684152519
13.47,3.277,13.47,3.459448539,13.47,2.700390881
13.48,3.287,13.48,3.470931076,13.48,2.705484233
13.49,3.284,13.49,3.464424509,13.49,2.692411786
13.5,3.279,13.5,3.458387783,13.5,2.688375445
13.51,3.296,13.51,3.460157766,13.51,2.686230159
13.52,3.302,13.52,3.474365949,13.52,2.696338955
13.53,3.289,13.53,3.459614252,13.53,2.681245744
13.54,3.285,13.54,3.472778314,13.54,2.695173231
13.55,3.283,13.55,3.48686949,13.55,2.698810588
13.56,3.293,13.56,3.487357841,13.56,2.697411681
13.57,3.277,13.57,3.490020378,13.57,2.694484299
13.58,3.291,13.58,3.478441372,13.58,2.693976421
13.59,3.295,13.59,3.479625787,13.59,2.686266496
13.6,3.294,13.6,3.50472738,13.6,2.70115771
13.61,3.291,13.61,3.499605489,13.61,2.702940196
13.62,3.291,13.62,3.491245682,13.62,2.696831458
13.63,3.283,13.63,3.486593089,13.63,2.689976499
13.64,3.298,13.64,3.501074412,13.64,2.689831251
13.65,3.3,13.65,3.495650718,13.65,2.68926643
13.66,3.294,13.66,3.499556138,13.66,2.700375324
13.67,3.287,13.67,3.500641127,13.67,2.694484221
13.68,3.287,13.68,3.485909726,13.68,2.691447949
13.69,3.286,13.69,3.491426353,13.69,2.689484151
13.7,3.297,13.7,3.497415809,13.7,2.696230213
13.71,3.291,13.71,3.502339723,13.71,2.697339105
13.72,3.288,13.72,3.498124597,13.72,2.698194097
13.73,3.286,13.73,3.475828314,13.73,2.687339137
13.74,3.293,13.74,3.499125595,13.74,2.691266499
13.75,3.294,13.75,3.49463172,13.75,2.693375283
13.76,3.295,13.76,3.496148693,13.76,2.693520398
13.77,3.284,13.77,3.50271323,13.77,2.705266645
13.78,3.288,13.78,3.497946468,13.78,2.697867718
13.79,3.29,13.79,3.510198576,13.79,2.696650096
13.8,3.29,13.8,3.497644758,13.8,2.691686288
13.81,3.302,13.81,3.476093018,13.81,2.683048826
13.82,3.295,13.82,3.483157897,13.82,2.691556578
13.83,3.294,13.83,3.48697809,13.83,2.691810485
13.84,3.289,13.84,3.479058826,13.84,2.682390817
13.85,3.28,13.85,3.412953881,13.85,2.650022724
13.86,3.288,13.86,3.411886922,13.86,2.645545636
13.87,3.288,13.87,3.507288738,13.87,2.739877523
13.88,3.278,13.88,3.666628685,13.88,2.890480209
13.89,3.244,13.89,3.60862637,13.89,2.832606272
13.9,3.238,13.9,3.380905674,13.9,2.618294704
13.91,3.334,13.91,3.294481152,13.91,2.536846068
13.92,3.492,13.92,3.328191218,13.92,2.583392795
13.93,3.44,13.93,3.389728247,13.93,2.653460685
13.94,3.225,13.94,3.407847495,13.94,2.699193369
13.95,3.14,13.95,3.4192497,13.95,2.716401835
13.96,3.181,13.96,3.40877831,13.96,2.710526331
13.97,3.242,13.97,3.418577858,13.97,2.708064974
13.98,3.282,13.98,3.407641169,13.98,2.713525952
13.99,3.302,13.99,3.402397465,13.99,2.700873006
14,3.302,14,3.404308506,14,2.7038367
14.01,3.304,14.01,3.397234336,14.01,2.703800374
14.02,3.312,14.02,3.365712427,14.02,2.687453111
14.03,3.3,14.03,3.362669532,14.03,2.67490374
14.04,3.303,14.04,3.365230681,14.04,2.686520155
14.05,3.303,14.05,3.370794093,14.05,2.694955447
14.06,3.286,14.06,3.373054605,14.06,2.68864475
14.07,3.272,14.07,3.347394942,14.07,2.690644821
14.08,3.283,14.08,3.354748746,14.08,2.690136964
14.09,3.291,14.09,3.355011018,14.09,2.686173183
14.1,3.284,14.1,3.384832225,14.1,2.713484219
14.11,3.286,14.11,3.364574498,14.11,2.724106236
14.12,3.286,14.12,3.356427482,14.12,2.720873319
14.13,3.282,14.13,3.356176301,14.13,2.699401767
14.14,3.31,14.14,3.361950819,14.14,2.700712325
14.15,3.322,14.15,3.347905717,14.15,2.702966056
14.16,3.32,14.16,3.326302577,14.16,2.697872805
14.17,3.299,14.17,3.343904967,14.17,2.68135983
14.18,3.301,14.18,3.332054633,14.18,2.688831181
14.19,3.303,14.19,3.327398464,14.19,2.691302641
14.2,3.297,14.2,3.313219432,14.2,2.69088304
14.21,3.279,14.21,3.320234262,14.21,2.688354623
14.22,3.286,14.22,3.307823255,14.22,2.687209472
14.23,3.288,14.23,3.309271594,14.23,2.689245717
14.24,3.287,14.24,3.320549161,14.24,2.690318278
14.25,3.284,14.25,3.319230201,14.25,2.694209527
14.26,3.283,14.26,3.307883327,14.26,2.690137009
14.27,3.285,14.27,3.301576874,14.27,2.688100708
14.28,3.286,14.28,3.319399479,14.28,2.696810556
14.29,3.29,14.29,3.317707639,14.29,2.696556711
14.3,3.286,14.3,3.323215305,14.3,2.691629296
14.31,3.284,14.31,3.316713182,14.31,2.694447932
14.32,3.293,14.32,3.303831534,14.32,2.692266522
14.33,3.293,14.33,3.324747482,14.33,2.699157754
14.34,3.288,14.34,3.324237972,14.34,2.705795168
14.35,3.291,14.35,3.314652442,14.35,2.698505055
14.36,3.289,14.36,3.308828836,14.36,2.685795132
14.37,3.296,14.37,3.322778186,14.37,2.693722453
14.38,3.303,14.38,3.328169028,14.38,2.6977587
14.39,3.296,14.39,3.312265599,14.39,2.683592935
14.4,3.283,14.4,3.328276854,14.4,2.690919366
14.41,3.291,14.41,3.3290468,14.41,2.700411576
14.42,3.295,14.42,3.332931722,14.42,2.698266591
14.43,3.28,14.43,3.33996659,14.43,2.690556821
14.44,3.287,14.44,3.33681113,14.44,2.696085234
14.45,3.297,14.45,3.343720285,14.45,2.698758776
14.46,3.295,14.46,3.320287356,14.46,2.692048965
14.47,3.287,14.47,3.335725421,14.47,2.681665488
14.48,3.293,14.48,3.323430822,14.48,2.686810432
14.49,3.296,14.49,3.329384212,14.49,2.70162913
14.5,3.289,14.5,3.354263026,14.5,2.705411724
14.51,3.278,14.51,3.311367311,14.51,2.696266772
14.52,3.283,14.52,3.321397315,14.52,2.685121553
14.53,3.298,14.53,3.312574124,14.53,2.684193866
14.54,3.302,14.54,3.321270376,14.54,2.69155651
14.55,3.293,14.55,3.315358733,14.55,2.701701744
14.56,3.282,14.56,3.319700434,14.56,2.69573816
14.57,3.281,14.57,3.318079347,14.57,2.703085364
14.58,3.288,14.58,3.300865133,14.58,2.690831403
14.59,3.298,14.59,3.31703123,14.59,2.699504924
14.6,3.292,14.6,3.284412733,14.6,2.69665002
14.61,3.3,14.61,3.294902462,14.61,2.688867581
14.62,3.288,14.62,3.262455264,14.62,2.650825896
14.63,3.297,14.63,3.243627503,14.63,2.6282554
14.64,3.294,14.64,3.307021422,14.64,2.713892762
14.65,3.286,14.65,3.465642825,14.65,2.879184447
14.66,3.246,14.66,3.465211856,14.66,2.851948077
14.67,3.221,14.67,3.267340275,14.67,2.64669399
14.68,3.307,14.68,3.119349444,14.68,2.526027831
14.69,3.479,14.69,3.176032822,14.69,2.576812584
14.7,3.458,14.7,3.255269318,14.7,2.653372391
14.71,3.253,14.71,3.270079674,14.71,2.705504116
14.72,3.129,14.72,3.29764194,14.72,2.713837174
14.73,3.175,14.73,3.306837693,14.73,2.715381327
14.74,3.243,14.74,3.305435158,14.74,2.713484711
14.75,3.289,14.75,3.288188762,14.75,2.707199534
14.76,3.299,14.76,3.2963361,14.76,2.700800467
14.77,3.307,14.77,3.273507618,14.77,2.688235516
14.78,3.31,14.78,3.283199119,14.78,2.688960752
14.79,3.306,14.79,3.283181604,14.79,2.698468522
14.8,3.3,14.8,3.275178698,14.8,2.692085174
14.81,3.287,14.81,3.281501412,14.81,2.687665522
14.82,3.287,14.82,3.291665401,14.82,2.697411607
14.83,3.296,14.83,3.27411828,14.83,2.685592896
14.84,3.289,14.84,3.27187767,14.84,2.685136931
14.85,3.284,14.85,3.287961369,14.85,2.688318243
14.86,3.294,14.86,3.301136313,14.86,2.708556666
14.87,3.282,14.87,3.304994352,14.87,2.709121689
14.88,3.281,14.88,3.300284768,14.88,2.712106296
14.89,3.284,14.89,3.314732811,14.89,2.715873177
14.9,3.305,14.9,3.320964329,14.9,2.706075151
14.91,3.306,14.91,3.288551102,14.91,2.698328943
14.92,3.31,14.92,3.286909044,14.92,2.694764017
14.93,3.315,14.93,3.3072038,14.93,2.689561811
14.94,3.306,14.94,3.279035238,14.94,2.679939971
14.95,3.298,14.95,3.270859209,14.95,2.680991707
14.96,3.294,14.96,3.279637367,14.96,2.684644534
14.97,3.288,14.97,3.29757624,14.97,2.696717198
14.98,3.277,14.98,3.276526591,14.98,2.693681084
14.99,3.277,14.99,3.28750563,14.99,2.690354685
15,3.28,15,3.286980474,15,2.697738087
15.01,3.292,15.01,3.28199591,15.01,2.694339091
15.02,3.289,15.02,3.279675261,15.02,2.688592983
15.03,3.286,15.03,3.2659933,15.03,2.681028122
15.04,3.294,15.04,3.268133373,15.04,2.683281879
15.05,3.291,15.05,3.268915587,15.05,2.682862173
15.06,3.285,15.06,3.287889398,15.06,2.704535905
15.07,3.277,15.07,3.301924966,15.07,2.71748438
15.08,3.279,15.08,3.271632884,15.08,2.699759125
15.09,3.278,15.09,3.281840928,15.09,2.698142479
15.1,3.3,15.1,3.283358336,15.1,2.694598196
15.11,3.314,15.11,3.273744374,15.11,2.699670662
15.12,3.297,15.12,3.272005917,15.12,2.695432408
15.13,3.296,15.13,3.267356026,15.13,2.686903857
15.14,3.293,15.14,3.255637181,15.14,2.691193948
15.15,3.298,15.15,3.26013333,15.15,2.698121403
15.16,3.293,15.16,3.263399885,15.16,2.695339112
15.17,3.284,15.17,3.24741124,15.17,2.683810612
15.18,3.288,15.18,3.25512459,15.18,2.695520384
15.19,3.295,15.19,3.25210868,15.19,2.701157715
15.2,3.292,15.2,3.260028138,15.2,2.700085306
15.21,3.28,15.21,3.251260797,15.21,2.698940309
15.22,3.292,15.22,3.242234747,15.22,2.690650031
15.23,3.298,15.23,3.235557425,15.23,2.692722479
15.24,3.297,15.24,3.230448369,15.24,2.687230195
15.25,3.296,15.25,3.244080476,15.25,2.684810461
15.26,3.288,15.26,3.246071353,15.26,2.699810526
15.27,3.29,15.27,3.237679662,15.27,2.694701786
15.28,3.284,15.28,3.245630747,15.28,2.69562933
15.29,3.281,15.29,3.244136391,15.29,2.697266637
15.3,3.296,15.3,3.253909422,15.3,2.69390387
15.31,3.291,15.31,3.254561882,15.31,2.691194023
15.32,3.292,15.32,3.248939163,15.32,2.688411576
15.33,3.294,15.33,3.252331183,15.33,2.690592883
15.34,3.291,15.34,3.252347683,15.34,2.693737994
15.35,3.288,15.35,3.269831786,15.35,2.696665523
15.36,3.285,15.36,3.256828315,15.36,2.691665553
15.37,3.287,15.37,3.259739066,15.37,2.695411653
15.38,3.29,15.38,3.261328075,15.38,2.701976444
15.39,3.293,15.39,3.244714673,15.39,2.692012724
15.4,3.288,15.4,3.246439472,15.4,2.677701747
15.41,3.292,15.41,3.225593048,15.41,2.664717016
15.42,3.299,15.42,3.202048408,15.42,2.644675217
15.43,3.289,15.43,3.240448944,15.43,2.692183045
15.44,3.274,15.44,3.417546658,15.44,2.859054779
15.45,3.26,15.45,3.427624767,15.45,2.867802713
15.46,3.238,15.46,3.2462411,15.46,2.674041218
15.47,3.285,15.47,3.0980009,15.47,2.539484304
15.48,3.458,15.48,3.109970638,15.48,2.562942425
15.49,3.474,15.49,3.198684354,15.49,2.643066523
15.5,3.281,15.5,3.25144974,15.5,2.70188722
15.51,3.143,15.51,3.258419406,15.51,2.718090937
15.52,3.162,15.52,3.266744062,15.52,2.715179337
15.53,3.234,15.53,3.271967878,15.53,2.719593615
15.54,3.286,15.54,3.273297383,15.54,2.718546806
15.55,3.303,15.55,3.253602354,15.55,2.700038917
15.56,3.306,15.56,3.239020466,15.56,2.689546478
15.57,3.316,15.57,3.246317938,15.57,2.703655118
15.58,3.318,15.58,3.231097098,15.58,2.689670627
15.59,3.3,15.59,3.238306189,15.59,2.684976353
15.6,3.289,15.6,3.22879783,15.6,2.694302748
15.61,3.303,15.61,3.238466204,15.61,2.689411498
15.62,3.288,15.62,3.224602466,15.62,2.687136963
15.63,3.282,15.63,3.231676254,15.63,2.694064439
15.64,3.291,15.64,3.223244089,15.64,2.693774277
15.65,3.286,15.65,3.223138073,15.65,2.687064461
15.66,3.283,15.66,3.241447664,15.66,2.706447946
15.67,3.29,15.67,3.251116599,15.67,2.72017868
15.68,3.29,15.68,3.250157165,15.68,2.718199635
15.69,3.283,15.69,3.232696764,15.69,2.700836956
15.7,3.303,15.7,3.229894833,15.7,2.69347397
15.71,3.318,15.71,3.218468467,15.71,2.689981489
15.72,3.317,15.72,3.227649999,15.72,2.699706866
15.73,3.3,15.73,3.218387311,15.73,2.687867561
15.74,3.293,15.74,3.199761826,15.74,2.677810492
15.75,3.289,15.75,3.205410397,15.75,2.682354412
15.76,3.298,15.76,3.215392129,15.76,2.685644511
15.77,3.285,15.77,3.209921378,15.77,2.679515059
15.78,3.274,15.78,3.212430817,15.78,2.695333816
15.79,3.278,15.79,3.227968364,15.79,2.703427196
15.8,3.281,15.8,3.224002906,15.8,2.699774478
15.81,3.274,15.81,3.222001486,15.81,2.694411815
15.82,3.29,15.82,3.225691394,15.82,2.691867617
15.83,3.299,15.83,3.217211695,15.83,2.694795003
15.84,3.296,15.84,3.21481455,15.84,2.700831335
15.85,3.291,15.85,3.227103923,15.85,2.692085266
15.86,3.289,15.86,3.214603665,15.86,2.693121511
15.87,3.292,15.87,3.205069805,15.87,2.687302766
15.88,3.298,15.88,3.214532887,15.88,2.695302737
15.89,3.289,15.89,3.220484427,15.89,2.695520432
15.9,3.29,15.9,3.222998423,15.9,2.696375401
15.91,3.284,15.91,3.199645601,15.91,2.689520479
15.92,3.292,15.92,3.220539941,15.92,2.700048942
15.93,3.292,15.93,3.212731754,15.93,2.692157756
15.94,3.293,15.94,3.212459959,15.94,2.686484143
15.95,3.286,15.95,3.199645715,15.95,2.690701722
15.96,3.297,15.96,3.210309834,15.96,2.700302754
15.97,3.289,15.97,3.22564623,15.97,2.70319411
15.98,3.283,15.98,3.206962976,15.98,2.698940313
15.99,3.287,15.99,3.206591048,15.99,2.693650091
16,3.297,16,3.200807737,16,2.688686216
16.01,3.3,16.01,3.219950351,16.01,2.698722456
16.02,3.296,16.02,3.206985239,16.02,2.698867609
16.03,3.291,16.03,3.189718676,16.03,2.691157806
16.04,3.286,16.04,3.199833424,16.04,2.686447894
16.05,3.296,16.05,3.196334153,16.05,2.684629092
16.06,3.296,16.06,3.194588867,16.06,2.689028036
16.07,3.288,16.07,3.198144982,16.07,2.693282009
16.08,3.283,16.08,3.197120874,16.08,2.699028237
16.09,3.281,16.09,3.196761315,16.09,2.698593084
16.1,3.285,16.1,3.176787146,16.1,2.680738076
16.11,3.289,16.11,3.176159995,16.11,2.686810479
16.12,3.295,16.12,3.190580165,16.12,2.698592842
16.13,3.295,16.13,3.186673938,16.13,2.697629242
16.14,3.277,16.14,3.188448391,16.14,2.699593137
16.15,3.283,16.15,3.174951713,16.15,2.694085312
16.16,3.295,16.16,3.182385364,16.16,2.696686272
16.17,3.294,16.17,3.180484666,16.17,2.690940126
16.18,3.296,16.18,3.131644848,16.18,2.651644529
16.19,3.291,16.19,3.129097176,16.19,2.647638979
16.2,3.294,16.2,3.224017685,16.2,2.736188393
16.21,3.288,16.21,3.355680729,16.21,2.862060302
16.22,3.247,16.22,3.314876291,16.22,2.814274292
16.23,3.241,16.23,3.111209131,16.23,2.624890248
16.24,3.331,16.24,3.044007842,16.24,2.545296837
16.25,3.463,16.25,3.089168104,16.25,2.605937201
16.26,3.42,16.26,3.150454884,16.26,2.663554329
16.27,3.23,16.27,3.177609098,16.27,2.693706484
16.28,3.147,16.28,3.17646779,16.28,2.696785137
16.29,3.203,16.29,3.204994861,16.29,2.712090812
16.3,3.253,16.3,3.216897815,16.3,2.721919823
16.31,3.278,16.31,3.204511,16.31,2.707033837
16.32,3.283,16.32,3.211327265,16.32,2.705090767
16.33,3.304,16.33,3.186438023,16.33,2.691800344
16.34,3.318,16.34,3.197080531,16.34,2.695162874
16.35,3.305,16.35,3.192514384,16.35,2.690250946
16.36,3.304,16.36,3.192052343,16.36,2.69664992
16.37,3.291,16.37,3.20006032,16.37,2.698940169
16.38,3.294,16.38,3.194568729,16.38,2.69104897
16.39,3.288,16.39,3.172462738,16.39,2.681629205
16.4,3.294,16.4,3.189512882,16.4,2.6916291
16.41,3.296,16.41,3.209084545,16.41,2.700520357
16.42,3.288,16.42,3.195377819,16.42,2.699520526
16.43,3.278,16.43,3.210260661,16.43,2.710795294
16.44,3.288,16.44,3.225058006,16.44,2.713562189
16.45,3.297,16.45,3.220431224,16.45,2.717510454
16.46,3.296,16.46,3.203306923,16.46,2.699437882
16.47,3.308,16.47,3.196448643,16.47,2.691619004
16.48,3.312,16.48,3.204571116,16.48,2.689344189
16.49,3.317,16.49,3.198158926,16.49,2.691178301
16.5,3.299,16.5,3.192900869,16.5,2.689302728
16.51,3.291,16.51,3.182600254,16.51,2.678209425
16.52,3.288,16.52,3.180390887,16.52,2.674007228
16.53,3.289,16.53,3.197118453,16.53,2.685297331
16.54,3.286,16.54,3.214771071,16.54,2.705862291
16.55,3.274,16.55,3.216491455,16.55,2.706282281
16.56,3.269,16.56,3.202526887,16.56,2.700448206
16.57,3.28,16.57,3.20869868,16.57,2.698468826
16.58,3.301,16.58,3.210693879,16.58,2.694997158
16.59,3.302,16.59,3.188540836,16.59,2.688541129
16.6,3.297,16.6,3.204385005,16.6,2.691048866
16.61,3.296,16.61,3.204992353,16.61,2.688484066
16.62,3.293,16.62,3.214215023,16.62,2.687919299
16.63,3.286,16.63,3.219502665,16.63,2.693064416
16.64,3.288,16.64,3.219701511,16.64,2.698738048
16.65,3.285,16.65,3.223550267,16.65,2.702339198
16.66,3.284,16.66,3.21463716,16.66,2.698940288
16.67,3.289,16.67,3.213168606,16.67,2.689831401
16.68,3.295,16.68,3.203046567,16.68,2.687976345
16.69,3.299,16.69,3.210384659,16.69,2.690266424
16.7,3.296,16.7,3.204108783,16.7,2.68395553
16.71,3.287,16.71,3.212628096,16.71,2.697064412
16.72,3.285,16.72,3.223780545,16.72,2.700701814
16.73,3.287,16.73,3.229504556,16.73,2.700266678
16.74,3.28,16.74,3.227202515,16.74,2.707613926
16.75,3.293,16.75,3.217453482,16.75,2.69803356
16.76,3.297,16.76,3.218101381,16.76,2.686359872
16.77,3.297,16.77,3.213144186,16.77,2.682012546
16.78,3.305,16.78,3.211881548,16.78,2.690375136
16.79,3.296,16.79,3.229532551,16.79,2.699701697
16.8,3.284,16.8,3.222772617,16.8,2.69970188
16.81,3.279,16.81,3.209658734,16.81,2.691556834
16.82,3.287,16.82,3.219436914,16.82,2.693157771
16.83,3.296,16.83,3.222924444,16.83,2.694976358
16.84,3.296,16.84,3.219236807,16.84,2.687411578
16.85,3.288,16.85,3.210976218,16.85,2.685919328
16.86,3.29,16.86,3.20575066,16.86,2.688064344
16.87,3.292,16.87,3.235491971,16.87,2.699846789
16.88,3.284,16.88,3.24124991,16.88,2.699701862
16.89,3.282,16.89,3.223491854,16.89,2.692520555
16.9,3.284,16.9,3.221104418,16.9,2.698049014
16.91,3.296,16.91,3.227238318,16.91,2.696686259
16.92,3.296,16.92,3.20319499,16.92,2.679411579
16.93,3.289,16.93,3.176671663,16.93,2.640623679
16.94,3.295,16.94,3.191646197,16.94,2.658001542
16.95,3.294,16.95,3.321683626,16.95,2.79162913
16.96,3.276,16.96,3.417618699,16.96,2.873993602
16.97,3.235,16.97,3.302226513,16.97,2.752020565
16.98,3.251,16.98,3.119663514,16.98,2.570231424
16.99,3.388,16.99,3.094163321,16.99,2.554710281
17,3.477,17,3.179303016,17,2.630620954
17.01,3.358,17.01,3.225998104,17.01,2.686985066
17.02,3.174,17.02,3.242753098,17.02,2.707380723
17.03,3.155,17.03,3.260086334,17.03,2.707920107
17.04,3.225,17.04,3.239976696,17.04,2.702769597
17.05,3.274,17.05,3.256008173,17.05,2.704012901
17.06,3.292,17.06,3.258557774,17.06,2.703997296
17.07,3.297,17.07,3.270792238,17.07,2.709417021
17.08,3.297,17.08,3.266213197,17.08,2.701308223
17.09,3.301,17.09,3.242739225,17.09,2.685779587
17.1,3.302,17.1,3.244078806,17.1,2.673867419
17.11,3.308,17.11,3.256376139,17.11,2.685592644
17.12,3.3,17.12,3.267176733,17.12,2.700991752
17.13,3.284,17.13,3.268230984,17.13,2.701100832
17.14,3.271,17.14,3.283102677,17.14,2.700629479
17.15,3.282,17.15,3.270694083,17.15,2.694867731
17.16,3.297,17.16,3.276183069,17.16,2.6887225
17.17,3.297,17.17,3.283601902,17.17,2.702613691
17.18,3.297,17.18,3.287537783,17.18,2.711178586
17.19,3.292,17.19,3.311531697,17.19,2.719417156
17.2,3.286,17.2,3.302764459,17.2,2.712691885
17.21,3.3,17.21,3.286357173,17.21,2.701147709
17.22,3.309,17.22,3.275892374,17.22,2.695328851
17.23,3.318,17.23,3.269576071,17.23,2.685235372
17.24,3.312,17.24,3.279945542,17.24,2.686468446
17.25,3.301,17.25,3.276919019,17.25,2.68266531
17.26,3.295,17.26,3.277351747,17.26,2.688281913
17.27,3.284,17.27,3.286450085,17.27,2.697354571
17.28,3.284,17.28,3.289630373,17.28,2.696064512
17.29,3.279,17.29,3.286028572,17.29,2.686137065
17.3,3.284,17.3,3.275532435,17.3,2.680245725
17.31,3.293,17.31,3.270657606,17.31,2.680535729
17.32,3.292,17.32,3.281295978,17.32,2.687898436
17.33,3.282,17.33,3.284770731,17.33,2.69593486
17.34,3.276,17.34,3.302288045,17.34,2.701390986
17.35,3.276,17.35,3.297994024,17.35,2.699665683
17.36,3.283,17.36,3.293935265,17.36,2.697012808
17.37,3.291,17.37,3.282524023,17.37,2.689867626
17.38,3.297,17.38,3.285608403,17.38,2.692903812
17.39,3.296,17.39,3.297538836,17.39,2.696048897
17.4,3.294,17.4,3.293092613,17.4,2.697121495
17.41,3.287,17.41,3.282089765,17.41,2.694230349
17.42,3.29,17.42,3.291802115,17.42,2.708541274
17.43,3.293,17.43,3.303792939,17.43,2.697359955
17.44,3.294,17.44,3.277955585,17.44,2.684758841
17.45,3.291,17.45,3.253924619,17.45,2.684230183
17.46,3.306,17.46,3.274820017,17.46,2.690375135
17.47,3.295,17.47,3.291058397,17.47,2.699737984
17.48,3.282,17.48,3.289040517,17.48,2.701629362
17.49,3.281,17.49,3.281960991,17.49,2.702976593
17.5,3.287,17.5,3.286666121,17.5,2.695541314
17.51,3.296,17.51,3.270414236,17.51,2.690504924
17.52,3.298,17.52,3.280642735,17.52,2.688867517
17.53,3.3,17.53,3.262730633,17.53,2.682556546
17.54,3.293,17.54,3.269705928,17.54,2.680426968
17.55,3.288,17.55,3.294884873,17.55,2.69357208
17.56,3.286,17.56,3.282091455,17.56,2.697390855
17.57,3.279,17.57,3.289875084,17.57,2.692318433
17.58,3.276,17.58,3.292145865,17.58,2.69488321
17.59,3.289,17.59,3.306040044,17.59,2.70686766
17.6,3.293,17.6,3.306312443,17.6,2.699577569
17.61,3.288,17.61,3.290925101,17.61,2.69075891
17.62,3.291,17.62,3.284466284,17.62,2.690758778
17.63,3.304,17.63,3.295120203,17.63,2.69761362
17.64,3.297,17.64,3.304406767,17.64,2.699867614
17.65,3.288,17.65,3.303568504,17.65,2.694085302
17.66,3.288,17.66,3.293205961,17.66,2.684339095
17.67,3.295,17.67,3.282759215,17.67,2.677846677
17.68,3.297,17.68,3.246192628,17.68,2.646804928
17.69,3.291,17.69,3.257375674,17.69,2.643053332
17.7,3.281,17.7,3.366854519,17.7,2.75013146
17.71,3.274,17.71,3.508912794,17.71,2.890480295
17.72,3.241,17.72,3.438767642,17.72,2.816077756
17.73,3.235,17.73,3.226183673,17.73,2.59841882
17.74,3.344,17.74,3.168841251,17.74,2.540752502
17.75,3.492,17.75,3.238473607,17.75,2.609719272
17.76,3.423,17.76,3.28602059,17.76,2.674025888
17.77,3.204,17.77,3.332108462,17.77,2.714525492
17.78,3.143,17.78,3.334020646,17.78,2.713972012
17.79,3.207,17.79,3.334150511,17.79,2.706277565
17.8,3.263,17.8,3.333110393,17.8,2.70194046
17.81,3.299,17.81,3.3213545,17.81,2.685214773
17.82,3.302,17.82,3.341574694,17.82,2.701214709
17.83,3.3,17.83,3.351767858,17.83,2.709997191
17.84,3.299,17.84,3.340706762,17.84,2.697178641
17.85,3.283,17.85,3.327591035,17.85,2.689613857
17.86,3.299,17.86,3.330013118,17.86,2.688504818
17.87,3.308,17.87,3.337132543,17.87,2.684157544
17.88,3.295,17.88,3.33850661,17.88,2.697665413
17.89,3.287,17.89,3.343244972,17.89,2.700593009
17.9,3.286,17.9,3.328754169,17.9,2.691556795
17.91,3.281,17.91,3.322653373,17.91,2.685701808
17.92,3.294,17.92,3.331922518,17.92,2.690484049
17.93,3.297,17.93,3.365434605,17.93,2.716758799
17.94,3.288,17.94,3.365682226,17.94,2.716142513
17.95,3.282,17.95,3.36591459,17.95,2.718090898
17.96,3.287,17.96,3.356003632,17.96,2.707184096
17.97,3.314,17.97,3.361201397,17.97,2.698748612
17.98,3.314,17.98,3.350823635,17.98,2.692546381
17.99,3.317,17.99,3.336913078,17.99,2.680815628
18,3.307,18,3.343908989,18,2.681230043
18.01,3.299,18.01,3.342486549,18.01,2.689027972
18.02,3.292,18.02,3.340879288,18.02,2.681825949
18.03,3.279,18.03,3.348434847,18.03,2.691043659
18.04,3.278,18.04,3.339825668,18.04,2.693681011
18.05,3.285,18.05,3.342098354,18.05,2.695209559
18.06,3.277,18.06,3.340106619,18.06,2.698846959
18.07,3.286,18.07,3.351555293,18.07,2.690484216
18.08,3.289,18.08,3.338958801,18.08,2.681774264
18.09,3.291,18.09,3.331108186,18.09,2.683136835
18.1,3.295,18.1,3.346839225,18.1,2.705737933
18.11,3.287,18.11,3.356919924,18.11,2.708375491
18.12,3.278,18.12,3.354530245,18.12,2.700976691
18.13,3.279,18.13,3.33286666,18.13,2.689650154
18.14,3.302,18.14,3.34033502,18.14,2.695142163
18.15,3.305,18.15,3.330075751,18.15,2.688722409
18.16,3.298,18.16,3.330188504,18.16,2.692302755
18.17,3.287,18.17,3.345798928,18.17,2.693592957
18.18,3.293,18.18,3.333585346,18.18,2.688665464
18.19,3.286,18.19,3.328593125,18.19,2.693774301
18.2,3.289,18.2,3.330506088,18.2,2.695556691
18.21,3.29,18.21,3.327096678,18.21,2.699302867
18.22,3.285,18.22,3.346715688,18.22,2.701976527
18.23,3.29,18.23,3.332370602,18.23,2.690867678
18.24,3.292,18.24,3.325308144,18.24,2.69190387
18.25,3.296,18.25,3.324897596,18.25,2.689121394
18.26,3.299,18.26,3.32905196,18.26,2.689484058
18.27,3.288,18.27,3.332274821,18.27,2.698629225
18.28,3.289,18.28,3.328294831,18.28,2.698375407
18.29,3.286,18.29,3.328715593,18.29,2.698157857
18.3,3.286,18.3,3.315381591,18.3,2.693976486
18.31,3.295,18.31,3.337742334,18.31,2.70054121
18.32,3.295,18.32,3.313836111,18.32,2.696577491
18.33,3.295,18.33,3.313228027,18.33,2.688903882
18.34,3.291,18.34,3.309139052,18.34,2.684411559
18.35,3.298,18.35,3.314043428,18.35,2.688629076
18.36,3.294,18.36,3.318212783,18.36,2.687173135
18.37,3.286,18.37,3.306204408,18.37,2.688535886
18.38,3.281,18.38,3.310670559,18.38,2.689572183
18.39,3.285,18.39,3.324668582,18.39,2.701955665
18.4,3.283,18.4,3.32953588,18.4,2.706302963
18.41,3.284,18.41,3.29917821,18.41,2.686302963
18.42,3.285,18.42,3.308756547,18.42,2.68633909
18.43,3.298,18.43,3.30329303,18.43,2.693157597
18.44,3.303,18.44,3.307070464,18.44,2.690556581
18.45,3.283,18.45,3.296019384,18.45,2.669934823
18.46,3.283,18.46,3.26063468,18.46,2.649385286
18.47,3.29,18.47,3.291406761,18.47,2.67396539
18.48,3.287,18.48,3.452058935,18.48,2.837671053
18.49,3.265,18.49,3.513638369,18.49,2.873709169
18.5,3.243,18.5,3.350813535,18.5,2.703077539
18.51,3.267,18.51,3.187557748,18.51,2.543557228
18.52,3.436,18.52,3.202362257,18.52,2.556580009
18.53,3.479,18.53,3.278980919,18.53,2.64383331
18.54,3.31,18.54,3.313150828,18.54,2.691197872
18.55,3.147,18.55,3.347288354,18.55,2.711707391
18.56,3.156,18.56,3.369349772,18.56,2.713049707
18.57,3.236,18.57,3.357004409,18.57,2.701935411
18.58,3.276,18.58,3.357601969,18.58,2.705505161
18.59,3.296,18.59,3.361358105,18.59,2.708380736
18.6,3.303,18.6,3.368580183,18.6,2.702199386
18.61,3.297,18.61,3.363973823,18.61,2.69263457
18.62,3.303,18.62,3.354584335,18.62,2.68803336
18.63,3.307,18.63,3.376206182,18.63,2.692504768
18.64,3.301,18.64,3.38507102,18.64,2.69986754
18.65,3.291,18.65,3.376459816,18.65,2.689411656
18.66,3.286,18.66,3.359664816,18.66,2.680919356
18.67,3.29,18.67,3.382512321,18.67,2.687991775
18.68,3.297,18.68,3.393172386,18.68,2.694955515
18.69,3.286,18.69,3.395911158,18.69,2.703846913
18.7,3.277,18.7,3.408329894,18.7,2.706230506
18.71,3.284,18.71,3.41095712,18.71,2.704323799
18.72,3.291,18.72,3.416135075,18.72,2.705598389
18.73,3.3,18.73,3.421635892,18.73,2.708018056
18.74,3.303,18.74,3.421005691,18.74,2.708727925
18.75,3.302,18.75,3.419214087,18.75,2.706619136
18.76,3.304,18.76,3.399787083,18.76,2.688163053
18.77,3.307,18.77,3.400215786,18.77,2.689743189
18.78,3.308,18.78,3.396697796,18.78,2.68464979
18.79,3.306,18.79,3.404065427,18.79,2.688483977
18.8,3.287,18.8,3.400678415,18.8,2.692136935
18.81,3.288,18.81,3.404840478,18.81,2.692100703
18.82,3.282,18.82,3.413374746,18.82,2.697883167
18.83,3.285,18.83,3.411945559,18.83,2.692629285
18.84,3.288,18.84,3.399710495,18.84,2.684774297
18.85,3.288,18.85,3.40248878,18.85,2.689846769
18.86,3.294,18.86,3.404212377,18.86,2.687991801
18.87,3.289,18.87,3.405495168,18.87,2.694136952
18.88,3.281,18.88,3.415484876,18.88,2.69891944
18.89,3.286,18.89,3.404212137,18.89,2.6926293
18.9,3.284,18.9,3.397897086,18.9,2.689629273
18.91,3.29,18.91,3.401083485,18.91,2.691484114
18.92,3.295,18.92,3.399697503,18.92,2.68866542
18.93,3.289,18.93,3.414797242,18.93,2.702520437
18.94,3.286,18.94,3.413164716,18.94,2.706012798
18.95,3.288,18.95,3.385916192,18.95,2.691904015
18.96,3.285,18.96,3.398084248,18.96,2.686085252
18.97,3.299,18.97,3.396283571,18.97,2.68326638
18.98,3.303,18.98,3.402486767,18.98,2.699375199
18.99,3.289,18.99,3.390008691,18.99,2.696738066
19,3.283,19,3.399247669,19,2.696593087
19.01,3.28,19.01,3.404252669,19.01,2.695266651
19.02,3.296,19.02,3.399611097,19.02,2.696758797
19.03,3.293,19.03,3.386519076,19.03,2.692976418
19.04,3.293,19.04,3.391240892,19.04,2.693085206
19.05,3.292,19.05,3.393067527,19.05,2.694157733
19.06,3.294,19.06,3.401242571,19.06,2.699012681
19.07,3.29,19.07,3.391021784,19.07,2.692194057
19.08,3.29,19.08,3.380324649,19.08,2.687411618
19.09,3.291,19.09,3.385971166,19.09,2.693411564
19.1,3.296,19.1,3.41286737,19.1,2.705012661
19.11,3.289,19.11,3.401252302,19.11,2.695157854
19.12,3.284,19.12,3.389710355,19.12,2.685411698
19.13,3.29,19.13,3.388546062,19.13,2.685484064
19.14,3.302,19.14,3.391617251,19.14,2.686737839
19.15,3.292,19.15,3.397329338,19.15,2.697064382
19.16,3.282,19.16,3.395579781,19.16,2.696064516
19.17,3.282,19.17,3.400642047,19.17,2.691846926
19.18,3.283,19.18,3.402904741,19.18,2.695484207
19.19,3.293,19.19,3.400969023,19.19,2.694194002
19.2,3.292,19.2,3.39662332,19.2,2.696194034
19.21,3.288,19.21,3.407325989,19.21,2.700012739
19.22,3.292,19.22,3.397868184,19.22,2.695831393
19.23,3.291,19.23,3.401343177,19.23,2.69290391
19.24,3.293,19.24,3.393487379,19.24,2.694867593
19.25,3.297,19.25,3.373378157,19.25,2.677556595
19.26,3.293,19.26,3.330046847,19.26,2.642732451
19.27,3.29,19.27,3.370047999,19.27,2.672711499
19.28,3.292,19.28,3.529516808,19.28,2.83163468
19.29,3.274,19.29,3.583469949,19.29,2.880600299
19.3,3.237,19.3,3.404216702,19.3,2.702331475
19.31,3.266,19.31,3.243988024,19.31,2.546484744
19.32,3.43,19.32,3.258229524,19.32,2.557434985
19.33,3.486,19.33,3.32055789,19.33,2.628050829
19.34,3.309,19.34,3.370260927,19.34,2.687814313
19.35,3.15,19.35,3.395393759,19.35,2.716142508
19.36,3.157,19.36,3.392834627,19.36,2.712630022
19.37,3.22,19.37,3.389110248,19.37,2.703515829
19.38,3.272,19.38,3.397953641,19.38,2.712251336
19.39,3.3,19.39,3.401723892,19.39,2.706054341
19.4,3.302,19.4,3.394639585,19.4,2.707800483
19.41,3.298,19.41,3.383034031,19.41,2.699909254
19.42,3.31,19.42,3.378113783,19.42,2.688308038
19.43,3.305,19.43,3.365465876,19.43,2.686250912
19.44,3.307,19.44,3.373334348,19.44,2.689903678
19.45,3.299,19.45,3.358735471,19.45,2.687737913
19.46,3.287,19.46,3.363282604,19.46,2.691173221
19.47,3.284,19.47,3.375286123,19.47,2.69888313
19.48,3.287,19.48,3.365693347,19.48,2.694629289
19.49,3.284,19.49,3.35033193,19.49,2.691593031
19.5,3.287,19.5,3.372004047,19.5,2.707831399
19.51,3.295,19.51,3.36579372,19.51,2.709106099
19.52,3.291,19.52,3.373535955,19.52,2.717344623
19.53,3.288,19.53,3.362602902,19.53,2.706800622
19.54,3.305,19.54,3.352371482,19.54,2.699401499
19.55,3.307,19.55,3.344605634,19.55,2.692872838
19.56,3.316,19.56,3.338407166,19.56,2.692453003
19.57,3.306,19.57,3.339572334,19.57,2.687577332
19.58,3.299,19.58,3.328009654,19.58,2.682556561
