0.01,3.29,0.01,3.17144463,0.01,3.345851506
0.02,3.302,0.02,3.097068095,0.02,3.377836688
0.03,3.308,0.03,2.634950231,0.03,3.398657996
0.04,3.306,0.04,2.963050044,0.04,3.398983817
0.05,3.299,0.05,2.365778427,0.05,3.392064833
0.06,3.295,0.06,2.271376871,0.06,3.373867282
0.07,3.298,0.07,1.213659832,0.07,3.37066275
0.08,3.297,0.08,2.542845756,0.08,3.364485942
0.09,3.291,0.09,-0.498019362,0.09,3.374481404
0.1,3.281,0.1,19.18487214,0.1,3.380599028
0.11,3.284,0.11,25.15222814,0.11,3.365502303
0.12,3.279,0.12,18.42353769,0.12,3.369494409
0.13,3.284,0.13,13.80646654,0.13,3.371502774
0.14,3.291,0.14,1.662721337,0.14,3.368445846
0.15,3.288,0.15,-5.533155604,0.15,3.367444155
0.16,3.287,0.16,-11.73472346,0.16,3.370461629
0.17,3.292,0.17,-16.23303316,0.17,3.382596666
0.18,3.288,0.18,-19.58941159,0.18,3.388759109
0.19,3.286,0.19,-21.29558168,0.19,3.386837526
0.2,3.294,0.2,-23.07176672,0.2,3.379808757
0.21,3.29,0.21,-26.23338389,0.21,3.375718989
0.22,3.296,0.22,-25.74566053,0.22,3.378684598
0.23,3.289,0.23,-25.98678572,0.23,3.377658957
0.24,3.284,0.24,-25.04385196,0.24,3.371590013
0.25,3.292,0.25,-24.80832616,0.25,3.361448096
0.26,3.289,0.26,-24.32130144,0.26,3.364378564
0.27,3.283,0.27,-23.61222666,0.27,3.359290558
0.28,3.283,0.28,-21.38103518,0.28,3.364288632
0.29,3.294,0.29,-22.26774625,0.29,3.371398513
0.3,3.296,0.3,-18.71860347,0.3,3.368417905
0.31,3.291,0.31,-21.16358854,0.31,3.367431408
0.32,3.291,0.32,-21.70533586,0.32,3.372486378
0.33,3.287,0.33,-21.55156782,0.33,3.368461993
0.34,3.284,0.34,-19.64493889,0.34,3.366428435
0.35,3.287,0.35,-17.44287052,0.35,3.374501671
0.36,3.291,0.36,-16.08603708,0.36,3.370493692
0.37,3.289,0.37,-13.79094355,0.37,3.376554015
0.38,3.283,0.38,-13.10926297,0.38,3.369536957
0.39,3.28,0.39,-12.2464035,0.39,3.364435386
0.4,3.276,0.4,-11.31744634,0.4,3.372480714
0.41,3.28,0.41,-9.460794401,0.41,3.369461453
0.42,3.287,0.42,-8.045533405,0.42,3.363393015
0.43,3.291,0.43,-9.148029031,0.43,3.363367891
0.44,3.29,0.44,-9.168300871,0.44,3.374447405
0.45,3.307,0.45,-9.006540657,0.45,3.376531767
0.46,3.309,0.46,-7.36823216,0.46,3.371538225
0.47,3.301,0.47,-5.338558759,0.47,3.371545806
0.48,3.307,0.48,-7.274755119,0.48,3.36748373
0.49,3.303,0.49,-10.90147909,0.49,3.364404003
0.5,3.29,0.5,-13.48759632,0.5,3.367402385
0.51,3.284,0.51,-15.87661933,0.51,3.371442575
0.52,3.289,0.52,-12.44444018,0.52,3.369454545
0.53,3.306,0.53,-10.45336808,0.53,3.363402788
0.54,3.313,0.54,-8.370022815,0.54,3.360330464
0.55,3.292,0.55,-3.868576863,0.55,3.356233823
0.56,3.292,0.56,6.621482207,0.56,3.360216989
0.57,3.289,0.57,17.5327924,0.57,3.367300301
0.58,3.291,0.58,18.11960846,0.58,3.37139813
0.59,3.296,0.59,12.25097649,0.59,3.370459239
0.6,3.294,0.6,6.382975851,0.6,3.387669056
0.61,3.299,0.61,3.411853769,0.61,3.389820821
0.62,3.294,0.62,3.323068875,0.62,3.381807445
0.63,3.282,0.63,3.510263456,0.63,3.387877807
0.64,3.28,0.64,4.057162888,0.64,3.383844744
0.65,3.284,0.65,5.440445575,0.65,3.37067054
0.66,3.285,0.66,7.147736878,0.66,3.364521304
0.67,3.281,0.67,12.52816292,0.67,3.369464415
0.68,3.276,0.68,14.1117085,0.68,3.386619371
0.69,3.259,0.69,16.44688022,0.69,3.393826809
0.7,3.238,0.7,15.99440875,0.7,3.372738569
0.71,3.263,0.71,15.50195263,0.71,3.37266351
0.72,3.437,0.72,18.37110921,0.72,3.369565238
0.73,3.503,0.73,9.084857902,0.73,3.371489004
0.74,3.332,0.74,5.475554658,0.74,3.376560238
0.75,3.147,0.75,4.360132836,0.75,3.37457314
0.76,3.139,0.76,-0.837032824,0.76,3.379639153
0.77,3.222,0.77,1.929382456,0.77,3.374630697
0.78,3.274,0.78,2.058203731,0.78,3.362474215
0.79,3.285,0.79,0.994250029,0.79,3.360363879
0.8,3.294,0.8,7.657946997,0.8,3.364326873
0.81,3.297,0.81,20.85944611,0.81,3.365322622
0.82,3.311,0.82,35.21742966,0.82,3.361303642
0.83,3.314,0.83,35.96386259,0.83,3.356239308
0.84,3.3,0.84,27.52025833,0.84,3.339006702
0.85,3.303,0.85,14.0301278,0.85,3.317624339
0.86,3.296,0.86,10.474358,0.86,3.34265877
0.87,3.29,0.87,12.55804387,0.87,3.518568394
0.88,3.286,0.88,11.99238778,0.88,3.586590834
0.89,3.276,0.89,8.811664565,0.89,3.414999416
0.9,3.282,0.9,4.16858993,0.9,3.227577548
0.91,3.284,0.91,-0.290722964,0.91,3.217593666
0.92,3.287,0.92,-1.508005964,0.92,3.300110775
0.93,3.297,0.93,-2.580037297,0.93,3.352742106
0.94,3.307,0.94,-4.481253098,0.94,3.364651414
0.95,3.307,0.95,-5.446783276,0.95,3.374307205
0.96,3.313,0.96,-7.417712097,0.96,3.377565181
0.97,3.31,0.97,-7.840216367,0.97,3.391771931
0.98,3.302,0.98,-7.580999409,0.98,3.394941245
0.99,3.31,0.99,-8.281389442,0.99,3.380870091
1,3.288,1,-6.911720775,1,3.383855064
1.01,3.287,1.01,-6.427350901,1.01,3.376750895
1.02,3.276,1.02,-6.560799407,1.02,3.370597216
1.03,3.281,1.03,-5.476571021,1.03,3.366503787
1.04,3.297,1.04,-3.936570554,1.04,3.356319576
1.05,3.293,1.05,-3.884197438,1.05,3.362279491
1.06,3.288,1.06,-3.083362718,1.06,3.364298471
1.07,3.27,1.07,-1.304125364,1.07,3.367336669
1.08,3.284,1.08,0.197449668,1.08,3.377499992
1.09,3.281,1.09,0.348364458,1.09,3.387694346
1.1,3.296,1.1,1.335810043,1.1,3.387814134
1.11,3.287,1.11,3.308652063,1.11,3.393947053
1.12,3.293,1.12,3.612144344,1.12,3.390986161
1.13,3.292,1.13,4.08001387,1.13,3.382894188
1.14,3.294,1.14,5.76984894,1.14,3.390929562
1.15,3.294,1.15,5.932725592,1.15,3.368709787
1.16,3.296,1.16,5.941821523,1.16,3.367541698
1.17,3.289,1.17,9.25266793,1.17,3.356367305
1.18,3.29,1.18,10.25497541,1.18,3.361256288
1.19,3.291,1.19,8.922977922,1.19,3.377434575
1.2,3.287,1.2,10.25642804,1.2,3.373492231
1.21,3.292,1.21,12.03624756,1.21,3.368493276
1.22,3.297,1.22,12.63142735,1.22,3.350299803
1.23,3.304,1.23,12.11127841,1.23,3.364273434
1.24,3.295,1.24,13.42705335,1.24,3.361263542
1.25,3.28,1.25,14.48052694,1.25,3.376396491
1.26,3.288,1.26,15.66663842,1.26,3.367459302
1.27,3.292,1.27,15.3691628,1.27,3.373493202
1.28,3.276,1.28,16.01925478,1.28,3.372545796
1.29,3.285,1.29,14.89063234,1.29,3.374541624
1.3,3.288,1.3,9.693842998,1.3,3.374578973
1.31,3.289,1.31,6.643524649,1.31,3.376600325
1.32,3.295,1.32,5.086829887,1.32,3.369547779
1.33,3.294,1.33,5.341098673,1.33,3.370512891
1.34,3.292,1.34,5.920201605,1.34,3.371511594
1.35,3.293,1.35,6.083460333,1.35,3.367455083
1.36,3.292,1.36,3.636238411,1.36,3.372490789
1.37,3.29,1.37,0.272560327,1.37,3.377568833
1.38,3.285,1.38,0.687961537,1.38,3.38468493
1.39,3.282,1.39,1.904162856,1.39,3.375678701
1.4,3.297,1.4,3.765696462,1.4,3.360491695
1.41,3.294,1.41,3.801082464,1.41,3.368453024
1.42,3.297,1.42,5.198930086,1.42,3.372463806
1.43,3.304,1.43,2.631248906,1.43,3.356307987
1.44,3.3,1.44,-2.245852879,1.44,3.365338021
1.45,3.288,1.45,-1.691341374,1.45,3.368384858
1.46,3.27,1.46,-1.772574438,1.46,3.369394628
1.47,3.273,1.47,-0.904332536,1.47,3.375518404
1.48,3.287,1.48,-4.679550456,1.48,3.374559706
1.49,3.295,1.49,-7.3258461,1.49,3.37255466
1.5,3.292,1.5,-11.56105131,1.5,3.373566365
1.51,3.299,1.51,-13.92053656,1.51,3.37254817
1.52,3.287,1.52,-15.85372274,1.52,3.370517119
1.53,3.289,1.53,-14.29784753,1.53,3.365449993
1.54,3.295,1.54,-11.32169379,1.54,3.362369579
1.55,3.27,1.55,-11.73982938,1.55,3.377482865
1.56,3.237,1.56,7.060917004,1.56,3.374534882
1.57,3.255,1.57,21.70269489,1.57,3.377593961
1.58,3.38,1.58,29.09454434,1.58,3.384732163
1.59,3.488,1.59,22.2804708,1.59,3.380731998
1.6,3.397,1.6,15.25252859,1.6,3.368612619
1.61,3.199,1.61,9.810865266,1.61,3.350338561
1.62,3.133,1.62,8.503827264,1.62,3.353174822
1.63,3.187,1.63,11.73562831,1.63,3.367241653
1.64,3.254,1.64,9.820375995,1.64,3.375389105
1.65,3.298,1.65,4.721829897,1.65,3.372490623
1.66,3.31,1.66,-0.223289279,1.66,3.379618091
1.67,3.309,1.67,-3.156351251,1.67,3.367547884
1.68,3.311,1.68,-5.576010489,1.68,3.369491226
1.69,3.306,1.69,-11.10595018,1.69,3.375550915
1.7,3.299,1.7,-14.0817293,1.7,3.350290648
1.71,3.293,1.71,-18.14350791,1.71,3.316791195
1.72,3.285,1.72,-19.29493211,1.72,3.334665497
1.73,3.281,1.73,-20.23657628,1.73,3.460921337
1.74,3.294,1.74,-19.93329301,1.74,3.570969469
1.75,3.291,1.75,-19.52590731,1.75,3.480343888
1.76,3.293,1.76,-20.39562514,1.76,3.280369912
1.77,3.279,1.77,-21.07212095,1.77,3.212143813
1.78,3.285,1.78,-20.85065466,1.78,3.26511566
1.79,3.291,1.79,-19.92828052,1.79,3.332378816
1.8,3.295,1.8,-20.18697361,1.8,3.377456609
1.81,3.303,1.81,-19.91318976,1.81,3.390385667
1.82,3.306,1.82,-18.12905422,1.82,3.389816261
1.83,3.315,1.83,-16.22693177,1.83,3.391977458
1.84,3.301,1.84,-15.48575792,1.84,3.386945578
1.85,3.298,1.85,-15.87164456,1.85,3.37982989
1.86,3.288,1.86,-14.59437296,1.86,3.373702977
1.87,3.285,1.87,-13.7380487,1.87,3.365529042
1.88,3.297,1.88,-10.9903558,1.88,3.3613848
1.89,3.294,1.89,-7.379916717,1.89,3.3744488
1.9,3.286,1.9,-4.843238893,1.9,3.371474958
1.91,3.279,1.91,-4.431443951,1.91,3.373514585
1.92,3.291,1.92,-3.333746774,1.92,3.359415211
1.93,3.291,1.93,-4.65356587,1.93,3.365364458
1.94,3.294,1.94,-5.944393729,1.94,3.371429382
1.95,3.291,1.95,-5.986080859,1.95,3.375490224
1.96,3.282,1.96,-4.15690889,1.96,3.383657205
1.97,3.277,1.97,-1.736439801,1.97,3.386779275
1.98,3.286,1.98,-0.964842078,1.98,3.395936664
1.99,3.293,1.99,-1.180454887,1.99,3.381889028
2,3.299,2,-5.522279082,2,3.37879189
2.01,3.296,2.01,-8.104353592,2.01,3.368639104
2.02,3.292,2.02,-7.874700816,2.02,3.365468871
2.03,3.284,2.03,-9.188141738,2.03,3.377536984
2.04,3.302,2.04,-6.261246048,2.04,3.374550716
2.05,3.291,2.05,1.408197779,2.05,3.366484607
2.06,3.285,2.06,11.67043928,2.06,3.359382113
2.07,3.279,2.07,13.89285725,2.07,3.371410474
2.08,3.288,2.08,7.271526874,2.08,3.371448054
2.09,3.298,2.09,-2.427898863,2.09,3.374506669
2.1,3.287,2.1,-6.86334467,2.1,3.371541937
2.11,3.289,2.11,-5.290115239,2.11,3.362426752
2.12,3.299,2.12,-4.307958428,2.12,3.357305892
2.13,3.293,2.13,-2.705485902,2.13,3.366319387
2.14,3.285,2.14,-1.409557279,2.14,3.373413632
2.15,3.294,2.15,-1.827949964,2.15,3.379552154
2.16,3.303,2.16,-1.19720783,2.16,3.376624184
2.17,3.295,2.17,-2.321925971,2.17,3.372599146
2.18,3.294,2.18,-2.96787185,2.18,3.364488496
2.19,3.281,2.19,-4.973864871,2.19,3.382592506
2.2,3.279,2.2,-10.48864256,2.2,3.371566688
2.21,3.286,2.21,-6.753841456,2.21,3.36546434
2.22,3.289,2.22,-8.25794182,2.22,3.359381065
2.23,3.295,2.23,11.5212336,2.23,3.368361228
2.24,3.302,2.24,3.259287969,2.24,3.378499308
2.25,3.3,2.25,-2.476132895,2.25,3.367473109
2.26,3.288,2.26,11.94333429,2.26,3.369484921
2.27,3.285,2.27,6.029143639,2.27,3.379592965
2.28,3.282,2.28,-0.262201114,2.28,3.373566338
2.29,3.285,2.29,-3.896099635,2.29,3.36548815
2.3,3.289,2.3,-3.193716737,2.3,3.374535123
2.31,3.297,2.31,-0.251087822,2.31,3.38364079
2.32,3.29,2.32,0.706543519,2.32,3.375632501
2.33,3.291,2.33,5.115797802,2.33,3.374632065
2.34,3.254,2.34,5.834300392,2.34,3.36148029
2.35,3.243,2.35,3.023874177,2.35,3.35932624
2.36,3.289,2.36,1.337701075,2.36,3.366339836
2.37,3.459,2.37,1.189354691,2.37,3.369372983
2.38,3.468,2.38,-3.65096985,2.38,3.375487356
2.39,3.276,2.39,-4.647164674,2.39,3.382642445
2.4,3.134,2.4,-3.931998837,2.4,3.380700442
2.41,3.16,2.41,-2.625629445,2.41,3.368601837
2.42,3.252,2.42,-3.298218798,2.42,3.365493295
2.43,3.285,2.43,-3.685605175,2.43,3.362382931
2.44,3.28,2.44,-2.391827452,2.44,3.365342607
2.45,3.297,2.45,-1.073383296,2.45,3.369394327
2.46,3.305,2.46,-0.269670524,2.46,3.377512353
2.47,3.309,2.47,1.724023027,2.47,3.370523712
2.48,3.295,2.48,2.903522308,2.48,3.371523964
2.49,3.297,2.49,2.762238501,2.49,3.334134541
2.5,3.29,2.5,4.393082959,2.5,3.322718831
2.51,3.291,2.51,6.693372078,2.51,3.368998914
2.52,3.299,2.52,7.784798407,2.52,3.540986664
2.53,3.284,2.53,8.638767292,2.53,3.551496702
2.54,3.279,2.54,10.42086628,2.54,3.35830951
2.55,3.278,2.55,11.84489763,2.55,3.213951516
2.56,3.291,2.56,13.54383455,2.56,3.238380457
2.57,3.287,2.57,16.66882889,2.57,3.330372829
2.58,3.288,2.58,17.65006156,2.58,3.364153474
2.59,3.307,2.59,19.3570604,2.59,3.359870522
2.6,3.312,2.6,17.24980081,2.6,3.377430005
2.61,3.318,2.61,16.66118991,2.61,3.385670692
2.62,3.319,2.62,21.48412978,2.62,3.389796482
2.63,3.305,2.63,25.63270631,2.63,3.375766996
2.64,3.292,2.64,20.54211451,2.64,3.377715302
2.65,3.29,2.65,12.41279501,2.65,3.370611202
2.66,3.284,2.66,6.073305291,2.66,3.371527831
2.67,3.281,2.67,3.155821473,2.67,3.379610773
2.68,3.284,2.68,5.430622144,2.68,3.364488505
2.69,3.294,2.69,9.247188661,2.69,3.359362388
2.7,3.285,2.7,13.11422688,2.7,3.358285176
2.71,3.277,2.71,19.91410469,2.71,3.371341994
2.72,3.28,2.72,36.33744549,2.72,3.367384876
2.73,3.299,2.73,43.11271855,2.73,3.368414507
2.74,3.29,2.74,38.33979267,2.74,3.387654217
2.75,3.281,2.75,27.94835773,2.75,3.392829205
2.76,3.293,2.76,21.09779005,2.76,3.399007024
2.77,3.288,2.77,20.82669694,2.77,3.400143872
2.78,3.286,2.78,21.03672955,2.78,3.38602808
2.79,3.288,2.79,21.60826493,2.79,3.372806536
2.8,3.283,2.8,22.79418156,2.8,3.370636381
2.81,3.296,2.81,24.43730507,2.81,3.364461341
2.82,3.306,2.82,24.89556202,2.82,3.361343363
2.83,3.297,2.83,24.95671852,2.83,3.364333003
2.84,3.3,2.84,23.82276805,2.84,3.374431864
2.85,3.294,2.85,24.30758974,2.85,3.365414753
2.86,3.286,2.86,19.10253639,2.86,3.357312352
2.87,3.286,2.87,14.64761501,2.87,3.360283424
2.88,3.283,2.88,26.28457119,2.88,3.379441456
2.89,3.288,2.89,22.62632326,2.89,3.370475969
2.9,3.281,2.9,23.66515528,2.9,3.361399829
2.91,3.285,2.91,30.46525125,2.91,3.373489878
2.92,3.296,2.92,27.51090329,2.92,3.368448305
2.93,3.293,2.93,33.02304153,2.93,3.366410605
2.94,3.295,2.94,41.88587521,2.94,3.368445077
2.95,3.292,2.95,48.76544229,2.95,3.363374022
2.96,3.288,2.96,47.67102256,2.96,3.376480006
2.97,3.287,2.97,44.14630945,2.97,3.386672132
2.98,3.289,2.98,40.35568838,2.98,3.377680108
2.99,3.296,2.99,40.42150939,2.99,3.380730135
3,3.298,3,37.69042819,3,3.37467951
3.01,3.285,3.01,35.75607342,3.01,3.36652393
3.02,3.29,3.02,33.36015499,3.02,3.366458762
3.03,3.292,3.03,28.95882109,3.03,3.363374697
3.04,3.294,3.04,24.20191058,3.04,3.368383083
3.05,3.295,3.05,20.34199686,3.05,3.361339527
3.06,3.291,3.06,17.3200702,3.06,3.365339101
3.07,3.279,3.07,12.8148852,3.07,3.376478815
3.08,3.282,3.08,13.67812909,3.08,3.373515905
3.09,3.289,3.09,14.14794924,3.09,3.375574327
3.1,3.279,3.1,12.6153404,3.1,3.372580189
3.11,3.289,3.11,11.82259394,3.11,3.368505229
3.12,3.274,3.12,11.15642971,3.12,3.367462634
3.13,3.242,3.13,12.70435897,3.13,3.36945024
3.14,3.256,3.14,14.05224421,3.14,3.376524565
3.15,3.421,3.15,11.85227615,3.15,3.378604372
3.16,3.49,3.16,12.93807533,3.16,3.365513867
3.17,3.319,3.17,13.5021095,3.17,3.370500961
3.18,3.161,3.18,15.39185008,3.18,3.372512734
3.19,3.16,3.19,17.99448831,3.19,3.374522353
3.2,3.221,3.2,19.51189997,3.2,3.37558091
3.21,3.272,3.21,21.23277389,3.21,3.371556377
3.22,3.307,3.22,19.56037347,3.22,3.359407874
3.23,3.316,3.23,22.28084059,3.23,3.362338448
3.24,3.313,3.24,24.498946,3.24,3.369376445
3.25,3.31,3.25,26.16508503,3.25,3.359294871
3.26,3.302,3.26,27.12831704,3.26,3.36937216
3.27,3.29,3.27,27.11403708,3.27,3.354270105
3.28,3.287,3.28,27.51728785,3.28,3.321816704
3.29,3.281,3.29,27.77930135,3.29,3.335714578
3.3,3.283,3.3,25.77657638,3.3,3.50240251
3.31,3.286,3.31,25.87359685,3.31,3.573311189
3.32,3.291,3.32,24.90356165,3.32,3.401678834
3.33,3.279,3.33,24.86878242,3.33,3.241533523
3.34,3.299,3.34,21.56819934,3.34,3.238839809
3.35,3.305,3.35,19.18289577,3.35,3.299272313
3.36,3.292,3.36,19.08054912,3.36,3.350847592
3.37,3.292,3.37,20.64101281,3.37,3.386928908
3.38,3.307,3.38,24.36517029,3.38,3.396679259
3.39,3.312,3.39,25.19640059,3.39,3.393974218
3.4,3.306,3.4,26.99971032,3.4,3.391036703
3.41,3.304,3.41,28.17565387,3.41,3.382924481
3.42,3.294,3.42,28.05182048,3.42,3.370709967
3.43,3.291,3.43,32.33709113,3.43,3.367551533
3.44,3.281,3.44,35.43463534,3.44,3.361395756
3.45,3.286,3.45,45.40718006,3.45,3.363326704
3.46,3.282,3.46,46.32448667,3.46,3.366349193
3.47,3.283,3.47,40.98434726,3.47,3.371413996
3.48,3.289,3.48,31.05021197,3.48,3.359344799
3.49,3.292,3.49,26.21307345,3.49,3.379497091
3.5,3.278,3.5,28.09611763,3.5,3.385678789
3.51,3.281,3.51,30.83815418,3.51,3.372615034
3.52,3.3,3.52,33.78643326,3.52,3.372616944
3.53,3.296,3.53,36.50156225,3.53,3.387735199
3.54,3.286,3.54,35.69328895,3.54,3.392851414
3.55,3.285,3.55,35.78739144,3.55,3.386889002
3.56,3.296,3.56,33.76953633,3.56,3.384892498
3.57,3.293,3.57,33.1378903,3.57,3.374755272
3.58,3.291,3.58,30.17544057,3.58,3.371618413
3.59,3.288,3.59,28.62835409,3.59,3.361449629
3.6,3.288,3.6,25.95241283,3.6,3.366385732
3.61,3.289,3.61,22.17668894,3.61,3.362339378
3.62,3.289,3.62,26.2998498,3.62,3.363307548
3.63,3.294,3.63,28.10701444,3.63,3.369387697
3.64,3.3,3.64,24.61780956,3.64,3.372450853
3.65,3.291,3.65,24.64445081,3.65,3.358352002
3.66,3.291,3.66,24.29301748,3.66,3.36131141
3.67,3.295,3.67,31.26493706,3.67,3.380490197
3.68,3.29,3.68,29.93584572,3.68,3.376549719
3.69,3.286,3.69,31.70431328,3.69,3.366503883
3.7,3.304,3.7,43.68000447,3.7,3.365466425
3.71,3.297,3.71,47.45079163,3.71,3.376512807
3.72,3.296,3.72,55.85828403,3.72,3.373527292
3.73,3.287,3.73,49.79172432,3.73,3.371528231
3.74,3.29,3.74,43.76806892,3.74,3.368507978
3.75,3.283,3.75,44.69889294,3.75,3.368460809
3.76,3.293,3.76,45.6559441,3.76,3.369455613
3.77,3.29,3.77,47.01919218,3.77,3.369454256
3.78,3.288,3.78,41.98855607,3.78,3.374513391
3.79,3.286,3.79,38.23559854,3.79,3.380617693
3.8,3.295,3.8,31.9962835,3.8,3.371583854
3.81,3.304,3.81,27.7786188,3.81,3.371556629
3.82,3.298,3.82,23.57582146,3.82,3.375582582
3.83,3.293,3.83,19.96050752,3.83,3.370524356
3.84,3.29,3.84,14.15315679,3.84,3.366465793
3.85,3.278,3.85,11.33248562,3.85,3.384623236
3.86,3.279,3.86,10.89641073,3.86,3.377646888
3.87,3.293,3.87,5.954951998,3.87,3.376641568
3.88,3.283,3.88,3.109059807,3.88,3.36757535
3.89,3.285,3.89,0.631029278,3.89,3.370501428
3.9,3.267,3.9,0.588480701,3.9,3.363416712
3.91,3.243,3.91,-0.653499927,3.91,3.373453361
3.92,3.263,3.92,-0.999515725,3.92,3.370485268
3.93,3.403,3.93,-1.22894206,3.93,3.368453442
3.94,3.496,3.94,-3.400603285,3.94,3.366444579
3.95,3.356,3.95,-4.153075697,3.95,3.375501531
3.96,3.161,3.96,-3.218405106,3.96,3.384651862
3.97,3.137,3.97,-2.803319901,3.97,3.378682395
3.98,3.219,3.98,-3.677631573,3.98,3.37364994
3.99,3.269,3.99,-3.471221965,3.99,3.370582837
4,3.288,4,-2.269183615,4,3.358387669
4.01,3.305,4.01,-1.165697448,4.01,3.359285869
4.02,3.305,4.02,-0.950989582,4.02,3.373391271
4.03,3.309,4.03,-2.818349284,4.03,3.363353218
4.04,3.295,4.04,-2.16046219,4.04,3.365364469
4.05,3.288,4.05,-0.948369959,4.05,3.347196282
4.06,3.282,4.06,-1.665353971,4.06,3.322771562
4.07,3.286,4.07,-2.45021417,4.07,3.342754405
4.08,3.294,4.08,-3.482252601,4.08,3.484244924
4.09,3.297,4.09,-4.570315513,4.09,3.579276619
4.1,3.288,4.1,-4.496939852,4.1,3.439073844
4.11,3.279,4.11,-5.955593078,4.11,3.241763555
4.12,3.271,4.12,-10.51770106,4.12,3.215764619
4.13,3.277,4.13,-8.942212177,4.13,3.297201702
4.14,3.28,4.14,-8.288501063,4.14,3.347689943
4.15,3.302,4.15,-6.235090644,4.15,3.367619106
4.16,3.323,4.16,-6.584035552,4.16,3.385419385
4.17,3.327,4.17,-5.640686482,4.17,3.385728129
4.18,3.315,4.18,-4.694976772,4.18,3.389864101
4.19,3.303,4.19,2.35141413,4.19,3.37578848
4.2,3.299,4.2,7.866331392,4.2,3.368613797
4.21,3.298,4.21,2.992123958,4.21,3.362459401
4.22,3.294,4.22,-8.215874866,4.22,3.366381897
4.23,3.284,4.23,-16.74415264,4.23,3.374460409
4.24,3.279,4.24,-16.99170551,4.24,3.377550934
4.25,3.279,4.25,-15.91369494,4.25,3.368524361
4.26,3.291,4.26,-12.1662087,4.26,3.359397271
4.27,3.293,4.27,-10.02059159,4.27,3.351216592
4.28,3.286,4.28,-6.132751345,4.28,3.357155734
4.29,3.284,4.29,-5.908460053,4.29,3.360178051
4.3,3.293,4.3,-6.423056485,4.3,3.38243656
4.31,3.29,4.31,-6.373088987,4.31,3.40385986
4.32,3.28,4.32,-8.049221541,4.32,3.408145502
4.33,3.291,4.33,-10.28217351,4.33,3.396197188
4.34,3.294,4.34,-17.57539412,4.34,3.384051176
4.35,3.287,4.35,-24.41797697,4.35,3.379874398
4.36,3.292,4.36,-27.15066743,4.36,3.378746385
4.37,3.288,4.37,-26.95930478,4.37,3.374649181
4.38,3.29,4.38,-30.57667509,4.38,3.364503903
4.39,3.307,4.39,-25.59729679,4.39,3.359361196
4.4,3.31,4.4,-21.08466637,4.4,3.359274258
4.41,3.292,4.41,-19.82904999,4.41,3.371352774
4.42,3.295,4.42,-6.342285223,4.42,3.373452644
4.43,3.285,4.43,10.75450604,4.43,3.3664408
4.44,3.287,4.44,17.9997789,4.44,3.364415642
4.45,3.285,4.45,6.630478439,4.45,3.373469432
4.46,3.292,4.46,-21.3092249,4.46,3.370471449
4.47,3.298,4.47,-14.41891872,4.47,3.36037414
4.48,3.297,4.48,-13.83032286,4.48,3.371438235
4.49,3.287,4.49,-10.40660053,4.49,3.374497945
4.5,3.288,4.5,-2.974347645,4.5,3.367454735
4.51,3.294,4.51,-2.314393228,4.51,3.372511455
4.52,3.293,4.52,-19.26261537,4.52,3.368482188
4.53,3.283,4.53,-19.30606626,4.53,3.370467048
4.54,3.283,4.54,-19.48110277,4.54,3.387669945
4.55,3.288,4.55,-20.49663646,4.55,3.390817996
4.56,3.287,4.56,-27.72044094,4.56,3.372720803
4.57,3.29,4.57,-32.06269685,4.57,3.375687038
4.58,3.287,4.58,-34.94677468,4.58,3.365533903
4.59,3.294,4.59,-34.89819028,4.59,3.367430012
4.6,3.294,4.6,-35.12587016,4.6,3.365408505
4.61,3.281,4.61,-38.3931767,4.61,3.372440216
4.62,3.286,4.62,-38.4609772,4.62,3.378561993
4.63,3.294,4.63,-39.05542654,4.63,3.377613583
4.64,3.293,4.64,-38.54227748,4.64,3.367546746
4.65,3.3,4.65,-38.66396734,4.65,3.368495336
4.66,3.297,4.66,-39.27301127,4.66,3.374522049
4.67,3.286,4.67,-38.3512001,4.67,3.373526397
4.68,3.276,4.68,-38.68549427,4.68,3.363444807
4.69,3.247,4.69,-37.14366553,4.69,3.363386806
4.7,3.242,4.7,-33.22328095,4.7,3.368395466
4.71,3.349,4.71,-31.30583148,4.71,3.367388709
4.72,3.483,4.72,-31.10594235,4.72,3.370438784
4.73,3.405,4.73,-32.06108315,4.73,3.367442004
4.74,3.208,4.74,-30.80761112,4.74,3.374498993
4.75,3.145,4.75,-30.74618655,4.75,3.374550246
4.76,3.203,4.76,-29.06773598,4.76,3.361425432
4.77,3.261,4.77,-31.89408922,4.77,3.366408475
4.78,3.283,4.78,-31.58852974,4.78,3.374477559
4.79,3.303,4.79,-24.86326937,4.79,3.373500791
4.8,3.309,4.8,-26.04114458,4.8,3.380623609
4.81,3.302,4.81,-25.90283802,4.81,3.37766304
4.82,3.301,4.82,-25.64901031,4.82,3.366540767
4.83,3.291,4.83,-22.13876366,4.83,3.356365925
4.84,3.299,4.84,-20.94606406,4.84,3.326926754
4.85,3.292,4.85,-21.62567386,4.85,3.321587151
4.86,3.29,4.86,-25.04428401,4.86,3.429558105
4.87,3.293,4.87,-25.23908202,4.87,3.565668489
4.88,3.276,4.88,-23.97444452,4.88,3.488226316
4.89,3.276,4.89,-23.37131755,4.89,3.28941088
4.9,3.287,4.9,-15.13043685,4.9,3.224372377
4.91,3.289,4.91,2.303377162,4.91,3.281438849
4.92,3.296,4.92,14.13579332,4.92,3.339641157
4.93,3.304,4.93,9.216813645,4.93,3.362442041
4.94,3.305,4.94,-3.825978814,4.94,3.383272039
4.95,3.312,4.95,-13.65937634,4.95,3.389721393
4.96,3.304,4.96,-16.42084403,4.96,3.382800063
4.97,3.296,4.97,-18.04825482,4.97,3.381812443
4.98,3.3,4.98,-16.87314644,4.98,3.371678834
4.99,3.293,4.99,-15.30150776,4.99,3.379659064
5,3.285,5,-14.09624042,5,3.372607517
5.01,3.284,5.01,-15.77689772,5.01,3.370531347
5.02,3.291,5.02,-14.40126565,5.02,3.373556257
5.03,3.293,5.03,-16.69543878,5.03,3.356360487
5.04,3.283,5.04,-19.84984053,5.04,3.356244253
5.05,3.283,5.05,-22.25574419,5.05,3.367309778
5.06,3.287,5.06,-25.60728709,5.06,3.369353035
5.07,3.282,5.07,-31.40616397,5.07,3.37649506
5.08,3.294,5.08,-28.47422331,5.08,3.384676578
5.09,3.296,5.09,-28.41456596,5.09,3.385771614
5.1,3.295,5.1,-29.60344162,5.1,3.392905717
5.11,3.29,5.11,-29.23325228,5.11,3.384897871
5.12,3.298,5.12,-27.82992253,5.12,3.376777456
5.13,3.301,5.13,-24.27013239,5.13,3.380754191
5.14,3.302,5.14,-23.02690164,5.14,3.373647494
5.15,3.29,5.15,-18.23735061,5.15,3.365503872
5.16,3.28,5.16,-20.5083682,5.16,3.36442699
5.17,3.277,5.17,-24.75307647,5.17,3.371438236
5.18,3.287,5.18,-23.62903716,5.18,3.373485346
5.19,3.297,5.19,-16.19818122,5.19,3.363421526
5.2,3.294,5.2,-20.17749697,5.2,3.363379429
5.21,3.283,5.21,-23.4139631,5.21,3.367386833
5.22,3.283,5.22,-27.95391218,5.22,3.362327962
5.23,3.301,5.23,-26.08370892,5.23,3.374440858
5.24,3.301,5.24,-25.13397613,5.24,3.376545586
5.25,3.291,5.25,-29.05897584,5.25,3.375574833
5.26,3.29,5.26,-30.9095045,5.26,3.370565329
5.27,3.285,5.27,-34.27811213,5.27,3.378608665
5.28,3.283,5.28,-35.10356842,5.28,3.381676362
5.29,3.287,5.29,-33.70883041,5.29,3.382722832
5.3,3.292,5.3,-35.86216195,5.3,3.370643633
5.31,3.293,5.31,-32.94592607,5.31,3.36045673
5.32,3.276,5.32,-31.77312778,5.32,3.357307532
5.33,3.293,5.33,-31.90364895,5.33,3.3673138
5.34,3.304,5.34,-32.86002063,5.34,3.377457654
5.35,3.295,5.35,-32.147403,5.35,3.374533389
5.36,3.288,5.36,-34.22850903,5.36,3.363466801
5.37,3.292,5.37,-35.1746492,5.37,3.36340131
5.38,3.293,5.38,-33.62718076,5.38,3.381535548
5.39,3.292,5.39,-33.30900034,5.39,3.381633387
5.4,3.283,5.4,-31.44699894,5.4,3.371601202
5.41,3.287,5.41,-31.05657076,5.41,3.370577324
5.42,3.282,5.42,-32.27962401,5.42,3.365467071
5.43,3.295,5.43,-30.94600493,5.43,3.363371444
5.44,3.287,5.44,-28.7738446,5.44,3.367384188
5.45,3.239,5.45,-28.91580106,5.45,3.372443471
5.46,3.248,5.46,-28.38667919,5.46,3.373502614
5.47,3.346,5.47,-28.15864922,5.47,3.356361995
5.48,3.483,5.48,-26.78604286,5.48,3.373435838
5.49,3.421,5.49,-25.54573045,5.49,3.384615313
5.5,3.211,5.5,-23.96328721,5.5,3.375605862
5.51,3.145,5.51,-23.49615821,5.51,3.368574506
5.52,3.198,5.52,-22.59713009,5.52,3.372557472
5.53,3.255,5.53,-21.64502245,5.53,3.373533804
5.54,3.288,5.54,-24.16235127,5.54,3.372527975
5.55,3.298,5.55,-24.8153806,5.55,3.363446485
5.56,3.309,5.56,-19.46015352,5.56,3.367419687
5.57,3.314,5.57,-16.64482585,5.57,3.362358255
5.58,3.306,5.58,-18.88980489,5.58,3.375445409
5.59,3.292,5.59,-19.6052458,5.59,3.367456903
5.6,3.293,5.6,-24.45019727,5.6,3.318914424
5.61,3.307,5.61,-22.66677431,5.61,3.327673644
5.62,3.29,5.62,-21.24694027,5.62,3.426571451
5.63,3.275,5.63,-21.96668633,5.63,3.565634299
5.64,3.272,5.64,-20.72215545,5.64,3.504411554
5.65,3.282,5.65,-4.044502757,5.65,3.292546786
5.66,3.285,5.66,18.48611585,5.66,3.224456171
5.67,3.294,5.67,20.60674941,5.67,3.276450512
5.68,3.299,5.68,8.230258371,5.68,3.333539433
5.69,3.302,5.69,-10.34481122,5.69,3.367430465
5.7,3.304,5.7,-20.74400641,5.7,3.37821638
5.71,3.309,5.71,-23.64683244,5.71,3.389686335
5.72,3.314,5.72,-21.83511006,5.72,3.394930428
5.73,3.303,5.73,-21.80631434,5.73,3.386934128
5.74,3.291,5.74,-19.95510881,5.74,3.372774516
5.75,3.3,5.75,-18.41424132,5.75,3.373661422
5.76,3.289,5.76,-19.29493406,5.76,3.387735739
5.77,3.29,5.77,-18.87781464,5.77,3.37061964
5.78,3.284,5.78,-21.62053707,5.78,3.355399147
5.79,3.271,5.79,-22.98240845,5.79,3.35223954
5.8,3.28,5.8,-26.30304518,5.8,3.362201506
5.81,3.289,5.81,-27.17473582,5.81,3.365257216
5.82,3.291,5.82,-27.85649441,5.82,3.374412783
5.83,3.293,5.83,-27.2869356,5.83,3.37957944
5.84,3.298,5.84,-24.09857388,5.84,3.382685184
5.85,3.289,5.85,-12.0504279,5.85,3.38477555
5.86,3.285,5.86,-1.069917049,5.86,3.389865561
5.87,3.291,5.87,1.972165297,5.87,3.394969972
5.88,3.298,5.88,18.60646988,5.88,3.383912778
5.89,3.287,5.89,8.255052608,5.89,3.371737624
5.9,3.277,5.9,-14.40024739,5.9,3.38071758
5.91,3.285,5.91,-19.25050736,5.91,3.369581443
5.92,3.29,5.92,-13.77741172,5.92,3.370511575
5.93,3.294,5.93,-11.44686931,5.93,3.364452382
5.94,3.304,5.94,-6.62042258,5.94,3.35122993
5.95,3.294,5.95,-5.135921736,5.95,3.360218559
5.96,3.291,5.96,-5.999092851,5.96,3.369311719
5.97,3.296,5.97,-3.29651729,5.97,3.371393338
5.98,3.297,5.98,-2.328995059,5.98,3.373502114
5.99,3.297,5.99,-6.726286987,5.99,3.378601862
6,3.293,6,-15.99700243,6,3.369550755
6.01,3.286,6.01,-18.21822463,6.01,3.36546565
6.02,3.284,6.02,-19.43891933,6.02,3.371482111
6.03,3.283,6.03,-21.05728394,6.03,3.378552502
6.04,3.293,6.04,-21.00278305,6.04,3.36750176
6.05,3.293,6.05,-22.55226308,6.05,3.357362853
6.06,3.292,6.06,-22.03151424,6.06,3.365352945
6.07,3.291,6.07,-20.29961531,6.07,3.370386299
6.08,3.293,6.08,-20.15608457,6.08,3.374469522
6.09,3.297,6.09,-17.84975558,6.09,3.384658134
6.1,3.296,6.1,-17.60961683,6.1,3.374651478
6.11,3.297,6.11,-18.66463856,6.11,3.371592989
6.12,3.285,6.12,-18.20896489,6.12,3.376617897
6.13,3.283,6.13,-15.19178767,6.13,3.377613827
6.14,3.291,6.14,-15.21272892,6.14,3.377636541
6.15,3.282,6.15,-16.79779514,6.15,3.373616443
6.16,3.285,6.16,-14.69071375,6.16,3.366512176
6.17,3.295,6.17,-12.74116054,6.17,3.364423591
6.18,3.297,6.18,-9.052896143,6.18,3.363358614
6.19,3.296,6.19,-5.607342174,6.19,3.37342968
6.2,3.29,6.2,-3.567311969,6.2,3.373497774
6.21,3.264,6.21,2.48912007,6.21,3.372522356
6.22,3.23,6.22,5.739483396,6.22,3.371538642
6.23,3.24,6.23,1.329118433,6.23,3.373542081
6.24,3.37,6.24,6.64742773,6.24,3.377592441
6.25,3.504,6.25,6.023351531,6.25,3.37661605
6.26,3.408,6.26,4.696221591,6.26,3.377641661
6.27,3.201,6.27,4.990345049,6.27,3.365529333
6.28,3.143,6.28,3.977839665,6.28,3.363417077
6.29,3.203,6.29,4.130418004,6.29,3.371447042
6.3,3.257,6.3,5.410455698,6.3,3.362361489
6.31,3.291,6.31,13.33754234,6.31,3.365358339
6.32,3.301,6.32,16.92268904,6.32,3.375481965
6.33,3.306,6.33,15.55253832,6.33,3.377552546
6.34,3.303,6.34,16.07275018,6.34,3.37661011
6.35,3.3,6.35,14.91880892,6.35,3.370577759
6.36,3.295,6.36,17.87527408,6.36,3.344252173
6.37,3.297,6.37,20.10280244,6.37,3.309670333
6.38,3.29,6.38,17.89954067,6.38,3.319409792
6.39,3.283,6.39,12.28146875,6.39,3.45066104
6.4,3.277,6.4,7.480078731,6.4,3.586991087
6.41,3.278,6.41,7.042630041,6.41,3.491496376
6.42,3.296,6.42,9.369504005,6.42,3.282508591
6.43,3.297,6.43,11.51127392,6.43,3.22236695
6.44,3.297,6.44,13.08119061,6.44,3.281393819
6.45,3.303,6.45,14.7345441,6.45,3.335565409
6.46,3.3,6.46,12.67985351,6.46,3.370495945
6.47,3.303,6.47,12.42122386,6.47,3.38129618
6.48,3.313,6.48,12.07321515,6.48,3.386690959
6.49,3.312,6.49,11.90956902,6.49,3.383810796
6.5,3.301,6.5,11.0553115,6.5,3.380785796
6.51,3.297,6.51,7.893699488,6.51,3.375709139
6.52,3.289,6.52,7.79418364,6.52,3.377668914
6.53,3.279,6.53,3.758598931,6.53,3.37058227
6.54,3.275,6.54,4.941295012,6.54,3.363448565
6.55,3.281,6.55,11.81056497,6.55,3.357316921
6.56,3.287,6.56,19.5303991,6.56,3.358232317
6.57,3.291,6.57,30.65225052,6.57,3.376390667
6.58,3.291,6.58,47.73705043,6.58,3.377522456
6.59,3.303,6.59,54.99110514,6.59,3.377604351
6.6,3.292,6.6,59.09101552,6.6,3.383732023
6.61,3.283,6.61,61.15552256,6.61,3.380735397
6.62,3.297,6.62,61.43523066,6.62,3.383766956
6.63,3.296,6.63,55.05554373,6.63,3.393904847
6.64,3.289,6.64,52.98495247,6.64,3.392964962
6.65,3.286,6.65,48.29193793,6.65,3.381889572
6.66,3.283,6.66,43.89905269,6.66,3.377793599
6.67,3.286,6.67,36.45479601,6.67,3.369627539
6.68,3.299,6.68,29.98307375,6.68,3.359410523
6.69,3.299,6.69,26.21224297,6.69,3.35525825
6.7,3.285,6.7,22.55683714,6.7,3.36123131
6.71,3.287,6.71,16.51744545,6.71,3.367296506
6.72,3.287,6.72,12.01459034,6.72,3.371399171
6.73,3.284,6.73,9.882229641,6.73,3.371473959
6.74,3.286,6.74,9.241275158,6.74,3.38363306
6.75,3.296,6.75,7.103981662,6.75,3.372613579
6.76,3.298,6.76,7.594981052,6.76,3.363478339
6.77,3.292,6.77,8.165273045,6.77,3.377560762
6.78,3.285,6.78,8.784719424,6.78,3.376574673
6.79,3.285,6.79,10.24140969,6.79,3.369521933
6.8,3.291,6.8,10.73423968,6.8,3.366487778
6.81,3.291,6.81,11.20233116,6.81,3.363394648
6.82,3.294,6.82,10.79961882,6.82,3.366370473
6.83,3.294,6.83,8.735134491,6.83,3.379514854
6.84,3.29,6.84,12.1531244,6.84,3.379613902
6.85,3.297,6.85,13.91402103,6.85,3.365525048
6.86,3.292,6.86,14.22121785,6.86,3.367484804
6.87,3.291,6.87,13.94435318,6.87,3.367438554
6.88,3.286,6.88,16.89694523,6.88,3.364366863
6.89,3.277,6.89,16.55865744,6.89,3.36638233
6.9,3.289,6.9,17.27024007,6.9,3.376491285
6.91,3.301,6.91,17.78576785,6.91,3.378583777
6.92,3.303,6.92,20.36951011,6.92,3.372580526
6.93,3.292,6.93,25.86515176,6.93,3.365501286
6.94,3.295,6.94,24.64097413,6.94,3.365427206
6.95,3.288,6.95,26.53497722,6.95,3.37144361
6.96,3.293,6.96,27.58257886,6.96,3.371468405
6.97,3.291,6.97,28.80710111,6.97,3.374527544
6.98,3.27,6.98,29.20533121,6.98,3.374569876
6.99,3.283,6.99,27.1611199,6.99,3.370534278
7,3.287,7,23.42971148,7,3.377589575
7.01,3.252,7.01,23.03589831,7.01,3.372570915
7.02,3.243,7.02,25.21519435,7.02,3.371535965
7.03,3.359,7.03,29.30028194,7.03,3.36648287
7.04,3.498,7.04,28.65436776,7.04,3.357324594
7.05,3.396,7.05,28.94525292,7.05,3.369367673
7.06,3.183,7.06,30.28051295,7.06,3.381534621
7.07,3.132,7.07,34.71492831,7.07,3.383662338
7.08,3.204,7.08,43.38996312,7.08,3.372650911
7.09,3.262,7.09,40.84610345,7.09,3.375641441
7.1,3.3,7.1,32.27124079,7.1,3.368546444
7.11,3.314,7.11,20.88252446,7.11,3.373520953
7.12,3.312,7.12,16.66656354,7.12,3.371527999
7.13,3.299,7.13,17.87343343,7.13,3.350282123
7.14,3.293,7.14,17.81068729,7.14,3.363280061
7.15,3.302,7.15,19.20683441,7.15,3.367330303
7.16,3.295,7.16,17.96183357,7.16,3.331965358
7.17,3.295,7.17,16.3657979,7.17,3.322683976
7.18,3.293,7.18,16.6339634,7.18,3.439729916
7.19,3.286,7.19,15.9392065,7.19,3.580915456
7.2,3.277,7.2,16.7530069,7.2,3.479278163
7.21,3.299,7.21,14.726883,7.21,3.264166497
7.22,3.292,7.22,8.765245879,7.22,3.211059294
7.23,3.285,7.23,4.044008725,7.23,3.282219948
7.24,3.287,7.24,1.848210286,7.24,3.340532749
7.25,3.289,7.25,8.211561403,7.25,3.37960785
7.26,3.307,7.26,9.944908014,7.26,3.394530827
7.27,3.312,7.27,10.58393143,7.27,3.392900611
7.28,3.313,7.28,14.22650855,7.28,3.379887704
7.29,3.313,7.29,28.98131224,7.29,3.373741553
7.3,3.31,7.3,39.87100498,7.3,3.382728648
7.31,3.294,7.31,41.75913755,7.31,3.375655592
7.32,3.282,7.32,38.4419407,7.32,3.375626122
7.33,3.28,7.33,27.72155774,7.33,3.373613067
7.34,3.283,7.34,21.52775811,7.34,3.36649391
7.35,3.277,7.35,25.77459508,7.35,3.357343505
7.36,3.278,7.36,29.06068458,7.36,3.3794791
7.37,3.29,7.37,29.52469706,7.37,3.372510988
7.38,3.294,7.38,27.11005328,7.38,3.365441062
7.39,3.285,7.39,22.42458768,7.39,3.367464845
7.4,3.285,7.4,21.00517014,7.4,3.36943634
7.41,3.298,7.41,17.98940835,7.41,3.387631877
7.42,3.296,7.42,14.97004077,7.42,3.392837013
7.43,3.295,7.43,12.04748863,7.43,3.393957021
7.44,3.293,7.44,10.80723053,7.44,3.394042255
7.45,3.287,7.45,8.627356178,7.45,3.391018544
7.46,3.283,7.46,7.914978707,7.46,3.374825593
7.47,3.291,7.47,8.573248697,7.47,3.362567587
7.48,3.294,7.48,8.859450472,7.48,3.360387978
7.49,3.292,7.49,10.01948465,7.49,3.363308716
7.5,3.29,7.5,10.55887036,7.5,3.357229854
7.51,3.295,7.51,11.86593176,7.51,3.358208864
7.52,3.281,7.52,10.97985249,7.52,3.370333428
7.53,3.29,7.53,12.64077144,7.53,3.374446161
7.54,3.291,7.54,14.47759512,7.54,3.365431774
7.55,3.289,7.55,16.71057478,7.55,3.365419977
7.56,3.292,7.56,18.74395035,7.56,3.378530499
7.57,3.293,7.57,18.52895133,7.57,3.376572066
7.58,3.293,7.58,18.82365565,7.58,3.375601195
7.59,3.287,7.59,20.06583929,7.59,3.373608772
7.6,3.271,7.6,20.86653216,7.6,3.367510671
7.61,3.291,7.61,21.84604278,7.61,3.363414245
7.62,3.297,7.62,21.71399862,7.62,3.371441711
7.63,3.302,7.63,30.57514523,7.63,3.374499025
7.64,3.304,7.64,32.00877179,7.64,3.372520242
7.65,3.296,7.65,33.47743858,7.65,3.370524962
7.66,3.295,7.66,33.44309919,7.66,3.375560775
7.67,3.287,7.67,32.80729622,7.67,3.361432015
7.68,3.276,7.68,33.52590662,7.68,3.370438031
7.69,3.3,7.69,34.21142131,7.69,3.371481141
7.7,3.291,7.7,33.96172068,7.7,3.369450184
7.71,3.281,7.71,33.8161728,7.71,3.372510989
7.72,3.289,7.72,36.61153964,7.72,3.373533591
7.73,3.29,7.73,38.05944193,7.73,3.373544736
7.74,3.291,7.74,35.2217318,7.74,3.367495878
7.75,3.287,7.75,33.83030467,7.75,3.351282151
7.76,3.286,7.76,34.04300616,7.76,3.371354523
7.77,3.291,7.77,36.4315397,7.77,3.377486334
7.78,3.299,7.78,49.47800467,7.78,3.382608725
7.79,3.289,7.79,62.23772393,7.79,3.384767525
7.8,3.253,7.8,57.91416731,7.8,3.376722113
7.81,3.24,7.81,45.45237647,7.81,3.375672607
7.82,3.315,7.82,32.60366626,7.82,3.36755336
7.83,3.462,7.83,29.52048461,7.83,3.356344905
7.84,3.449,7.84,29.58057095,7.84,3.380492172
7.85,3.252,7.85,29.61538305,7.85,3.371505973
7.86,3.139,7.86,29.6824754,7.86,3.361390668
7.87,3.184,7.87,28.0182318,7.87,3.369456996
7.88,3.252,7.88,28.2350935,7.88,3.370442822
7.89,3.284,7.89,29.90430021,7.89,3.371463147
7.9,3.299,7.9,28.04918873,7.9,3.367465287
7.91,3.29,7.91,27.93544525,7.91,3.366426747
7.92,3.294,7.92,20.80263859,7.92,3.371460518
7.93,3.305,7.93,16.08373247,7.93,3.379564932
7.94,3.301,7.94,17.50003565,7.94,3.369535213
7.95,3.309,7.95,21.44582371,7.95,3.33312449
7.96,3.31,7.96,22.41835053,7.96,3.319706353
7.97,3.299,7.97,21.64550789,7.97,3.395237712
7.98,3.283,7.98,35.06909648,7.98,3.544197356
7.99,3.28,7.99,48.66218317,7.99,3.532403499
8,3.275,8,57.01701383,8,3.334013872
8.01,3.283,8.01,59.11990615,8.01,3.218749404
8.02,3.292,8.02,44.80888038,8.02,3.262518103
8.03,3.288,8.03,27.55034906,8.03,3.330500701
8.04,3.299,8.04,27.4308591,8.04,3.363265381
8.05,3.311,8.05,31.70980355,8.05,3.37914332
8.06,3.323,8.06,34.95539027,8.06,3.370475438
8.07,3.319,8.07,35.97103593,8.07,3.374569057
8.08,3.299,8.08,34.69175935,8.08,3.385711167
8.09,3.29,8.09,30.40247176,8.09,3.381724049
8.1,3.294,8.1,28.70981852,8.1,3.389840494
8.11,3.294,8.11,25.69334176,8.11,3.390929598
8.12,3.287,8.12,22.74035905,8.12,3.379828429
8.13,3.282,8.13,19.91382671,8.13,3.363609856
8.14,3.274,8.14,15.57079402,8.14,3.360416708
8.15,3.282,8.15,14.39775704,8.15,3.355243882
8.16,3.294,8.16,13.26304419,8.16,3.363234828
8.17,3.292,8.17,12.9568926,8.17,3.37237208
8.18,3.28,8.18,12.49223268,8.18,3.368410816
8.19,3.279,8.19,12.39297339,8.19,3.379562573
8.2,3.279,8.2,12.64247076,8.2,3.391781771
8.21,3.288,8.21,12.71363273,8.21,3.404019803
8.22,3.295,8.22,13.0447275,8.22,3.400150114
8.23,3.295,8.23,13.69052129,8.23,3.379984744
8.24,3.304,8.24,14.84691831,8.24,3.370758424
8.25,3.302,8.25,16.18266835,8.25,3.37463856
8.26,3.3,8.26,16.72564379,8.26,3.374569946
8.27,3.293,8.27,15.14274653,8.27,3.367493449
8.28,3.294,8.28,14.72040745,8.28,3.362408014
8.29,3.278,8.29,14.06686028,8.29,3.354256926
8.3,3.277,8.3,14.22902,8.3,3.362241092
8.31,3.292,8.31,13.96088318,8.31,3.374386333
8.32,3.29,8.32,17.47221631,8.32,3.372459816
8.33,3.289,8.33,22.69896683,8.33,3.360394056
8.34,3.287,8.34,21.3923799,8.34,3.35932233
8.35,3.288,8.35,20.85160287,8.35,3.359255343
8.36,3.297,8.36,19.82577662,8.36,3.368308651
8.37,3.297,8.37,20.79055136,8.37,3.375454575
8.38,3.286,8.38,21.53503273,8.38,3.375540443
8.39,3.277,8.39,19.08312682,8.39,3.38469288
8.4,3.286,8.4,16.36282761,8.4,3.382755382
8.41,3.298,8.41,15.3729799,8.41,3.380748049
8.42,3.301,8.42,10.62628679,8.42,3.373681415
8.43,3.287,8.43,6.378913118,8.43,3.37462013
8.44,3.296,8.44,4.173694404,8.44,3.358425277
8.45,3.29,8.45,13.594194,8.45,3.357278065
8.46,3.301,8.46,29.23119039,8.46,3.372379303
8.47,3.295,8.47,35.93419245,8.47,3.370410381
8.48,3.285,8.48,34.64356252,8.48,3.369448358
8.49,3.28,8.49,20.77194647,8.49,3.367463348
8.5,3.279,8.5,6.458776301,8.5,3.368438601
8.51,3.293,8.51,2.730498671,8.51,3.377532586
8.52,3.297,8.52,4.196227256,8.52,3.377596671
8.53,3.295,8.53,5.036309483,8.53,3.366517522
8.54,3.281,8.54,3.589287013,8.54,3.357369902
8.55,3.288,8.55,1.982100183,8.55,3.366352445
8.56,3.276,8.56,-2.889167728,8.56,3.378476382
8.57,3.243,8.57,-3.547215016,8.57,3.381607676
8.58,3.249,8.58,-6.984411925,8.58,3.367561509
8.59,3.389,8.59,-8.469323837,8.59,3.376599711
8.6,3.488,8.6,-14.39758702,8.6,3.37055185
8.61,3.367,8.61,-22.77797944,8.61,3.381609357
8.62,3.184,8.62,-21.97191019,8.62,3.375643945
8.63,3.146,8.63,-18.72964401,8.63,3.365507603
8.64,3.221,8.64,-14.72289075,8.64,3.360399195
8.65,3.274,8.65,-18.32048521,8.65,3.359286688
8.66,3.289,8.66,-13.2176925,8.66,3.373380533
8.67,3.297,8.67,-3.95105129,8.67,3.377512782
8.68,3.298,8.68,4.507901822,8.68,3.37557315
8.69,3.303,8.69,-0.413681856,8.69,3.361471667
8.7,3.299,8.7,-3.448331616,8.7,3.368439564
8.71,3.302,8.71,-8.966712154,8.71,3.356301516
8.72,3.302,8.72,-14.02211773,8.72,3.322841059
8.73,3.289,8.73,-9.648243488,8.73,3.328649967
8.74,3.289,8.74,-6.97803471,8.74,3.470020439
8.75,3.288,8.75,-5.869109007,8.75,3.571029637
8.76,3.287,8.76,-9.780116335,8.76,3.450032936
8.77,3.284,8.77,-11.72127115,8.77,3.265022812
8.78,3.278,8.78,-13.77100898,8.78,3.225053982
8.79,3.291,8.79,-16.73538172,8.79,3.299417625
8.8,3.311,8.8,-19.35834782,8.8,3.352861534
8.81,3.308,8.81,-21.01306146,8.81,3.368688772
8.82,3.309,8.82,-22.60191892,8.82,3.377360614
8.83,3.313,8.83,-22.6807353,8.83,3.378613576
8.84,3.31,8.84,-21.01668038,8.84,3.383718563
8.85,3.3,8.85,-20.36984141,8.85,3.379733211
8.86,3.293,8.86,-19.7144902,8.86,3.38275227
8.87,3.272,8.87,-20.6976572,8.87,3.382775651
8.88,3.277,8.88,-20.5160686,8.88,3.369631207
8.89,3.278,8.89,-19.78152336,8.89,3.369548099
8.9,3.282,8.9,-15.99293207,8.9,3.368486946
8.91,3.292,8.91,-15.73419866,8.91,3.367425138
8.92,3.296,8.92,-17.60916542,8.92,3.364390856
8.93,3.29,8.93,-18.16359676,8.93,3.358297585
8.94,3.291,8.94,-17.76731887,8.94,3.371378205
8.95,3.296,8.95,-16.02329704,8.95,3.391655831
8.96,3.29,8.96,-16.08511059,8.96,3.388801675
8.97,3.292,8.97,-15.6056028,8.97,3.389912569
8.98,3.291,8.98,-14.18342189,8.98,3.394009937
8.99,3.277,8.99,-11.23771362,8.99,3.390987455
9,3.288,9,-8.821096798,9,3.380878892
9.01,3.301,9.01,-5.216463582,9.01,3.373731992
9.02,3.287,9.02,0.175172634,9.02,3.352406114
9.03,3.29,9.03,0.404630669,9.03,3.357246823
9.04,3.296,9.04,0.148386962,9.04,3.358199388
9.05,3.298,9.05,-1.646048452,9.05,3.362202171
9.06,3.284,9.06,0.614570396,9.06,3.372373265
9.07,3.284,9.07,2.260619501,9.07,3.376504618
9.08,3.291,9.08,-0.285861247,9.08,3.370520135
9.09,3.295,9.09,-3.78735068,9.09,3.371532376
9.1,3.304,9.1,-4.128113426,9.1,3.376577427
9.11,3.295,9.11,-0.689158111,9.11,3.37053109
9.12,3.288,9.12,0.807446382,9.12,3.372534241
9.13,3.286,9.13,0.672515302,9.13,3.371532119
9.14,3.289,9.14,0.970410675,9.14,3.357359164
9.15,3.29,9.15,3.212441028,9.15,3.368380356
9.16,3.284,9.16,12.04649845,9.16,3.381543391
9.17,3.292,9.17,16.71828649,9.17,3.367484432
9.18,3.295,9.18,12.45234823,9.18,3.370508134
9.19,3.287,9.19,4.203502317,9.19,3.376578421
9.2,3.283,9.2,-4.884606792,9.2,3.378599254
9.21,3.292,9.21,-8.383164095,9.21,3.364506559
9.22,3.294,9.22,-7.112897794,9.22,3.36442886
9.23,3.284,9.23,-7.885449845,9.23,3.37145406
9.24,3.286,9.24,-5.689011955,9.24,3.375499926
9.25,3.294,9.25,-7.900135589,9.25,3.384661111
9.26,3.296,9.26,-9.598658689,9.26,3.375669924
9.27,3.293,9.27,-7.35744227,9.27,3.368571033
9.28,3.29,9.28,-10.5066046,9.28,3.36649207
9.29,3.292,9.29,-8.477922773,9.29,3.369446835
9.3,3.284,9.3,-11.03545422,9.3,3.370454756
9.31,3.282,9.31,-17.66360659,9.31,3.364407302
9.32,3.296,9.32,-16.45193111,9.32,3.372463601
9.33,3.299,9.33,-11.77279243,9.33,3.375533623
9.34,3.29,9.34,-8.928060597,9.34,3.367479303
9.35,3.252,9.35,-7.22286507,9.35,3.363419763
9.36,3.235,9.36,14.65546974,9.36,3.372461157
9.37,3.305,9.37,32.15330006,9.37,3.374505044
9.38,3.461,9.38,37.06189752,9.38,3.364438579
9.39,3.46,9.39,26.43758993,9.39,3.366426602
9.4,3.261,9.4,15.17116299,9.4,3.374490097
9.41,3.141,9.41,10.96767153,9.41,3.37654291
9.42,3.174,9.42,12.07556473,9.42,3.37356899
9.43,3.245,9.43,14.72695228,9.43,3.37054785
9.44,3.286,9.44,15.31282714,9.44,3.372537171
9.45,3.287,9.45,7.90392711,9.45,3.364443904
9.46,3.297,9.46,2.438127641,9.46,3.36236292
9.47,3.315,9.47,-2.469080691,9.47,3.376476558
9.48,3.304,9.48,-5.397671611,9.48,3.379576145
9.49,3.302,9.49,-8.689277303,9.49,3.370553095
9.5,3.301,9.5,-13.47353583,9.5,3.332140746
9.51,3.296,9.51,-18.19442185,9.51,3.314645931
9.52,3.295,9.52,-19.89496895,9.52,3.38509372
9.53,3.277,9.53,-20.89275661,9.53,3.543090216
9.54,3.281,9.54,-20.17122511,9.54,3.543460121
9.55,3.285,9.55,-21.62428608,9.55,3.343157121
9.56,3.274,9.56,-21.87106571,9.56,3.220881586
9.57,3.273,9.57,-18.63092822,9.57,3.252497364
9.58,3.289,9.58,-21.64710576,9.58,3.323382456
9.59,3.302,9.59,-24.19121113,9.59,3.365198424
9.6,3.317,9.6,-22.7808766,9.6,3.366968893
9.61,3.328,9.61,-22.78865991,9.61,3.377452299
9.62,3.321,9.62,-27.57103157,9.62,3.395811638
9.63,3.316,9.63,-25.60988747,9.63,3.384839784
9.64,3.299,9.64,-25.99174608,9.64,3.382837314
9.65,3.286,9.65,-24.83278885,9.65,3.381824678
9.66,3.281,9.66,-24.39246811,9.66,3.376707209
9.67,3.28,9.67,-23.33055588,9.67,3.375656666
9.68,3.279,9.68,-21.98064793,9.68,3.357436527
9.69,3.278,9.69,-21.36352107,9.69,3.361326524
9.7,3.276,9.7,-17.91688472,9.7,3.365331702
9.71,3.291,9.71,-18.27842362,9.71,3.354198808
9.72,3.294,9.72,-17.73774211,9.72,3.353147578
9.73,3.294,9.73,-21.09187516,9.73,3.369280733
9.74,3.29,9.74,-19.87594561,9.74,3.382494083
9.75,3.289,9.75,-18.05927375,9.75,3.397813848
9.76,3.288,9.76,-21.03455005,9.76,3.409144915
9.77,3.286,9.77,-24.21855631,9.77,3.40224013
9.78,3.291,9.78,-25.21779211,9.78,3.397217738
9.79,3.292,9.79,-23.03227109,9.79,3.380000129
9.8,3.294,9.8,-22.25324391,9.8,3.366686254
9.81,3.283,9.81,-24.09339961,9.81,3.36146155
9.82,3.289,9.82,-24.12095683,9.82,3.360311725
9.83,3.297,9.83,-21.85361975,9.83,3.359242852
9.84,3.296,9.84,-21.04840473,9.84,3.358213088
9.85,3.284,9.85,-19.45504742,9.85,3.356180671
9.86,3.294,9.86,-20.89065574,9.86,3.371319606
9.87,3.295,9.87,-26.23842928,9.87,3.374452175
9.88,3.293,9.88,-33.92970844,9.88,3.374524151
9.89,3.283,9.89,-36.56363041,9.89,3.370544482
9.9,3.289,9.9,-35.01490234,9.9,3.369504186
9.91,3.302,9.91,-36.02504228,9.91,3.368469188
9.92,3.296,9.92,-34.06683167,9.92,3.366423272
9.93,3.281,9.93,-35.06950952,9.93,3.371457512
9.94,3.28,9.94,-37.11141852,9.94,3.372494943
9.95,3.289,9.95,-34.59120901,9.95,3.374536248
9.96,3.298,9.96,-37.2678409,9.96,3.363455512
9.97,3.286,9.97,-34.5422678,9.97,3.369445801
9.98,3.29,9.98,-35.58431738,9.98,3.377540529
9.99,3.296,9.99,-40.79550314,9.99,3.376572859
10,3.303,10,-39.72072324,10,3.364494883
10.01,3.284,10.01,-33.20317569,10.01,3.37453219
10.02,3.29,10.02,-23.36727161,10.02,3.375563133
10.03,3.297,10.03,-11.40145151,10.03,3.373546715
10.04,3.283,10.04,-3.29207297,10.04,3.363470769
10.05,3.287,10.05,11.91165292,10.05,3.369450132
10.06,3.293,10.06,28.79679867,10.06,3.382588491
10.07,3.299,10.07,37.70001142,10.07,3.376610434
10.08,3.285,10.08,36.19757229,10.08,3.361481492
10.09,3.281,10.09,34.83792984,10.09,3.360377451
10.1,3.293,10.1,18.10205056,10.1,3.369381206
10.11,3.29,10.11,10.67420172,10.11,3.378493548
10.12,3.288,10.12,-3.105721493,10.12,3.366472248
10.13,3.288,10.13,-12.85288693,10.13,3.370490902
10.14,3.304,10.14,-16.89666455,10.14,3.376563917
10.15,3.267,10.15,-24.16120488,10.15,3.383651298
10.16,3.238,10.16,-29.53087757,10.16,3.364544135
10.17,3.323,10.17,-32.87738076,10.17,3.370511531
10.18,3.48,10.18,-35.37213746,10.18,3.377579205
10.19,3.436,10.19,-38.25419567,10.19,3.363435071
10.2,3.218,10.2,-37.41768909,10.2,3.367433662
10.21,3.12,10.21,-37.93056939,10.21,3.373494535
10.22,3.185,10.22,-37.27569582,10.22,3.379565871
10.23,3.251,10.23,-34.58474321,10.23,3.365506058
10.24,3.289,10.24,-35.01269885,10.24,3.361399887
10.25,3.307,10.25,-33.26300518,10.25,3.373462404
10.26,3.3,10.26,-33.5499522,10.26,3.370452823
10.27,3.305,10.27,-31.78724254,10.27,3.368450112
10.28,3.311,10.28,-28.74099085,10.28,3.368467287
10.29,3.298,10.29,-34.73483172,10.29,3.384612352
10.3,3.29,10.3,-35.5468049,10.3,3.347330801
10.31,3.295,10.31,-32.59698702,10.31,3.317809219
10.32,3.291,10.32,-32.79205172,10.32,3.403418478
10.33,3.289,10.33,-32.36647964,10.33,3.562477978
10.34,3.282,10.34,-29.93231598,10.34,3.519411116
10.35,3.286,10.35,-29.08630834,10.35,3.299650397
10.36,3.285,10.36,-28.05479826,10.36,3.199302423
10.37,3.288,10.37,-25.21540372,10.37,3.26320589
10.38,3.295,10.38,-24.39857191,10.38,3.329321017
10.39,3.306,10.39,-19.62163825,10.39,3.368274276
10.4,3.309,10.4,-12.11611206,10.4,3.38727817
10.41,3.325,10.41,-6.252153685,10.41,3.38065579
10.42,3.319,10.42,-6.534674831,10.42,3.385807575
10.43,3.306,10.43,-5.260513576,10.43,3.391917163
10.44,3.288,10.44,0.067351303,10.44,3.378805504
10.45,3.282,10.45,-3.748143796,10.45,3.370668135
10.46,3.279,10.46,-13.68260156,10.46,3.375630826
10.47,3.278,10.47,-18.86880285,10.47,3.371547381
10.48,3.279,10.48,-19.83720567,10.48,3.369497065
10.49,3.288,10.49,-12.84511368,10.49,3.362414959
10.5,3.295,10.5,-8.383969051,10.5,3.366381684
10.51,3.288,10.51,-6.444580237,10.51,3.365370434
10.52,3.287,10.52,-7.87214594,10.52,3.368387779
10.53,3.292,10.53,-5.029588713,10.53,3.375499131
10.54,3.283,10.54,0.263157336,10.54,3.386673285
10.55,3.283,10.55,7.206489607,10.55,3.389823335
10.56,3.291,10.56,6.738901546,10.56,3.406078757
10.57,3.303,10.57,-1.230904704,10.57,3.400176219
10.58,3.294,10.58,-11.84963275,10.58,3.387055418
10.59,3.29,10.59,-16.90631465,10.59,3.368796822
10.6,3.292,10.6,-14.98834846,10.6,3.36252044
10.61,3.294,10.61,-14.44134058,10.61,3.359337403
10.62,3.283,10.62,-12.57627825,10.62,3.358230495
10.63,3.282,10.63,-10.42436402,10.63,3.359214662
10.64,3.292,10.64,-12.28485144,10.64,3.368308362
10.65,3.292,10.65,-12.16312094,10.65,3.37545189
10.66,3.294,10.66,-11.80721975,10.66,3.368466407
10.67,3.3,10.67,-12.75674482,10.67,3.367459775
10.68,3.289,10.68,-15.39471419,10.68,3.37249712
10.69,3.286,10.69,-17.92763762,10.69,3.363405904
10.7,3.298,10.7,-9.021330928,10.7,3.363359519
10.71,3.291,10.71,-7.759616323,10.71,3.371428883
10.72,3.287,10.72,-10.58032635,10.72,3.383582305
10.73,3.28,10.73,-6.257954843,10.73,3.374610721
10.74,3.291,10.74,-2.663257042,10.74,3.370573254
10.75,3.309,10.75,8.941052671,10.75,3.372566499
10.76,3.288,10.76,7.711142692,10.76,3.374549244
10.77,3.288,10.77,6.242077044,10.77,3.363446704
10.78,3.289,10.78,0.531726047,10.78,3.362371766
10.79,3.296,10.79,-3.685860518,10.79,3.372435508
10.8,3.303,10.8,-5.788852885,10.8,3.372467187
10.81,3.288,10.81,-3.090565306,10.81,3.374529912
10.82,3.285,10.82,-0.876103093,10.82,3.380643051
10.83,3.287,10.83,3.088193839,10.83,3.369570564
10.84,3.291,10.84,0.465256849,10.84,3.366486462
10.85,3.292,10.85,-0.907414285,10.85,3.378570256
10.86,3.287,10.86,-1.963557979,10.86,3.371531805
10.87,3.286,10.87,-4.461130799,10.87,3.367479555
10.88,3.29,10.88,-6.779181122,10.88,3.360391673
10.89,3.294,10.89,-9.213654591,10.89,3.371410801
10.9,3.287,10.9,-10.64013928,10.9,3.389649312
10.91,3.284,10.91,-10.91841085,10.91,3.368578135
10.92,3.284,10.92,-10.08808523,10.92,3.36853203
10.93,3.259,10.93,-9.176305152,10.93,3.369517559
10.94,3.243,10.94,-7.96356591,10.94,3.376516726
10.95,3.285,10.95,-6.566097163,10.95,3.383661106
10.96,3.446,10.96,-6.402461811,10.96,3.368582103
10.97,3.475,10.97,-4.801129427,10.97,3.36548836
10.98,3.288,10.98,-4.501562898,10.98,3.367450478
10.99,3.138,10.99,-4.803171207,10.99,3.371441503
11,3.155,11,-4.770025145,11,3.372489252
11.01,3.241,11.01,-3.113618262,11.01,3.367466939
11.02,3.285,11.02,-1.075959994,11.02,3.366435199
11.03,3.3,11.03,-1.142605112,11.03,3.370452529
11.04,3.308,11.04,0.214035409,11.04,3.374503505
11.05,3.302,11.05,1.52304782,11.05,3.367473245
11.06,3.303,11.06,3.148138371,11.06,3.364418619
11.07,3.304,11.07,5.529988988,11.07,3.364381142
11.08,3.298,11.08,8.266673221,11.08,3.339076841
11.09,3.303,11.09,8.541429229,11.09,3.322716252
11.1,3.298,11.1,13.77621806,11.1,3.364955371
11.11,3.293,11.11,13.98809891,11.11,3.527839982
11.12,3.283,11.12,11.56314423,11.12,3.558457184
11.13,3.288,11.13,9.298074942,11.13,3.370427345
11.14,3.288,11.14,12.19123831,11.14,3.218067807
11.15,3.294,11.15,17.52410061,11.15,3.233433722
11.16,3.293,11.16,15.30476077,11.16,3.319269056
11.17,3.279,11.17,9.52868525,11.17,3.364058974
11.18,3.287,11.18,11.03138842,11.18,3.380023458
11.19,3.303,11.19,14.96658424,11.19,3.388661373
11.2,3.308,11.2,16.84713094,11.2,3.382801844
11.21,3.311,11.21,16.36829347,11.21,3.383818606
11.22,3.302,11.22,17.70570486,11.22,3.384831024
11.23,3.3,11.23,19.38841912,11.23,3.37875245
11.24,3.294,11.24,21.65044765,11.24,3.383772718
11.25,3.281,11.25,24.20615236,11.25,3.378736574
11.26,3.273,11.26,23.224467,11.26,3.373644066
11.27,3.275,11.27,18.80415949,11.27,3.363502715
11.28,3.279,11.28,12.32356891,11.28,3.368443433
11.29,3.294,11.29,10.00498932,11.29,3.36842964
11.3,3.29,11.3,10.32231911,11.3,3.374482055
11.31,3.304,11.31,12.78840439,11.31,3.373539288
11.32,3.298,11.32,12.02654446,11.32,3.359401432
11.33,3.285,11.33,12.85198734,11.33,3.367399984
11.34,3.29,11.34,12.9185217,11.34,3.383570182
11.35,3.295,11.35,12.57375469,11.35,3.388724982
11.36,3.293,11.36,13.830493,11.36,3.391889965
11.37,3.284,11.37,13.94483193,11.37,3.38288308
11.38,3.289,11.38,7.796474731,11.38,3.380812444
11.39,3.29,11.39,9.703169449,11.39,3.374706806
11.4,3.298,11.4,9.849266794,11.4,3.361483989
11.41,3.289,11.41,9.424831512,11.41,3.353279708
11.42,3.284,11.42,8.467928473,11.42,3.355174751
11.43,3.292,11.43,10.52686249,11.43,3.359162721
11.44,3.295,11.44,12.21870106,11.44,3.374341711
11.45,3.294,11.45,23.696048,11.45,3.37043678
11.46,3.294,11.46,35.41839697,11.46,3.384624688
11.47,3.291,11.47,38.49156256,11.47,3.378696814
11.48,3.286,11.48,31.97718972,11.48,3.365542279
11.49,3.283,11.49,17.46093796,11.49,3.370527207
11.5,3.295,11.5,14.98868745,11.5,3.375539313
11.51,3.295,11.51,20.66773599,11.51,3.373533817
11.52,3.292,11.52,24.69728634,11.52,3.364467299
11.53,3.287,11.53,24.92774144,11.53,3.369460232
11.54,3.294,11.54,23.42213571,11.54,3.370464133
11.55,3.296,11.55,20.34040277,11.55,3.378546599
11.56,3.293,11.56,19.94638938,11.56,3.369536247
11.57,3.297,11.57,17.89181024,11.57,3.36444624
11.58,3.29,11.58,16.19334865,11.58,3.372487446
11.59,3.282,11.59,14.10147151,11.59,3.375524134
11.6,3.288,11.6,14.30584174,11.6,3.374554699
11.61,3.293,11.61,13.3881088,11.61,3.374588826
11.62,3.286,11.62,15.39203884,11.62,3.371557734
11.63,3.293,11.63,16.59647697,11.63,3.366476823
11.64,3.29,11.64,16.25528522,11.64,3.363397409
11.65,3.285,11.65,17.28043184,11.65,3.375474628
11.66,3.292,11.66,17.35565067,11.66,3.37553721
11.67,3.282,11.67,19.14930112,11.67,3.372543205
11.68,3.278,11.68,19.14043637,11.68,3.367510131
11.69,3.252,11.69,20.31177046,11.69,3.374528609
11.7,3.255,11.7,22.80004674,11.7,3.376572882
11.71,3.352,11.71,23.60471012,11.71,3.373566913
11.72,3.462,11.72,24.30400166,11.72,3.377621885
11.73,3.398,11.73,25.17103408,11.73,3.370567477
11.74,3.219,11.74,26.77751039,11.74,3.362433881
11.75,3.148,11.75,27.00543536,11.75,3.368428313
11.76,3.203,11.76,28.50257858,11.76,3.373469865
11.77,3.265,11.77,30.11909493,11.77,3.366432236
11.78,3.296,11.78,31.3891591,11.78,3.373499566
11.79,3.292,11.79,34.72138771,11.79,3.370505863
11.8,3.298,11.8,34.08230414,11.8,3.365429478
11.81,3.31,11.81,32.79716294,11.81,3.372484443
11.82,3.296,11.82,36.76393038,11.82,3.36239587
11.83,3.296,11.83,41.89435881,11.83,3.358290679
11.84,3.303,11.84,40.82221788,11.84,3.331973351
11.85,3.293,11.85,40.36699319,11.85,3.334760193
11.86,3.294,11.86,38.05832171,11.86,3.432714136
11.87,3.289,11.87,33.99473365,11.87,3.544530387
11.88,3.286,11.88,31.07373873,11.88,3.481048174
11.89,3.285,11.89,31.38465991,11.89,3.300399644
11.9,3.297,11.9,34.02000949,11.9,3.227386761
11.91,3.3,11.91,35.81695136,11.91,3.281492697
11.92,3.298,11.92,43.18530547,11.92,3.343736816
11.93,3.297,11.93,54.06053199,11.93,3.375612929
11.94,3.304,11.94,53.06881658,11.94,3.372263419
11.95,3.303,11.95,44.35515029,11.95,3.378584716
11.96,3.296,11.96,34.18123464,11.96,3.390804332
11.97,3.3,11.97,30.4631339,11.97,3.376731252
11.98,3.3,11.98,30.32491076,11.98,3.376695574
11.99,3.289,11.99,29.6637655,11.99,3.383754434
12,3.291,12,29.63685428,12,3.373644065
12.01,3.282,12.01,30.23531141,12.01,3.374616555
12.02,3.288,12.02,28.6348652,12.02,3.369556867
12.03,3.292,12.03,26.54365306,12.03,3.366453256
12.04,3.278,12.04,29.41810721,12.04,3.365411984
12.05,3.284,12.05,27.2498813,12.05,3.377504001
12.06,3.289,12.06,29.08718161,12.06,3.380614148
12.07,3.283,12.07,24.04657552,12.07,3.378658326
12.08,3.293,12.08,14.89175204,12.08,3.377685142
12.09,3.292,12.09,10.73600546,12.09,3.38474696
12.1,3.279,12.1,11.03879938,12.1,3.383775441
12.11,3.281,12.11,13.36932514,12.11,3.376717424
12.12,3.29,12.12,15.4393153,12.12,3.38072898
12.13,3.298,12.13,21.39884728,12.13,3.380724286
12.14,3.294,12.14,41.80869349,12.14,3.3695989
12.15,3.291,12.15,55.42472397,12.15,3.371557304
12.16,3.301,12.16,65.61428453,12.16,3.362432291
12.17,3.291,12.17,56.2181473,12.17,3.36840035
12.18,3.285,12.18,36.85708851,12.18,3.372467999
12.19,3.292,12.19,32.69326,12.19,3.358338788
12.2,3.294,12.2,36.46696,12.2,3.364340745
12.21,3.296,12.21,40.56855168,12.21,3.369395605
12.22,3.291,12.22,42.74871191,12.22,3.363340971
12.23,3.296,12.23,38.29960475,12.23,3.373451783
12.24,3.282,12.24,34.29602228,12.24,3.37250529
12.25,3.287,12.25,28.86581595,12.25,3.359372818
12.26,3.294,12.26,23.34650569,12.26,3.361332252
12.27,3.301,12.27,17.63907651,12.27,3.370384466
12.28,3.29,12.28,12.62811739,12.28,3.378500642
12.29,3.286,12.29,7.884019125,12.29,3.37456609
12.3,3.287,12.3,4.917415406,12.3,3.371563293
12.31,3.293,12.31,4.881513588,12.31,3.381653792
12.32,3.291,12.32,4.08628961,12.32,3.371590762
12.33,3.291,12.33,2.435016018,12.33,3.365482814
12.34,3.288,12.34,2.680365476,12.34,3.372511694
12.35,3.292,12.35,4.093650943,12.35,3.374521877
12.36,3.284,12.36,4.372376608,12.36,3.376570673
12.37,3.288,12.37,6.463063791,12.37,3.371567157
12.38,3.297,12.38,6.492117539,12.38,3.376593052
12.39,3.29,12.39,5.29157746,12.39,3.362467257
12.4,3.288,12.4,6.266209793,12.4,3.367417759
12.41,3.271,12.41,7.73247775,12.41,3.374497436
12.42,3.238,12.42,7.591538652,12.42,3.381591912
12.43,3.259,12.43,6.718100272,12.43,3.37057859
12.44,3.416,12.44,8.670145905,12.44,3.366500968
12.45,3.489,12.45,9.299766989,12.45,3.367459938
12.46,3.33,12.46,14.20341777,12.46,3.373474669
12.47,3.153,12.47,18.38861653,12.47,3.371495341
12.48,3.155,12.48,19.78806164,12.48,3.371509027
12.49,3.219,12.49,16.57715941,12.49,3.368489068
12.5,3.279,12.5,19.10372928,12.5,3.372498812
12.51,3.302,12.51,19.58103165,12.51,3.364433122
12.52,3.299,12.52,21.22046193,12.52,3.368421591
12.53,3.303,12.53,19.36313019,12.53,3.377532866
12.54,3.308,12.54,18.56229215,12.54,3.370509818
12.55,3.298,12.55,20.2101264,12.55,3.368489257
12.56,3.314,12.56,21.07920354,12.56,3.351294537
12.57,3.297,12.57,19.52672738,12.57,3.317779728
12.58,3.287,12.58,15.40135138,12.58,3.338695055
12.59,3.284,12.59,14.03766609,12.59,3.497346958
12.6,3.292,12.6,18.68816223,12.6,3.572263376
12.61,3.289,12.61,28.09935086,12.61,3.412783053
12.62,3.282,12.62,29.30601603,12.62,3.233506707
12.63,3.282,12.63,23.18781591,12.63,3.233768431
12.64,3.294,12.64,11.70959589,12.64,3.297221966
12.65,3.302,12.65,3.192777154,12.65,3.357854509
12.66,3.302,12.66,3.72666147,12.66,3.381908354
12.67,3.304,12.67,6.335169958,12.67,3.379483664
12.68,3.312,12.68,9.150335844,12.68,3.38374833
12.69,3.311,12.69,9.256341664,12.69,3.388856632
12.7,3.299,12.7,5.98389388,12.7,3.37877595
12.71,3.295,12.71,5.103728494,12.71,3.394907073
12.72,3.285,12.72,3.920397513,12.72,3.377820533
12.73,3.283,12.73,3.932725479,12.73,3.36761091
12.74,3.277,12.74,-1.315734911,12.74,3.364502413
12.75,3.278,12.75,-4.847463938,12.75,3.372460301
12.76,3.283,12.76,-10.68753983,12.76,3.369454041
12.77,3.296,12.77,-15.65059676,12.77,3.362383702
12.78,3.288,12.78,-14.54631056,12.78,3.362349839
12.79,3.288,12.79,-3.138311207,12.79,3.3744363
12.8,3.288,12.8,-2.289764962,12.8,3.382588717
12.81,3.298,12.81,-5.813147357,12.81,3.382697224
12.82,3.295,12.82,5.776404534,12.82,3.384788769
12.83,3.297,12.83,15.27902745,12.83,3.392907679
12.84,3.286,12.84,18.64818608,12.84,3.391958047
12.85,3.274,12.85,18.163578,12.85,3.379859124
12.86,3.289,12.86,17.06133738,12.86,3.375749722
12.87,3.296,12.87,13.10130256,12.87,3.365559949
12.88,3.294,12.88,13.35490503,12.88,3.363410198
12.89,3.283,12.89,13.4794803,12.89,3.357288838
12.9,3.288,12.9,13.89178875,12.9,3.358216849
12.91,3.289,12.91,10.25837119,12.91,3.363255311
12.92,3.294,12.92,-2.675718267,12.92,3.376415855
12.93,3.294,12.93,-6.093608087,12.93,3.368452471
12.94,3.293,12.94,-2.427179201,12.94,3.368458026
12.95,3.291,12.95,-4.453889632,12.95,3.368468572
12.96,3.293,12.96,-6.831249917,12.96,3.378539538
12.97,3.292,12.97,-10.48941376,12.97,3.375586749
12.98,3.289,12.98,-9.889850539,12.98,3.37762322
12.99,3.292,12.99,-10.98101626,12.99,3.366543048
13,3.299,13,-11.21947664,13,3.354324347
13.01,3.294,13.01,-11.24133177,13.01,3.36936369
13.02,3.295,13.02,-10.27982566,13.02,3.376465993
13.03,3.291,13.03,-9.173285645,13.03,3.374519283
13.04,3.296,13.04,-8.971309701,13.04,3.363471848
13.05,3.291,13.05,-7.234719794,13.05,3.368449951
13.06,3.278,13.06,-6.480349185,13.06,3.36944504
13.07,3.29,13.07,-7.995463358,13.07,3.374488754
13.08,3.299,13.08,-5.751808994,13.08,3.374553687
13.09,3.293,13.09,-8.138439888,13.09,3.373561608
13.1,3.29,13.1,-7.408003557,13.1,3.371549031
13.11,3.288,13.11,-4.692781105,13.11,3.373548492
13.12,3.288,13.12,-3.96260317,13.12,3.372541759
13.13,3.28,13.13,-4.720561513,13.13,3.36950376
13.14,3.256,13.14,-3.451344785,13.14,3.37251801
13.15,3.231,13.15,-2.88148232,13.15,3.379598958
13.16,3.264,13.16,1.357839761,13.16,3.374599003
13.17,3.438,13.17,1.857282609,13.17,3.375611003
13.18,3.484,13.18,7.187470251,13.18,3.371578577
13.19,3.328,13.19,8.464099089,13.19,3.376584564
13.2,3.166,13.2,8.260683558,13.2,3.371559954
13.21,3.162,13.21,5.263613274,13.21,3.358388788
13.22,3.227,13.22,7.546977529,13.22,3.370421865
13.23,3.271,13.23,16.67648757,13.23,3.379537807
13.24,3.297,13.24,12.73201674,13.24,3.373544534
13.25,3.309,13.25,3.930893067,13.25,3.370551007
13.26,3.301,13.26,4.941735651,13.26,3.368507295
13.27,3.299,13.27,12.82266479,13.27,3.368455042
13.28,3.297,13.28,10.13380177,13.28,3.360356185
13.29,3.294,13.29,10.00764724,13.29,3.336036295
13.3,3.293,13.3,9.964528717,13.3,3.31056391
13.31,3.287,13.31,12.14293609,13.31,3.343615314
13.32,3.278,13.32,13.67430126,13.32,3.519547546
13.33,3.292,13.33,14.93369443,13.33,3.56737762
13.34,3.286,13.34,12.7714678,13.34,3.410828375
13.35,3.289,13.35,7.31340282,13.35,3.246682722
13.36,3.292,13.36,1.652229154,13.36,3.240899825
13.37,3.288,13.37,-2.610031331,13.37,3.305404117
13.38,3.3,13.38,-3.183533092,13.38,3.349899351
13.39,3.306,13.39,-1.479701177,13.39,3.376840479
13.4,3.317,13.4,-1.164772008,13.4,3.389545861
13.41,3.312,13.41,-1.868947298,13.41,3.381749774
13.42,3.312,13.42,-0.245332035,13.42,3.379771685
13.43,3.303,13.43,0.142690787,13.43,3.377728474
13.44,3.299,13.44,-3.328016422,13.44,3.374639152
13.45,3.285,13.45,-2.216764308,13.45,3.3735976
13.46,3.275,13.46,-5.975880501,13.46,3.36750963
13.47,3.277,13.47,-10.12412541,13.47,3.358356831
13.48,3.287,13.48,-13.21421016,13.48,3.37241617
13.49,3.284,13.49,-13.59614488,13.49,3.366402385
13.5,3.279,13.5,-9.737913807,13.5,3.369416086
13.51,3.296,13.51,-5.545504979,13.51,3.372501132
13.52,3.302,13.52,-6.193337602,13.52,3.368462033
13.53,3.289,13.53,-10.50551568,13.53,3.380585958
13.54,3.285,13.54,-8.766610773,13.54,3.3867317
13.55,3.283,13.55,3.405587793,13.55,3.397922592
13.56,3.293,13.56,7.47376731,13.56,3.39301586
13.57,3.277,13.57,-0.159140383,13.57,3.393031983
13.58,3.291,13.58,-9.128897211,13.58,3.383950233
13.59,3.295,13.59,-13.33609735,13.59,3.379816814
13.6,3.294,13.6,-8.895286677,13.6,3.365607735
13.61,3.291,13.61,-2.955316918,13.61,3.355352496
13.62,3.291,13.62,-1.187232345,13.62,3.357240548
13.63,3.283,13.63,-2.219397453,13.63,3.367280382
13.64,3.298,13.64,-6.208382231,13.64,3.364305469
13.65,3.3,13.65,-7.543572205,13.65,3.359280759
13.66,3.294,13.66,-8.836496622,13.66,3.376446435
13.67,3.287,13.67,-9.56123193,13.67,3.38260039
13.68,3.287,13.68,-11.76996724,13.68,3.36955446
13.69,3.286,13.69,-14.37529637,13.69,3.365498816
13.7,3.297,13.7,-16.58719656,13.7,3.363408144
13.71,3.291,13.71,-17.04353506,13.71,3.373437381
13.72,3.288,13.72,-15.91941676,13.72,3.357328321
13.73,3.286,13.73,-16.2296482,13.73,3.371392938
13.74,3.293,13.74,-15.89946143,13.74,3.375514341
13.75,3.294,13.75,-15.24986377,13.75,3.374524691
13.76,3.295,13.76,-12.31765616,13.76,3.371558202
13.77,3.284,13.77,-13.62271505,13.77,3.371536278
13.78,3.288,13.78,-11.44600676,13.78,3.363433624
13.79,3.29,13.79,-9.263078818,13.79,3.378525279
13.8,3.29,13.8,-10.46061385,13.8,3.380629544
13.81,3.302,13.81,-10.84541553,13.81,3.374609224
13.82,3.295,13.82,-11.08618767,13.82,3.367553616
13.83,3.294,13.83,-10.0311716,13.83,3.367476134
13.84,3.289,13.84,-9.212001551,13.84,3.366417823
13.85,3.28,13.85,-8.611909708,13.85,3.377508375
13.86,3.288,13.86,-7.293901005,13.86,3.371526538
13.87,3.288,13.87,-1.465605621,13.87,3.368487864
13.88,3.278,13.88,0.633746927,13.88,3.366459728
13.89,3.244,13.89,4.880350508,13.89,3.373480829
13.9,3.238,13.9,6.683615649,13.9,3.374529688
13.91,3.334,13.91,6.10191242,13.91,3.375569132
13.92,3.492,13.92,11.25756436,13.92,3.364487748
13.93,3.44,13.93,6.556246221,13.93,3.368451603
13.94,3.225,13.94,0.018643913,13.94,3.370464166
13.95,3.14,13.95,0.404477114,13.95,3.370456124
13.96,3.181,13.96,1.852374294,13.96,3.382612606
13.97,3.242,13.97,0.999374561,13.97,3.375630449
13.98,3.282,13.98,-0.371779808,13.98,3.374611474
13.99,3.302,13.99,-0.768498928,13.99,3.369565035
14,3.302,14,7.635809016,14,3.360396626
14.01,3.304,14.01,9.44423454,14.01,3.368398371
14.02,3.312,14.02,9.453937167,14.02,3.36840772
14.03,3.3,14.03,11.52663037,14.03,3.358303901
14.04,3.303,14.04,7.967764674,14.04,3.323900256
14.05,3.303,14.05,0.335316717,14.05,3.317542626
14.06,3.286,14.06,-8.284859586,14.06,3.414362678
14.07,3.272,14.07,-10.10886086,14.07,3.574627505
14.08,3.283,14.08,-7.355216758,14.08,3.523598992
14.09,3.291,14.09,-7.16300032,14.09,3.306836365
14.1,3.284,14.1,-6.148746188,14.1,3.219615359
14.11,3.286,14.11,-9.33203676,14.11,3.259342157
14.12,3.286,14.12,-8.949077272,14.12,3.320290799
14.13,3.282,14.13,-8.084429558,14.13,3.3611808
14.14,3.31,14.14,-10.30586882,14.14,3.382112545
14.15,3.322,14.15,-11.19495662,14.15,3.382586589
14.16,3.32,14.16,-10.25848684,14.16,3.384775591
14.17,3.299,14.17,-16.68772436,14.17,3.392915843
14.18,3.301,14.18,-21.49306271,14.18,3.380840637
14.19,3.303,14.19,-16.9588104,14.19,3.38382065
14.2,3.297,14.2,-10.03030797,14.2,3.383823641
14.21,3.279,14.21,-9.75944847,14.21,3.366607535
14.22,3.286,14.22,-11.56554097,14.22,3.352350922
14.23,3.288,14.23,-9.563034835,14.23,3.363299642
14.24,3.287,14.24,3.52191887,14.24,3.371356817
14.25,3.284,14.25,12.72541983,14.25,3.364346564
14.26,3.283,14.26,13.90924898,14.26,3.366392614
14.27,3.285,14.27,-0.123529663,14.27,3.366400733
14.28,3.286,14.28,-12.85062432,14.28,3.362336488
14.29,3.29,14.29,-10.59140265,14.29,3.390617327
14.3,3.286,14.3,-6.84497509,14.3,3.402935758
14.31,3.284,14.31,-2.50901185,14.31,3.401093824
14.32,3.293,14.32,0.172753422,14.32,3.379996597
14.33,3.293,14.33,-1.732384126,14.33,3.381876874
14.34,3.288,14.34,-6.765491425,14.34,3.383819838
14.35,3.291,14.35,-8.014402601,14.35,3.377708684
14.36,3.289,14.36,-8.563954988,14.36,3.359500755
14.37,3.296,14.37,-9.563216402,14.37,3.366425663
14.38,3.303,14.38,-11.9687426,14.38,3.36841004
14.39,3.296,14.39,-12.60482775,14.39,3.367383703
14.4,3.283,14.4,-14.39544919,14.4,3.364387561
14.41,3.291,14.41,-12.55956601,14.41,3.363352994
14.42,3.295,14.42,-12.24303018,14.42,3.365351058
14.43,3.28,14.43,-11.15725882,14.43,3.366363346
14.44,3.287,14.44,-11.17050556,14.44,3.370419547
14.45,3.297,14.45,-10.21051887,14.45,3.366417507
14.46,3.295,14.46,-8.192839509,14.46,3.364383553
14.47,3.287,14.47,-8.387245515,14.47,3.373462736
14.48,3.293,14.48,-5.897462711,14.48,3.373505511
14.49,3.296,14.49,-7.249319199,14.49,3.368481666
14.5,3.289,14.5,-7.233909222,14.5,3.371508445
14.51,3.278,14.51,-4.217056132,14.51,3.369484482
14.52,3.283,14.52,-3.403293675,14.52,3.376538788
14.53,3.298,14.53,-1.317479025,14.53,3.383671204
14.54,3.302,14.54,-0.912915543,14.54,3.376665451
14.55,3.293,14.55,0.134416955,14.55,3.363526044
14.56,3.282,14.56,-0.06375416,14.56,3.371508223
14.57,3.281,14.57,1.730703473,14.57,3.375533188
14.58,3.288,14.58,3.303376108,14.58,3.360393414
14.59,3.298,14.59,5.716133686,14.59,3.367408119
14.6,3.292,14.6,6.853705819,14.6,3.377518639
14.61,3.3,14.61,5.85510158,14.61,3.375543956
14.62,3.288,14.62,8.683981554,14.62,3.367514834
14.63,3.297,14.63,13.7490291,14.63,3.373541288
14.64,3.294,14.64,14.00636098,14.64,3.37657424
14.65,3.286,14.65,10.50194441,14.65,3.369518452
14.66,3.246,14.66,8.135943876,14.66,3.358386204
14.67,3.221,14.67,8.168146807,14.67,3.363338337
14.68,3.307,14.68,6.850619909,14.68,3.378468748
14.69,3.479,14.69,4.812476149,14.69,3.382608496
14.7,3.458,14.7,4.400333435,14.7,3.373622152
14.71,3.253,14.71,3.094314332,14.71,3.362500321
14.72,3.129,14.72,7.056841997,14.72,3.361378203
14.73,3.175,14.73,9.699598918,14.73,3.36837154
14.74,3.243,14.74,11.96478593,14.74,3.378495302
14.75,3.289,14.75,10.8723073,14.75,3.372535249
14.76,3.299,14.76,5.616938501,14.76,3.380637866
14.77,3.307,14.77,0.060909784,14.77,3.368575354
14.78,3.31,14.78,-1.893126814,14.78,3.377585679
14.79,3.306,14.79,-0.310158391,14.79,3.374606365
14.8,3.3,14.8,-0.437196578,14.8,3.366486541
14.81,3.287,14.81,-0.649854462,14.81,3.326027842
14.82,3.287,14.82,-0.979820203,14.82,3.300419812
14.83,3.296,14.83,-4.894689425,14.83,3.386979343
14.84,3.289,14.84,-6.270489797,14.84,3.561227461
14.85,3.284,14.85,-3.7063968,14.85,3.541536008
14.86,3.294,14.86,-5.561970328,14.86,3.335140298
14.87,3.282,14.87,-6.441509849,14.87,3.208746242
14.88,3.281,14.88,-13.44112563,14.88,3.253370704
14.89,3.284,14.89,-18.05254754,14.89,3.32129821
14.9,3.305,14.9,-15.01277792,14.9,3.368184466
14.91,3.306,14.91,-9.500448649,14.91,3.379123191
14.92,3.31,14.92,-2.332075351,14.92,3.38765135
14.93,3.315,14.93,-5.726010432,14.93,3.390888231
14.94,3.306,14.94,-1.558844173,14.94,3.386899846
14.95,3.298,14.95,10.73586325,14.95,3.380837589
14.96,3.294,14.96,19.25682172,14.96,3.367644309
14.97,3.288,14.97,25.05311928,14.97,3.367510522
14.98,3.277,14.98,18.79733822,14.98,3.376540672
14.99,3.277,14.99,13.81731626,14.99,3.369492694
15,3.28,15,8.889817407,15,3.364430051
15.01,3.292,15.01,11.40788053,15.01,3.374504103
15.02,3.289,15.02,14.68772447,15.02,3.362401495
15.03,3.286,15.03,12.63654048,15.03,3.361327467
15.04,3.294,15.04,6.770078426,15.04,3.364344456
15.05,3.291,15.05,1.398659272,15.05,3.385539821
15.06,3.285,15.06,1.157722803,15.06,3.386721429
15.07,3.277,15.07,0.189455447,15.07,3.390860527
15.08,3.279,15.08,-1.295436654,15.08,3.396015779
15.09,3.278,15.09,-4.4618969,15.09,3.386960595
15.1,3.3,15.1,-7.161708297,15.1,3.378840208
15.11,3.314,15.11,-8.458060745,15.11,3.374719055
15.12,3.297,15.12,-9.161675084,15.12,3.368561995
15.13,3.296,15.13,-9.557324948,15.13,3.357364603
15.14,3.293,15.14,-9.186198926,15.14,3.357253057
15.15,3.298,15.15,-8.280133289,15.15,3.360226618
15.16,3.293,15.16,-7.641741901,15.16,3.372343896
15.17,3.284,15.17,-6.213205623,15.17,3.369419085
15.18,3.288,15.18,-5.20870037,15.18,3.366419736
15.19,3.295,15.19,-4.002281941,15.19,3.374510159
15.2,3.292,15.2,-3.430694471,15.2,3.371507731
15.21,3.28,15.21,-3.479034039,15.21,3.365443304
15.22,3.292,15.22,-2.259439058,15.22,3.35733143
15.23,3.298,15.23,-1.910278029,15.23,3.35925585
15.24,3.297,15.24,-1.719840665,15.24,3.358211972
15.25,3.296,15.25,-1.383545924,15.25,3.38042402
15.26,3.288,15.26,-1.831088341,15.26,3.394744237
15.27,3.29,15.27,-1.097132152,15.27,3.377743337
15.28,3.284,15.28,0.316497091,15.28,3.376734113
15.29,3.281,15.29,3.408288926,15.29,3.373663526
15.3,3.296,15.3,6.187392225,15.3,3.378624288
15.31,3.291,15.31,9.584491607,15.31,3.373604836
15.32,3.292,15.32,7.941951925,15.32,3.364481091
15.33,3.294,15.33,5.683365261,15.33,3.368457615
15.34,3.291,15.34,8.587334188,15.34,3.375508081
15.35,3.288,15.35,10.7965783,15.35,3.372515727
15.36,3.285,15.36,11.55633874,15.36,3.360411174
15.37,3.287,15.37,9.54321136,15.37,3.372460371
15.38,3.29,15.38,7.337149619,15.38,3.378553389
15.39,3.293,15.39,7.922379656,15.39,3.377593353
15.4,3.288,15.4,7.431663571,15.4,3.37664621
15.41,3.292,15.41,3.525072788,15.41,3.368561747
15.42,3.299,15.42,3.610318847,15.42,3.370512889
15.43,3.289,15.43,5.132122553,15.43,3.364431111
15.44,3.274,15.44,7.774279349,15.44,3.361336022
15.45,3.26,15.45,10.03875305,15.45,3.376463807
15.46,3.238,15.46,9.33106693,15.46,3.371488391
15.47,3.285,15.47,5.899735042,15.47,3.372512044
15.48,3.458,15.48,1.338104523,15.48,3.374574668
15.49,3.474,15.49,-3.728175659,15.49,3.371534098
15.5,3.281,15.5,-3.552212729,15.5,3.368494159
15.51,3.143,15.51,-3.714894857,15.51,3.365434875
15.52,3.162,15.52,-1.924942956,15.52,3.367411449
15.53,3.234,15.53,-2.121328672,15.53,3.370438993
15.54,3.286,15.54,-7.373752823,15.54,3.373492546
15.55,3.303,15.55,-3.505348654,15.55,3.368481266
15.56,3.306,15.56,-6.112699664,15.56,3.37250698
15.57,3.316,15.57,-5.85233039,15.57,3.379600638
15.58,3.318,15.58,-7.800557222,15.58,3.369541589
15.59,3.3,15.59,-9.179064353,15.59,3.354350642
15.6,3.289,15.6,-15.16669988,15.6,3.340074105
15.61,3.303,15.61,-15.3516246,15.61,3.317641668
15.62,3.288,15.62,-8.742640244,15.62,3.364885142
15.63,3.282,15.63,-3.591946444,15.63,3.539959605
15.64,3.291,15.64,-7.272036778,15.64,3.557517549
15.65,3.286,15.65,-11.03844351,15.65,3.363393364
15.66,3.283,15.66,3.128067607,15.66,3.223106186
15.67,3.29,15.67,10.45726406,15.67,3.240507721
15.68,3.29,15.68,8.48683584,15.68,3.312241743
15.69,3.283,15.69,2.899016522,15.69,3.365065669
15.7,3.303,15.7,-1.763438137,15.7,3.383056935
15.71,3.318,15.71,-7.195681736,15.71,3.386637566
15.72,3.317,15.72,-5.278856753,15.72,3.396955823
15.73,3.3,15.73,-1.918055523,15.73,3.399083981
15.74,3.293,15.74,-2.71133867,15.74,3.380942407
15.75,3.289,15.75,-5.561800351,15.75,3.369731244
15.76,3.298,15.76,-7.72427282,15.76,3.383732366
15.77,3.285,15.77,-7.007286863,15.77,3.368572636
15.78,3.274,15.78,-8.421959239,15.78,3.362425295
15.79,3.278,15.79,-9.448476703,15.79,3.371475798
15.8,3.281,15.8,-13.17548096,15.8,3.366406473
15.81,3.274,15.81,-14.52497561,15.81,3.363361101
15.82,3.29,15.82,-15.25269602,15.82,3.370429423
15.83,3.299,15.83,-15.54520791,15.83,3.370446946
15.84,3.296,15.84,-14.77264559,15.84,3.363391617
15.85,3.291,15.85,-14.20686787,15.85,3.383579039
15.86,3.289,15.86,-11.86221343,15.86,3.398855879
15.87,3.292,15.87,-12.01854225,15.87,3.39800685
15.88,3.298,15.88,-10.17717146,15.88,3.380945988
15.89,3.289,15.89,-11.06917896,15.89,3.373778985
15.9,3.29,15.9,-14.03414215,15.9,3.369607725
15.91,3.284,15.91,-12.65599145,15.91,3.37859165
15.92,3.292,15.92,-10.73289724,15.92,3.365492404
15.93,3.292,15.93,-11.07199658,15.93,3.3543039
15.94,3.293,15.94,-11.06926868,15.94,3.358250001
15.95,3.286,15.95,-10.08375454,15.95,3.361220674
15.96,3.297,15.96,-7.905883414,15.96,3.354154819
15.97,3.289,15.97,-6.353472683,15.97,3.370306069
15.98,3.283,15.98,-5.17571958,15.98,3.37950149
15.99,3.287,15.99,-2.216395858,15.99,3.376569895
16,3.297,16,1.217776877,16,3.371586539
16.01,3.3,16.01,0.770806425,16.01,3.369536526
16.02,3.296,16.02,3.912793446,16.02,3.372518939
16.03,3.291,16.03,4.509424867,16.03,3.378582877
16.04,3.286,16.04,6.590368695,16.04,3.369538937
16.05,3.296,16.05,11.85759013,16.05,3.370517013
16.06,3.296,16.06,10.21830549,16.06,3.36444497
16.07,3.288,16.07,5.073676228,16.07,3.372455437
16.08,3.283,16.08,-2.926916455,16.08,3.372501602
16.09,3.281,16.09,-2.996686864,16.09,3.373521208
16.1,3.285,16.1,-1.740656846,16.1,3.36648488
16.11,3.289,16.11,-0.843333501,16.11,3.377548921
16.12,3.295,16.12,-1.376042209,16.12,3.369521984
16.13,3.295,16.13,-0.110509449,16.13,3.363415656
16.14,3.277,16.14,11.90432841,16.14,3.367426054
16.15,3.283,16.15,20.96147434,16.15,3.377505541
16.16,3.295,16.16,20.25842368,16.16,3.380611503
16.17,3.294,16.17,15.89748185,16.17,3.376645751
16.18,3.296,16.18,4.518281719,16.18,3.371604982
16.19,3.291,16.19,-2.943256095,16.19,3.366503109
16.2,3.294,16.2,-2.28458549,16.2,3.376538816
16.21,3.288,16.21,-0.379553072,16.21,3.376579868
16.22,3.247,16.22,1.868725335,16.22,3.368518311
16.23,3.241,16.23,3.336676105,16.23,3.363442971
16.24,3.331,16.24,-0.741774391,16.24,3.361348118
16.25,3.463,16.25,0.372865689,16.25,3.365330497
16.26,3.42,16.26,-1.474049191,16.26,3.369383869
16.27,3.23,16.27,-1.025295321,16.27,3.375489001
16.28,3.147,16.28,-0.777727052,16.28,3.375563003
16.29,3.203,16.29,-4.430612955,16.29,3.357403976
16.3,3.253,16.3,-9.041343365,16.3,3.363352669
16.31,3.278,16.31,-12.01244774,16.31,3.375453877
16.32,3.283,16.32,-10.27258213,16.32,3.374493522
16.33,3.304,16.33,-5.047588729,16.33,3.376584643
16.34,3.318,16.34,-6.106733906,16.34,3.371578615
16.35,3.305,16.35,0.592317823,16.35,3.374569664
16.36,3.304,16.36,15.57127393,16.36,3.368516541
16.37,3.291,16.37,35.07543596,16.37,3.327027636
16.38,3.294,16.38,46.17266221,16.38,3.320652198
16.39,3.288,16.39,40.90803176,16.39,3.411393548
16.4,3.294,16.4,29.83394594,16.4,3.545310305
16.41,3.296,16.41,19.68192564,16.41,3.503168407
16.42,3.288,16.42,20.97010329,16.42,3.31162196
16.43,3.278,16.43,22.91990635,16.43,3.226556881
16.44,3.288,16.44,22.67596968,16.44,3.281599673
16.45,3.297,16.45,17.34542102,16.45,3.331627064
16.46,3.296,16.46,13.05153168,16.46,3.357321406
16.47,3.308,16.47,10.22194435,16.47,3.362990502
16.48,3.312,16.48,7.716079639,16.48,3.384474888
16.49,3.317,16.49,3.328936213,16.49,3.398848039
16.5,3.299,16.5,-0.365850555,16.5,3.385890656
16.51,3.291,16.51,-4.32166231,16.51,3.3849035
16.52,3.288,16.52,-7.117121131,16.52,3.371741761
16.53,3.289,16.53,-8.515152633,16.53,3.374620849
16.54,3.286,16.54,-8.719287222,16.54,3.368535984
16.55,3.274,16.55,-9.038165842,16.55,3.374523854
16.56,3.269,16.56,-8.898784804,16.56,3.376586061
16.57,3.28,16.57,-8.279765345,16.57,3.36851555
16.58,3.301,16.58,-6.665721158,16.58,3.358381511
16.59,3.302,16.59,-6.175241315,16.59,3.368387299
16.6,3.297,16.6,-4.585222981,16.6,3.377491604
16.61,3.296,16.61,-2.999955529,16.61,3.376556386
16.62,3.293,16.62,-2.239780939,16.62,3.388751086
16.63,3.286,16.63,-0.960906135,16.63,3.392902092
16.64,3.288,16.64,-0.576720356,16.64,3.3980202
16.65,3.285,16.65,-1.112732163,16.65,3.379920944
16.66,3.284,16.66,0.809020576,16.66,3.371726662
16.67,3.289,16.67,2.259034547,16.67,3.368582649
16.68,3.295,16.68,2.944465154,16.68,3.369477391
16.69,3.299,16.69,6.701828047,16.69,3.36642689
16.7,3.296,16.7,8.2607522,16.7,3.35427574
16.71,3.287,16.71,9.428579134,16.71,3.349128053
16.72,3.285,16.72,8.489013589,16.72,3.360153077
16.73,3.287,16.73,7.769673202,16.73,3.381401414
16.74,3.28,16.74,9.708388509,16.74,3.382599367
16.75,3.293,16.75,14.17819921,16.75,3.37767205
16.76,3.297,16.76,15.10379232,16.76,3.376691406
16.77,3.297,16.77,17.63648016,16.77,3.373622456
16.78,3.305,16.78,19.34282021,16.78,3.366504368
16.79,3.296,16.79,18.24187228,16.79,3.36846292
16.8,3.284,16.8,16.75809343,16.8,3.365410158
16.81,3.279,16.81,12.10766822,16.81,3.364363279
16.82,3.287,16.82,9.151587975,16.82,3.369409584
16.83,3.296,16.83,11.00954801,16.83,3.375495337
16.84,3.296,16.84,15.85358672,16.84,3.37959961
16.85,3.288,16.85,22.02496743,16.85,3.376636971
16.86,3.29,16.86,20.41135231,16.86,3.367550469
16.87,3.292,16.87,13.53402877,16.87,3.365460914
16.88,3.284,16.88,0.975944728,16.88,3.36742115
16.89,3.282,16.89,-3.131957434,16.89,3.360325489
16.9,3.284,16.9,-1.674251158,16.9,3.373419437
16.91,3.296,16.91,-0.441661658,16.91,3.377540068
16.92,3.296,16.92,0.897639228,16.92,3.377593101
16.93,3.289,16.93,-0.371997304,16.93,3.385741912
16.94,3.295,16.94,-0.686327135,16.94,3.376709501
16.95,3.294,16.95,-0.940169902,16.95,3.364542093
16.96,3.276,16.96,-0.576422449,16.96,3.35939357
16.97,3.235,16.97,0.239084893,16.97,3.367361617
16.98,3.251,16.98,-0.55292401,16.98,3.376463814
16.99,3.388,16.99,-3.374787798,16.99,3.376551368
17,3.477,17,-9.115792231,17,3.368529841
17.01,3.358,17.01,-7.20695864,17.01,3.370517006
17.02,3.174,17.02,-4.761821914,17.02,3.372517181
17.03,3.155,17.03,-2.098418897,17.03,3.364427075
17.04,3.225,17.04,2.658667444,17.04,3.362366322
17.05,3.274,17.05,16.23780957,17.05,3.364348474
17.06,3.292,17.06,31.42546281,17.06,3.376455576
17.07,3.297,17.07,44.52294109,17.07,3.376550287
17.08,3.297,17.08,47.06385903,17.08,3.369528376
17.09,3.301,17.09,35.43371838,17.09,3.375579794
17.1,3.302,17.1,21.45120049,17.1,3.374579149
17.11,3.308,17.11,17.38521587,17.11,3.35637844
17.12,3.3,17.12,18.73601628,17.12,3.31482923
17.13,3.284,17.13,19.16206218,17.13,3.330622953
17.14,3.271,17.14,16.68049219,17.14,3.468990633
17.15,3.282,17.15,12.43339449,17.15,3.559885373
17.16,3.297,17.16,7.586576014,17.16,3.440864152
17.17,3.297,17.17,4.434548041,17.17,3.254803952
17.18,3.297,17.18,2.624315085,17.18,3.234006377
17.19,3.292,17.19,-0.894513703,17.19,3.303466662
17.2,3.286,17.2,-3.147806095,17.2,3.352897049
17.21,3.3,17.21,-7.123584779,17.21,3.371772792
17.22,3.309,17.22,-9.407962794,17.22,3.377390091
17.23,3.318,17.23,-10.87662584,17.23,3.377611359
17.24,3.312,17.24,-11.24921193,17.24,3.381699934
17.25,3.301,17.25,-10.94370503,17.25,3.382744707
17.26,3.295,17.26,-10.66806595,17.26,3.388827631
17.27,3.284,17.27,-11.85978163,17.27,3.380803705
17.28,3.284,17.28,-10.10374903,17.28,3.364596895
17.29,3.279,17.29,-8.802661126,17.29,3.351329781
17.3,3.284,17.3,-8.559997552,17.3,3.362260639
17.31,3.293,17.31,-8.105175549,17.31,3.377405063
17.32,3.292,17.32,-7.721030555,17.32,3.377523864
17.33,3.282,17.33,-7.999121606,17.33,3.377625622
17.34,3.276,17.34,-7.907845729,17.34,3.372615258
17.35,3.276,17.35,-8.435522476,17.35,3.366504117
17.36,3.283,17.36,-7.996241912,17.36,3.380590643
17.37,3.291,17.37,-6.458771912,17.37,3.389750827
17.38,3.297,17.38,-6.26246055,17.38,3.398948671
17.39,3.296,17.39,-0.519041535,17.39,3.393035778
17.4,3.294,17.4,2.264554033,17.4,3.381928397
17.41,3.287,17.41,2.968745779,17.41,3.375784999
17.42,3.29,17.42,2.31584504,17.42,3.364556011
17.43,3.293,17.43,-0.816920322,17.43,3.364419544
17.44,3.294,17.44,1.801349528,17.44,3.359312478
17.45,3.291,17.45,5.564506182,17.45,3.364296009
17.46,3.306,17.46,3.026998769,17.46,3.37341782
17.47,3.295,17.47,-0.70654674,17.47,3.372475358
17.48,3.282,17.48,-3.715506476,17.48,3.362415008
17.49,3.281,17.49,-4.142868059,17.49,3.356300341
17.5,3.287,17.5,-4.343226221,17.5,3.356209318
17.51,3.296,17.51,-5.469478166,17.51,3.363228699
17.52,3.298,17.52,-7.431887933,17.52,3.371352349
17.53,3.3,17.53,-6.447896115,17.53,3.377505587
17.54,3.293,17.54,-4.814624023,17.54,3.376592556
17.55,3.288,17.55,-4.915744817,17.55,3.374608351
17.56,3.286,17.56,-5.70146393,17.56,3.367529904
17.57,3.279,17.57,-11.2493748,17.57,3.370495372
17.58,3.276,17.58,-18.13928524,17.58,3.373517397
17.59,3.289,17.59,-20.36132987,17.59,3.374539185
17.6,3.293,17.6,-19.03905063,17.6,3.371540581
17.61,3.288,17.61,-16.71675118,17.61,3.386690331
17.62,3.291,17.62,-18.4252634,17.62,3.375673753
17.63,3.304,17.63,-18.38319268,17.63,3.362498939
17.64,3.297,17.64,-17.69288127,17.64,3.361403881
17.65,3.288,17.65,-18.5714601,17.65,3.367364876
17.66,3.288,17.66,-18.14393354,17.66,3.376465215
17.67,3.295,17.67,-17.87972991,17.67,3.378580807
17.68,3.297,17.68,-23.93764815,17.68,3.380671322
17.69,3.291,17.69,-27.62231186,17.69,3.373645027
17.7,3.281,17.7,-26.45562134,17.7,3.368548067
17.71,3.274,17.71,-19.68965437,17.71,3.366469114
17.72,3.241,17.72,-16.05919463,17.72,3.359336089
17.73,3.235,17.73,-18.37061621,17.73,3.356232896
17.74,3.344,17.74,-14.51853981,17.74,3.369320104
17.75,3.492,17.75,-2.930012222,17.75,3.373425347
17.76,3.423,17.76,3.048775527,17.76,3.368444598
17.77,3.204,17.77,6.361023756,17.77,3.371500424
17.78,3.143,17.78,-3.618880206,17.78,3.384647308
17.79,3.207,17.79,-16.24908514,17.79,3.377660147
17.8,3.263,17.8,-16.08482403,17.8,3.368574369
17.81,3.299,17.81,-9.908498299,17.81,3.36852359
17.82,3.302,17.82,-5.616684316,17.82,3.375532367
17.83,3.3,17.83,-5.123508169,17.83,3.377579837
17.84,3.299,17.84,-7.33822021,17.84,3.371562758
17.85,3.283,17.85,-10.56583247,17.85,3.36144276
17.86,3.299,17.86,-11.78166804,17.86,3.354273868
17.87,3.308,17.87,-12.29041954,17.87,3.32081117
17.88,3.295,17.88,-14.55720409,17.88,3.314447962
17.89,3.287,17.89,-14.53472148,17.89,3.424427398
17.9,3.286,17.9,-15.87062354,17.9,3.574682741
17.91,3.281,17.91,-16.14569874,17.91,3.506446744
17.92,3.294,17.92,-16.37711959,17.92,3.285522475
17.93,3.297,17.93,-15.7480241,17.93,3.222422276
17.94,3.288,17.94,-14.91618107,17.94,3.285506343
17.95,3.282,17.95,-14.81179674,17.95,3.34165886
17.96,3.287,17.96,-12.59835624,17.96,3.378638471
17.97,3.314,17.97,-11.87738395,17.97,3.382401705
17.98,3.314,17.98,-11.765366,17.98,3.380681579
17.99,3.317,17.99,-8.85802864,17.99,3.379750398
18,3.307,18,-9.753207969,18,3.363550395
18.01,3.299,18.01,-8.46292769,18.01,3.379590611
18.02,3.292,18.02,-9.012774009,18.02,3.388743116
18.03,3.279,18.03,-8.543402376,18.03,3.375677213
18.04,3.278,18.04,-7.156889175,18.04,3.367594169
18.05,3.285,18.05,-3.986273826,18.05,3.366495433
18.06,3.277,18.06,-5.520856547,18.06,3.361354999
18.07,3.286,18.07,-1.89662185,18.07,3.374435053
18.08,3.289,18.08,0.882018035,18.08,3.377546447
18.09,3.291,18.09,3.808533663,18.09,3.368504811
18.1,3.295,18.1,4.29836392,18.1,3.362432693
18.11,3.287,18.11,6.273293421,18.11,3.367409507
18.12,3.278,18.12,5.617137842,18.12,3.3946799
18.13,3.279,18.13,6.387292517,18.13,3.394883691
18.14,3.302,18.14,9.190112263,18.14,3.398037226
18.15,3.305,18.15,7.991203824,18.15,3.388040102
18.16,3.298,18.16,7.244022545,18.16,3.379873733
18.17,3.287,18.17,8.376633187,18.17,3.372712823
18.18,3.293,18.18,7.691553693,18.18,3.359456905
18.19,3.286,18.19,5.267623868,18.19,3.358304099
18.2,3.289,18.2,4.441993996,18.2,3.365304879
18.21,3.29,18.21,3.260525197,18.21,3.357228423
18.22,3.285,18.22,4.548238037,18.22,3.366297014
18.23,3.29,18.23,8.546929891,18.23,3.369389879
18.24,3.292,18.24,10.48148249,18.24,3.371435208
18.25,3.296,18.25,8.577573243,18.25,3.375539574
18.26,3.299,18.26,2.750177223,18.26,3.367495128
18.27,3.288,18.27,-2.878543986,18.27,3.358359628
18.28,3.289,18.28,-3.794625075,18.28,3.359286185
18.29,3.286,18.29,-1.913180215,18.29,3.382475876
18.3,3.286,18.3,-0.317939879,18.3,3.385656489
18.31,3.295,18.31,0.878371287,18.31,3.378699098
18.32,3.295,18.32,0.728538306,18.32,3.367617947
18.33,3.295,18.33,-0.407651786,18.33,3.373569188
18.34,3.291,18.34,0.54034574,18.34,3.366472159
18.35,3.298,18.35,2.437168736,18.35,3.369442621
18.36,3.294,18.36,-1.354556743,18.36,3.370477028
18.37,3.286,18.37,-2.184991625,18.37,3.365414574
18.38,3.281,18.38,-6.928668846,18.38,3.370449633
18.39,3.285,18.39,-5.285824125,18.39,3.37249057
18.4,3.283,18.4,-0.702339284,18.4,3.376549143
18.41,3.284,18.41,2.599586353,18.41,3.379638362
18.42,3.285,18.42,0.560335328,18.42,3.368561324
18.43,3.298,18.43,3.669391748,18.43,3.369514109
18.44,3.303,18.44,8.114173831,18.44,3.366455857
18.45,3.283,18.45,17.84380966,18.45,3.366398381
18.46,3.283,18.46,31.19072037,18.46,3.375494115
18.47,3.29,18.47,35.00484964,18.47,3.375549748
18.48,3.287,18.48,22.81705723,18.48,3.375585323
18.49,3.265,18.49,-1.627561417,18.49,3.371572921
18.5,3.243,18.5,3.558174863,18.5,3.378611998
18.51,3.267,18.51,9.840697083,18.51,3.374606052
18.52,3.436,18.52,15.0676337,18.52,3.366503766
18.53,3.479,18.53,15.62046988,18.53,3.361402744
18.54,3.31,18.54,12.67143268,18.54,3.36536051
18.55,3.147,18.55,10.09411953,18.55,3.363325843
18.56,3.156,18.56,9.283676695,18.56,3.364325276
18.57,3.236,18.57,7.854546029,18.57,3.365352741
18.58,3.276,18.58,6.448023691,18.58,3.378493151
18.59,3.296,18.59,5.137705207,18.59,3.383650899
18.6,3.303,18.6,4.553833142,18.6,3.363525445
18.61,3.297,18.61,4.463156536,18.61,3.36343957
18.62,3.303,18.62,3.450052134,18.62,3.37044775
18.63,3.307,18.63,3.815704428,18.63,3.367396664
18.64,3.301,18.64,3.359424798,18.64,3.345179396
18.65,3.291,18.65,3.90689257,18.65,3.32279462
18.66,3.286,18.66,7.12022409,18.66,3.346791617
18.67,3.29,18.67,9.001387624,18.67,3.517618578
18.68,3.297,18.68,8.742271427,18.68,3.562354939
18.69,3.286,18.69,7.160730905,18.69,3.392593836
18.7,3.277,18.7,8.121351815,18.7,3.227319699
18.71,3.284,18.71,10.37076637,18.71,3.234613046
18.72,3.291,18.72,9.704748172,18.72,3.314327928
18.73,3.3,18.73,6.815993556,18.73,3.354945069
18.74,3.303,18.74,10.21383859,18.74,3.375892965
18.75,3.302,18.75,10.02687423,18.75,3.383527445
18.76,3.304,18.76,13.73526569,18.76,3.377669786
18.77,3.307,18.77,18.56176188,18.77,3.38375574
18.78,3.308,18.78,19.34252258,18.78,3.387830307
18.79,3.306,18.79,20.88783022,18.79,3.38179318
18.8,3.287,18.8,19.25527299,18.8,3.371681351
18.81,3.288,18.81,18.00340272,18.81,3.366541218
18.82,3.282,18.82,22.49186351,18.82,3.370486841
18.83,3.285,18.83,22.43753256,18.83,3.377542866
18.84,3.288,18.84,18.00979142,18.84,3.366481987
18.85,3.288,18.85,18.42871904,18.85,3.357347702
18.86,3.294,18.86,20.2813528,18.86,3.36433586
18.87,3.289,18.87,24.8805632,18.87,3.371386908
18.88,3.281,18.88,25.61772293,18.88,3.380537897
18.89,3.286,18.89,21.93681945,18.89,3.383692094
18.9,3.284,18.9,21.46149491,18.9,3.382755891
18.91,3.29,18.91,26.2936619,18.91,3.384806567
18.92,3.295,18.92,29.31513467,18.92,3.387853595
18.93,3.289,18.93,28.43765146,18.93,3.388888451
18.94,3.286,18.94,24.37105789,18.94,3.386893073
18.95,3.288,18.95,17.58635728,18.95,3.367687979
18.96,3.285,18.96,11.37854919,18.96,3.368552324
18.97,3.299,18.97,12.18100781,18.97,3.362417455
18.98,3.303,18.98,15.96828264,18.98,3.365346338
18.99,3.289,18.99,18.89344334,18.99,3.368394431
19,3.283,19,18.58253707,19,3.368406871
19.01,3.28,19.01,21.57679159,19.01,3.37449627
19.02,3.296,19.02,19.22353106,19.02,3.369495232
19.03,3.293,19.03,18.49852443,19.03,3.361393264
19.04,3.293,19.04,17.23405577,19.04,3.366389165
19.05,3.292,19.05,13.97589284,19.05,3.364353993
19.06,3.294,19.06,11.13856055,19.06,3.370398382
19.07,3.29,19.07,7.344423929,19.07,3.375510844
19.08,3.29,19.08,9.226353384,19.08,3.36949592
19.09,3.291,19.09,17.34290472,19.09,3.366459811
19.1,3.296,19.1,13.78849696,19.1,3.368449412
19.11,3.289,19.11,21.36822848,19.11,3.365397375
19.12,3.284,19.12,41.30310915,19.12,3.379526105
19.13,3.29,19.13,47.061082,19.13,3.3836697
19.14,3.302,19.14,49.7613594,19.14,3.369590491
19.15,3.292,19.15,50.55090835,19.15,3.36348721
19.16,3.282,19.16,46.96658999,19.16,3.36036269
19.17,3.282,19.17,41.23604871,19.17,3.376439132
19.18,3.283,19.18,41.69229846,19.18,3.373503326
19.19,3.293,19.19,42.4295819,19.19,3.37353479
19.2,3.292,19.2,40.16989556,19.2,3.372568833
19.21,3.288,19.21,33.97937021,19.21,3.374561818
19.22,3.292,19.22,28.14438813,19.22,3.370532197
19.23,3.291,19.23,23.81314785,19.23,3.370506767
19.24,3.293,19.24,19.75421588,19.24,3.371509949
19.25,3.297,19.25,16.85122734,19.25,3.376555872
19.26,3.293,19.26,12.64364505,19.26,3.369524499
19.27,3.29,19.27,9.971150894,19.27,3.364441473
19.28,3.292,19.28,8.565446497,19.28,3.370458687
19.29,3.274,19.29,7.761350535,19.29,3.382585452
19.3,3.237,19.3,7.999110719,19.3,3.372577553
19.31,3.266,19.31,8.390133273,19.31,3.362465335
19.32,3.43,19.32,9.027727528,19.32,3.362390593
19.33,3.486,19.33,9.804949187,19.33,3.363322185
19.34,3.309,19.34,10.90905737,19.34,3.373409445
19.35,3.15,19.35,11.54646101,19.35,3.37248309
19.36,3.157,19.36,11.57730378,19.36,3.368473643
19.37,3.22,19.37,11.07040159,19.37,3.372516073
19.38,3.272,19.38,10.48780608,19.38,3.371509843
19.39,3.3,19.39,11.66378029,19.39,3.373525932
19.4,3.302,19.4,13.34642788,19.4,3.377595843
19.41,3.298,19.41,12.85358907,19.41,3.373584029
19.42,3.31,19.42,11.92177133,19.42,3.370544809
19.43,3.305,19.43,14.18467074,19.43,3.372541217
19.44,3.307,19.44,13.5401171,19.44,3.354336487
19.45,3.299,19.45,17.52239237,19.45,3.316808817
19.46,3.287,19.46,20.77284965,19.46,3.345787033
19.47,3.284,19.47,21.43104303,19.47,3.511551692
19.48,3.287,19.48,27.14040671,19.48,3.569355336
19.49,3.284,19.49,28.54491629,19.49,3.391613175
19.5,3.287,19.5,27.21292266,19.5,3.230350908
19.51,3.295,19.51,26.22151314,19.51,3.235669773
19.52,3.291,19.52,27.80936826,19.52,3.298167579
19.53,3.288,19.53,25.27081165,19.53,3.350798814
19.54,3.305,19.54,25.30200854,19.54,3.379847852
19.55,3.307,19.55,28.59315853,19.55,3.38247685
19.56,3.316,19.56,28.42525283,19.56,3.378685406
19.57,3.306,19.57,26.4906273,19.57,3.390850293
19.58,3.299,19.58,28.95696479,19.58,3.385858252
19.59,3.302,19.59,36.93794309,19.59,3.387872592
19.6,3.298,19.6,47.18355947,19.6,3.379826442
19.61,3.31,19.61,48.42558446,19.61,3.367621786
19.62,3.305,19.62,38.48179247,19.62,3.364481542
19.63,3.307,19.63,27.79960104,19.63,3.367418427
19.64,3.299,19.64,23.41702671,19.64,3.364362417
19.65,3.287,19.65,24.38591244,19.65,3.367381545
19.66,3.284,19.66,26.23659169,19.66,3.375490032
19.67,3.287,19.67,27.36473925,19.67,3.371505409
19.68,3.284,19.68,26.76658777,19.68,3.368485818
19.69,3.287,19.69,27.03350831,19.69,3.385655115
19.7,3.295,19.7,25.61268622,19.7,3.387771821
19.71,3.291,19.71,20.38256421,19.71,3.396938608
19.72,3.288,19.72,20.67780561,19.72,3.386964995
19.73,3.305,19.73,17.22573807,19.73,3.37984519
19.74,3.307,19.74,18.32789371,19.74,3.372710493
19.75,3.316,19.75,15.92947174,19.75,3.371582303
19.76,3.306,19.76,17.46520484,19.76,3.365468043
19.77,3.299,19.77,9.445463274,19.77,3.359337202
19.78,3.292,19.78,-2.446566755,19.78,3.36533601
19.79,3.291,19.79,1.337458576,19.79,3.362306392
19.8,3.285,19.8,9.300704243,19.8,3.362290498
19.81,3.279,19.81,12.43885829,19.81,3.368367639
19.82,3.285,19.82,10.40364952,19.82,3.36738706
19.83,3.282,19.83,18.12083128,19.83,3.371446773
19.84,3.282,19.84,28.22443629,19.84,3.372503431
19.85,3.288,19.85,31.8490785,19.85,3.369486246
19.86,3.287,19.86,24.62909761,19.86,3.368471305
19.87,3.291,19.87,10.96714624,19.87,3.365421371
19.88,3.292,19.88,8.490596463,19.88,3.382566182
19.89,3.289,19.89,10.7440968,19.89,3.374593733
19.9,3.288,19.9,15.33768029,19.9,3.361449869
19.91,3.285,19.91,19.09497321,19.91,3.376543499
19.92,3.302,19.92,19.79762395,19.92,3.38667399
19.93,3.294,19.93,16.80089523,19.93,3.371605252
19.94,3.281,19.94,12.67911244,19.94,3.365527117
19.95,3.296,19.95,10.64015664,19.95,3.370503775
19.96,3.306,19.96,7.108799933,19.96,3.371471697
