0.01,3.29,0.01,4.760903993,0.01,2.888770535
0.02,3.302,0.02,2.924757845,0.02,2.884689046
0.03,3.308,0.03,-0.502072744,0.03,2.887796144
0.04,3.306,0.04,6.771737678,0.04,2.887057495
0.05,3.299,0.05,2.050401116,0.05,2.881423577
0.06,3.295,0.06,2.393922497,0.06,2.871892761
0.07,3.298,0.07,5.327534676,0.07,2.875174306
0.08,3.297,0.08,-1.090319305,0.08,2.870648089
0.09,3.291,0.09,4.621125266,0.09,2.875939315
0.1,3.281,0.1,2.378466097,0.1,2.882912019
0.11,3.284,0.11,3.51940681,0.11,2.879733953
0.12,3.279,0.12,4.487765447,0.12,2.878659196
0.13,3.284,0.13,1.9384098,0.13,2.883347257
0.14,3.291,0.14,1.553600289,0.14,2.879259603
0.15,3.288,0.15,5.420781068,0.15,2.877381897
0.16,3.287,0.16,2.979258801,0.16,2.885226403
0.17,3.292,0.17,0.398022959,0.17,2.881156991
0.18,3.288,0.18,4.252246355,0.18,2.887035723
0.19,3.286,0.19,3.824177324,0.19,2.880029935
0.2,3.294,0.2,0.439969151,0.2,2.875099325
0.21,3.29,0.21,1.597299698,0.21,2.883142734
0.22,3.296,0.22,5.318627559,0.22,2.880169524
0.23,3.289,0.23,2.584335409,0.23,2.874483621
0.24,3.284,0.24,2.756705469,0.24,2.874641916
0.25,3.292,0.25,2.777743766,0.25,2.885384141
0.26,3.289,0.26,3.375351089,0.26,2.887258822
0.27,3.283,0.27,1.345938633,0.27,2.882201998
0.28,3.283,0.28,1.476496794,0.28,2.882022032
0.29,3.294,0.29,3.967699673,0.29,2.877954012
0.3,3.296,0.3,2.766857074,0.3,2.875207391
0.31,3.291,0.31,4.825068624,0.31,2.878421041
0.32,3.291,0.32,2.24830129,0.32,2.882406677
0.33,3.287,0.33,2.678057937,0.33,2.880444719
0.34,3.284,0.34,-0.285686551,0.34,2.874554619
0.35,3.287,0.35,5.538367013,0.35,2.871676107
0.36,3.291,0.36,2.061580473,0.36,2.867966029
0.37,3.289,0.37,1.825335797,0.37,2.872224054
0.38,3.283,0.38,1.987130625,0.38,2.879244731
0.39,3.28,0.39,3.640826702,0.39,2.883020226
0.4,3.276,0.4,3.674006197,0.4,2.881766444
0.41,3.28,0.41,1.424037933,0.41,2.897979182
0.42,3.287,0.42,2.971710029,0.42,2.899259838
0.43,3.291,0.43,2.605544813,0.43,2.890923075
0.44,3.29,0.44,1.650644299,0.44,2.896542093
0.45,3.307,0.45,2.023220167,0.45,2.892257347
0.46,3.309,0.46,4.814644659,0.46,2.879696719
0.47,3.301,0.47,0.961834155,0.47,2.874336527
0.48,3.307,0.48,4.581832346,0.48,2.879640003
0.49,3.303,0.49,3.061143685,0.49,2.896605612
0.5,3.29,0.5,0.410591539,0.5,2.903297932
0.51,3.284,0.51,3.867012872,0.51,2.882272525
0.52,3.289,0.52,4.098843784,0.52,2.882119427
0.53,3.306,0.53,0.339849632,0.53,2.879173716
0.54,3.313,0.54,0.080685081,0.54,2.881526107
0.55,3.292,0.55,6.871640292,0.55,2.886903637
0.56,3.292,0.56,3.11565041,0.56,2.884848698
0.57,3.289,0.57,2.105904745,0.57,2.889662184
0.58,3.291,0.58,-0.041060543,0.58,2.884555317
0.59,3.296,0.59,5.328887153,0.59,2.872808943
0.6,3.294,0.6,3.415351103,0.6,2.87122573
0.61,3.299,0.61,2.915704762,0.61,2.875474801
0.62,3.294,0.62,1.533472838,0.62,2.876792867
0.63,3.282,0.63,3.2338009,0.63,2.873097948
0.64,3.28,0.64,2.812399363,0.64,2.868261677
0.65,3.284,0.65,3.434253271,0.65,2.851830018
0.66,3.285,0.66,3.241448929,0.66,2.832024554
0.67,3.281,0.67,0.604805243,0.67,2.857533107
0.68,3.276,0.68,5.273715112,0.68,3.027279944
0.69,3.259,0.69,2.080065708,0.69,3.087309693
0.7,3.238,0.7,3.78401223,0.7,2.91469382
0.71,3.263,0.71,3.231221056,0.71,2.732703989
0.72,3.437,0.72,2.483704369,0.72,2.728408637
0.73,3.503,0.73,1.924586727,0.73,2.816546829
0.74,3.332,0.74,1.481519743,0.74,2.87352293
0.75,3.147,0.75,5.334747825,0.75,2.885269684
0.76,3.139,0.76,2.179435058,0.76,2.890673938
0.77,3.222,0.77,3.604588964,0.77,2.889944614
0.78,3.274,0.78,4.132219105,0.78,2.901802724
0.79,3.285,0.79,1.1177322,0.79,2.903822474
0.8,3.294,0.8,1.101011028,0.8,2.889487238
0.81,3.297,0.81,3.42334158,0.81,2.89229239
0.82,3.311,0.82,2.382742598,0.82,2.885362819
0.83,3.314,0.83,3.02207994,0.83,2.879884773
0.84,3.3,0.84,1.674478064,0.84,2.876576977
0.85,3.303,0.85,3.425913675,0.85,2.867193293
0.86,3.296,0.86,1.768416296,0.86,2.873692603
0.87,3.29,0.87,2.643446682,0.87,2.875971238
0.88,3.286,0.88,2.805289938,0.88,2.879014454
0.89,3.276,0.89,0.743157723,0.89,2.888710633
0.9,3.282,0.9,3.132094835,0.9,2.897925053
0.91,3.284,0.91,3.23562917,0.91,2.897299255
0.92,3.287,0.92,1.86330473,0.92,2.902581945
0.93,3.297,0.93,4.388850711,0.93,2.899042917
0.94,3.307,0.94,0.876449909,0.94,2.890950261
0.95,3.307,0.95,4.95278557,0.95,2.89887652
0.96,3.313,0.96,2.229909384,0.96,2.877394346
0.97,3.31,0.97,2.631625066,0.97,2.877038611
0.98,3.302,0.98,2.971955031,0.98,2.866913946
0.99,3.31,0.99,1.361030386,0.99,2.872416418
1,3.288,1,4.451210919,1,2.888671761
1.01,3.287,1.01,1.919498326,1.01,2.884523078
1.02,3.276,1.02,3.799980681,1.02,2.879492186
1.03,3.281,1.03,2.847674144,1.03,2.861713177
1.04,3.297,1.04,2.815390785,1.04,2.8756487
1.05,3.293,1.05,2.584527253,1.05,2.87303594
1.06,3.288,1.06,0.653076365,1.06,2.887893722
1.07,3.27,1.07,4.419262012,1.07,2.878916095
1.08,3.284,1.08,2.746005795,1.08,2.884351898
1.09,3.281,1.09,3.587835613,1.09,2.883171473
1.1,3.296,1.1,2.813432454,1.1,2.884854586
1.11,3.287,1.11,2.610659724,1.11,2.884896874
1.12,3.293,1.12,3.038588813,1.12,2.886677047
1.13,3.292,1.13,2.643328015,1.13,2.879789616
1.14,3.294,1.14,3.599838388,1.14,2.880845108
1.15,3.294,1.15,2.575970923,1.15,2.88192317
1.16,3.296,1.16,3.81623218,1.16,2.87809676
1.17,3.289,1.17,1.625638441,1.17,2.883178828
1.18,3.29,1.18,3.192648222,1.18,2.887971641
1.19,3.291,1.19,3.841335356,1.19,2.89460002
1.2,3.287,1.2,0.979502911,1.2,2.885510834
1.21,3.292,1.21,4.734774227,1.21,2.870732789
1.22,3.297,1.22,3.340084359,1.22,2.878850946
1.23,3.304,1.23,2.475696218,1.23,2.882967144
1.24,3.295,1.24,4.104298478,1.24,2.867650025
1.25,3.28,1.25,1.540162465,1.25,2.876877944
1.26,3.288,1.26,3.285151793,1.26,2.879693297
1.27,3.292,1.27,5.041145257,1.27,2.880643483
1.28,3.276,1.28,3.239860382,1.28,2.886541497
1.29,3.285,1.29,3.540789679,1.29,2.885110555
1.3,3.288,1.3,3.014516396,1.3,2.882944873
1.31,3.289,1.31,2.966498205,1.31,2.883831081
1.32,3.295,1.32,3.35906801,1.32,2.882767239
1.33,3.294,1.33,5.074951399,1.33,2.880891038
1.34,3.292,1.34,2.429595803,1.34,2.87612438
1.35,3.293,1.35,3.494324026,1.35,2.873383592
1.36,3.292,1.36,3.703998873,1.36,2.888255398
1.37,3.29,1.37,2.839599996,1.37,2.885190897
1.38,3.285,1.38,3.809653401,1.38,2.887993673
1.39,3.282,1.39,3.027956731,1.39,2.894523978
1.4,3.297,1.4,3.295931431,1.4,2.890098445
1.41,3.294,1.41,4.115734888,1.41,2.878344232
1.42,3.297,1.42,3.529348348,1.42,2.861001388
1.43,3.304,1.43,2.068011272,1.43,2.864617199
1.44,3.3,1.44,5.706111773,1.44,2.87899477
1.45,3.288,1.45,0.907381997,1.45,2.887045363
1.46,3.27,1.46,2.993131519,1.46,2.88391329
1.47,3.273,1.47,6.064121682,1.47,2.890203082
1.48,3.287,1.48,1.601812229,1.48,2.877909449
1.49,3.295,1.49,3.332672399,1.49,2.879870756
1.5,3.292,1.5,5.22024791,1.5,2.885868485
1.51,3.299,1.51,2.330060574,1.51,2.861452045
1.52,3.287,1.52,1.285678085,1.52,2.830055065
1.53,3.289,1.53,5.664002467,1.53,2.848864453
1.54,3.295,1.54,2.917008392,1.54,2.971338452
1.55,3.27,1.55,2.198234456,1.55,3.074141907
1.56,3.237,1.56,3.500780403,1.56,2.979991292
1.57,3.255,1.57,3.607969307,1.57,2.783546183
1.58,3.38,1.58,1.63007145,1.58,2.721263808
1.59,3.488,1.59,3.8120695,1.59,2.780147716
1.6,3.397,1.6,4.256803254,1.6,2.852383616
1.61,3.199,1.61,1.164867256,1.61,2.89825531
1.62,3.133,1.62,3.930281179,1.62,2.907377003
1.63,3.187,1.63,2.956439409,1.63,2.902163501
1.64,3.254,1.64,0.649083527,1.64,2.901249651
1.65,3.298,1.65,4.592595265,1.65,2.895057216
1.66,3.31,1.66,3.281262398,1.66,2.888067329
1.67,3.309,1.67,1.352962222,1.67,2.882510185
1.68,3.311,1.68,2.042357976,1.68,2.875125871
1.69,3.306,1.69,4.80505351,1.69,2.871869373
1.7,3.299,1.7,1.245040091,1.7,2.885128915
1.71,3.293,1.71,0.345023799,1.71,2.882303831
1.72,3.285,1.72,5.689935577,1.72,2.884276935
1.73,3.281,1.73,2.675581873,1.73,2.870465023
1.74,3.294,1.74,2.473817008,1.74,2.876381184
1.75,3.291,1.75,3.392982379,1.75,2.882444107
1.76,3.293,1.76,0.579099415,1.76,2.886312668
1.77,3.279,1.77,2.833982091,1.77,2.894028202
1.78,3.285,1.78,4.492420084,1.78,2.896362333
1.79,3.291,1.79,2.628193745,1.79,2.904609384
1.8,3.295,1.8,1.167408735,1.8,2.890397902
1.81,3.303,1.81,2.995445073,1.81,2.887353264
1.82,3.306,1.82,2.856791679,1.82,2.877772181
1.83,3.315,1.83,3.844953963,1.83,2.875303513
1.84,3.301,1.84,2.285536804,1.84,2.887706884
1.85,3.298,1.85,1.605359547,1.85,2.88485936
1.86,3.288,1.86,4.083201042,1.86,2.877148452
1.87,3.285,1.87,3.240368895,1.87,2.87040543
1.88,3.297,1.88,1.15064853,1.88,2.882258076
1.89,3.294,1.89,3.349819985,1.89,2.88238472
1.9,3.286,1.9,1.727643425,1.9,2.88534974
1.91,3.279,1.91,3.694950116,1.91,2.882234691
1.92,3.291,1.92,2.157361287,1.92,2.873198418
1.93,3.291,1.93,2.678215644,1.93,2.868568507
1.94,3.294,1.94,3.747763395,1.94,2.877684136
1.95,3.291,1.95,2.276535118,1.95,2.884672957
1.96,3.282,1.96,-1.435795908,1.96,2.89043075
1.97,3.277,1.97,1.592787809,1.97,2.887085489
1.98,3.286,1.98,-0.388641422,1.98,2.882745144
1.99,3.293,1.99,2.273770913,1.99,2.874835109
2,3.299,2,0.230298078,2,2.892590496
2.01,3.296,2.01,-0.973390668,2.01,2.881789721
2.02,3.292,2.02,0.039820063,2.02,2.876056151
2.03,3.284,2.03,-1.28141144,2.03,2.870413185
2.04,3.302,2.04,-3.645197148,2.04,2.879318032
2.05,3.291,2.05,0.490375966,2.05,2.889367056
2.06,3.285,2.06,0.148650748,2.06,2.878457025
2.07,3.279,2.07,5.213503574,2.07,2.880360439
2.08,3.288,2.08,-4.0918298,2.08,2.889877489
2.09,3.298,2.09,-0.912180532,2.09,2.883757038
2.1,3.287,2.1,3.634928016,2.1,2.87607978
2.11,3.289,2.11,1.476993665,2.11,2.884915291
2.12,3.299,2.12,0.976721538,2.12,2.893555078
2.13,3.293,2.13,4.58588947,2.13,2.885637132
2.14,3.285,2.14,4.228574318,2.14,2.884615707
2.15,3.294,2.15,7.243187849,2.15,2.871772769
2.16,3.303,2.16,9.045753655,2.16,2.870163133
2.17,3.295,2.17,8.529453827,2.17,2.877564878
2.18,3.294,2.18,15.33838927,2.18,2.880683282
2.19,3.281,2.19,6.411097876,2.19,2.886616646
2.2,3.279,2.2,15.51332614,2.2,2.893082215
2.21,3.286,2.21,11.2150868,2.21,2.89057219
2.22,3.289,2.22,13.13783328,2.22,2.878557532
2.23,3.295,2.23,6.484762957,2.23,2.875692951
2.24,3.302,2.24,12.40012923,2.24,2.873038495
2.25,3.3,2.25,12.83110281,2.25,2.876438064
2.26,3.288,2.26,15.28789663,2.26,2.880678387
2.27,3.285,2.27,8.490236221,2.27,2.888425537
2.28,3.282,2.28,11.33113236,2.28,2.881306139
2.29,3.285,2.29,12.94964591,2.29,2.882092955
2.3,3.289,2.3,5.270127558,2.3,2.845955274
2.31,3.297,2.31,14.30198704,2.31,2.836150289
2.32,3.29,2.32,3.778830106,2.32,2.882276088
2.33,3.291,2.33,14.62112802,2.33,3.047667965
2.34,3.254,2.34,17.56460237,2.34,3.052023942
2.35,3.243,2.35,12.39262411,2.35,2.859808086
2.36,3.289,2.36,13.43490288,2.36,2.721254944
2.37,3.459,2.37,9.087511949,2.37,2.750906252
2.38,3.468,2.38,14.23331362,2.38,2.847656363
2.39,3.276,2.39,20.52877554,2.39,2.884530408
2.4,3.134,2.4,15.78314068,2.4,2.879172222
2.41,3.16,2.41,15.19754732,2.41,2.892254602
2.42,3.252,2.42,9.996019895,2.42,2.896827643
2.43,3.285,2.43,19.20471862,2.43,2.899437527
2.44,3.28,2.44,16.98522071,2.44,2.885225478
2.45,3.297,2.45,17.04289744,2.45,2.886848031
2.46,3.305,2.46,17.5009137,2.46,2.880059712
2.47,3.309,2.47,13.0756632,2.47,2.881396409
2.48,3.295,2.48,19.12064408,2.48,2.889611499
2.49,3.297,2.49,18.32680472,2.49,2.87490033
2.5,3.29,2.5,17.10488847,2.5,2.87035456
2.51,3.291,2.51,19.20619976,2.51,2.869678807
2.52,3.299,2.52,13.32182305,2.52,2.882648536
2.53,3.284,2.53,17.65853761,2.53,2.878912639
2.54,3.279,2.54,18.59433965,2.54,2.879798411
2.55,3.278,2.55,19.13469901,2.55,2.898084434
2.56,3.291,2.56,17.12939833,2.56,2.902231052
2.57,3.287,2.57,14.22049427,2.57,2.90753062
2.58,3.288,2.58,18.2768775,2.58,2.907755902
2.59,3.307,2.59,18.85023632,2.59,2.893395904
2.6,3.312,2.6,18.95830892,2.6,2.880820869
2.61,3.318,2.61,17.39565314,2.61,2.879399333
2.62,3.319,2.62,16.82527428,2.62,2.874244705
2.63,3.305,2.63,16.78995268,2.63,2.872157887
2.64,3.292,2.64,20.49615559,2.64,2.875654358
2.65,3.29,2.65,15.49400868,2.65,2.885572503
2.66,3.284,2.66,16.51978167,2.66,2.876690654
2.67,3.281,2.67,18.81088002,2.67,2.868881431
2.68,3.284,2.68,14.61381097,2.68,2.871930357
2.69,3.294,2.69,19.48856147,2.69,2.890526257
2.7,3.285,2.7,15.29365159,2.7,2.881600449
2.71,3.277,2.71,16.290151,2.71,2.872705994
2.72,3.28,2.72,14.9189082,2.72,2.884329011
2.73,3.299,2.73,15.31634463,2.73,2.879153729
2.74,3.29,2.74,17.19837562,2.74,2.87745061
2.75,3.281,2.75,11.78798022,2.75,2.879502679
2.76,3.293,2.76,18.02784843,2.76,2.874474862
2.77,3.288,2.77,13.53714347,2.77,2.887366886
2.78,3.286,2.78,15.74897907,2.78,2.896892427
2.79,3.288,2.79,15.50927595,2.79,2.887618791
2.8,3.283,2.8,13.72884789,2.8,2.890327459
2.81,3.296,2.81,13.42509424,2.81,2.884103918
2.82,3.306,2.82,15.98884584,2.82,2.87637461
2.83,3.297,2.83,13.18095066,2.83,2.876869754
2.84,3.3,2.84,13.85030067,2.84,2.874223481
2.85,3.294,2.85,14.37547278,2.85,2.879492657
2.86,3.286,2.86,11.71231582,2.86,2.872813372
2.87,3.286,2.87,14.08463396,2.87,2.876829127
2.88,3.283,2.88,13.65080228,2.88,2.887561981
2.89,3.288,2.89,13.00265055,2.89,2.884307252
2.9,3.281,2.9,12.94975891,2.9,2.886120647
2.91,3.285,2.91,12.50807923,2.91,2.882875649
2.92,3.296,2.92,12.29317681,2.92,2.878824199
2.93,3.293,2.93,10.94509014,2.93,2.878052084
2.94,3.295,2.94,12.39606141,2.94,2.880149266
2.95,3.292,2.95,11.1077524,2.95,2.887099076
2.96,3.288,2.96,11.37838359,2.96,2.888931736
2.97,3.287,2.97,11.83511448,2.97,2.876027703
2.98,3.289,2.98,10.60844154,2.98,2.880965972
2.99,3.296,2.99,9.896897591,2.99,2.882904534
3,3.298,3,9.632890469,3,2.884930989
3.01,3.285,3.01,10.3095928,3.01,2.885986639
3.02,3.29,3.02,10.83299439,3.02,2.88185482
3.03,3.292,3.03,9.993376834,3.03,2.870160051
3.04,3.294,3.04,9.849099293,3.04,2.873418551
3.05,3.295,3.05,8.297971755,3.05,2.88052857
3.06,3.291,3.06,9.754998272,3.06,2.870914536
3.07,3.279,3.07,10.73964346,3.07,2.880933547
3.08,3.282,3.08,8.536853925,3.08,2.866098949
3.09,3.289,3.09,9.1264998,3.09,2.835158312
3.1,3.279,3.1,8.228382665,3.1,2.849980486
3.11,3.289,3.11,8.609493938,3.11,3.011134059
3.12,3.274,3.12,7.04277151,3.12,3.074803482
3.13,3.242,3.13,9.112970559,3.13,2.902850932
3.14,3.256,3.14,8.290740002,3.14,2.747527784
3.15,3.421,3.15,7.5058554,3.15,2.749492014
3.16,3.49,3.16,6.351337505,3.16,2.8152868
3.17,3.319,3.17,6.077726343,3.17,2.871044083
3.18,3.161,3.18,8.849253074,3.18,2.905941478
3.19,3.16,3.19,6.386561876,3.19,2.911108993
3.2,3.221,3.2,6.816631956,3.2,2.904465857
3.21,3.272,3.21,6.971991347,3.21,2.899394385
3.22,3.307,3.22,6.766353773,3.22,2.890739692
3.23,3.316,3.23,6.646001792,3.23,2.879203394
3.24,3.313,3.24,6.629842503,3.24,2.876933257
3.25,3.31,3.25,7.517740155,3.25,2.871731232
3.26,3.302,3.26,4.956298363,3.26,2.874373436
3.27,3.29,3.27,5.227271179,3.27,2.877742095
3.28,3.287,3.28,8.326229038,3.28,2.882690677
3.29,3.281,3.29,3.751995658,3.29,2.870900195
3.3,3.283,3.3,6.660932381,3.3,2.890428909
3.31,3.286,3.31,5.731507514,3.31,2.895873465
3.32,3.291,3.32,4.815972161,3.32,2.882726365
3.33,3.279,3.33,6.5130456,3.33,2.882717492
3.34,3.299,3.34,5.005667992,3.34,2.897041211
3.35,3.305,3.35,3.981388203,3.35,2.901688362
3.36,3.292,3.36,5.705170077,3.36,2.895642428
3.37,3.292,3.37,5.707772324,3.37,2.893372069
3.38,3.307,3.38,3.349351891,3.38,2.883378329
3.39,3.312,3.39,4.570048812,3.39,2.880789863
3.4,3.306,3.4,6.029000504,3.4,2.871573429
3.41,3.304,3.41,4.324666519,3.41,2.87705191
3.42,3.294,3.42,3.525490513,3.42,2.87358608
3.43,3.291,3.43,3.404244824,3.43,2.874838627
3.44,3.281,3.44,1.595707739,3.44,2.880868419
3.45,3.286,3.45,5.383444582,3.45,2.883586861
3.46,3.282,3.46,3.322726609,3.46,2.869802229
3.47,3.283,3.47,3.292426118,3.47,2.8728409
3.48,3.289,3.48,0.742556471,3.48,2.891400651
3.49,3.292,3.49,3.439291636,3.49,2.88720328
3.5,3.278,3.5,3.283214577,3.5,2.877346604
3.51,3.281,3.51,-0.096619173,3.51,2.876216666
3.52,3.3,3.52,3.916139991,3.52,2.886854261
3.53,3.296,3.53,4.009091182,3.53,2.88400488
3.54,3.286,3.54,2.09241739,3.54,2.882111866
3.55,3.285,3.55,-2.837502475,3.55,2.879085165
3.56,3.296,3.56,5.183456995,3.56,2.879027903
3.57,3.293,3.57,3.330634249,3.57,2.880193403
3.58,3.291,3.58,-1.217843284,3.58,2.880284333
3.59,3.288,3.59,2.712740668,3.59,2.885194676
3.6,3.288,3.6,2.62758159,3.6,2.890882613
3.61,3.289,3.61,2.467978158,3.61,2.881820149
3.62,3.289,3.62,1.772892614,3.62,2.881781714
3.63,3.294,3.63,2.488030424,3.63,2.885646251
3.64,3.3,3.64,-4.791011223,3.64,2.88074921
3.65,3.291,3.65,8.027786671,3.65,2.877091618
3.66,3.291,3.66,1.923019789,3.66,2.894745162
3.67,3.295,3.67,-0.32109551,3.67,2.887597205
3.68,3.29,3.68,2.357240786,3.68,2.886556935
3.69,3.286,3.69,0.393149724,3.69,2.877672279
3.7,3.304,3.7,2.525916513,3.7,2.880594395
3.71,3.297,3.71,6.96813809,3.71,2.874118462
3.72,3.296,3.72,-0.155216719,3.72,2.884187778
3.73,3.287,3.73,-1.411058556,3.73,2.881327631
3.74,3.29,3.74,6.363562466,3.74,2.879299059
3.75,3.283,3.75,1.800733486,3.75,2.877408024
3.76,3.293,3.76,4.006912279,3.76,2.886107383
3.77,3.29,3.77,2.27488553,3.77,2.894802926
3.78,3.288,3.78,0.366245071,3.78,2.888598362
3.79,3.286,3.79,3.86764252,3.79,2.883493769
3.8,3.295,3.8,3.611853015,3.8,2.880434902
3.81,3.304,3.81,3.405490111,3.81,2.868891398
3.82,3.298,3.82,3.813757773,3.82,2.870503891
3.83,3.293,3.83,2.429113749,3.83,2.884593366
3.84,3.29,3.84,-1.953029383,3.84,2.874827548
3.85,3.278,3.85,4.697143659,3.85,2.876930293
3.86,3.279,3.86,4.981762213,3.86,2.859263438
3.87,3.293,3.87,5.616812028,3.87,2.836225784
3.88,3.283,3.88,-0.012499372,3.88,2.856945602
3.89,3.285,3.89,4.385491487,3.89,2.993667855
3.9,3.267,3.9,3.921827532,3.9,3.081065361
3.91,3.243,3.91,2.834640741,3.91,2.938975527
3.92,3.263,3.92,5.769278745,3.92,2.746687335
3.93,3.403,3.93,2.655265775,3.93,2.726447704
3.94,3.496,3.94,1.989204087,3.94,2.812924588
3.95,3.356,3.95,5.65876582,3.95,2.867900529
3.96,3.161,3.96,2.087687801,3.96,2.888115723
3.97,3.137,3.97,2.196301736,3.97,2.901545759
3.98,3.219,3.98,6.990298668,3.98,2.89755931
3.99,3.269,3.99,0.339244795,3.99,2.89941858
4,3.288,4,6.140312073,4,2.884852916
4.01,3.305,4.01,0.201226638,4.01,2.877903588
4.02,3.305,4.02,2.862394327,4.02,2.87250435
4.03,3.309,4.03,5.810512085,4.03,2.876962996
4.04,3.295,4.04,4.186498593,4.04,2.885286515
4.05,3.288,4.05,1.279635962,4.05,2.888202662
4.06,3.282,4.06,0.382022745,4.06,2.87920969
4.07,3.286,4.07,7.455924371,4.07,2.870325275
4.08,3.294,4.08,1.4967965,4.08,2.862742206
4.09,3.297,4.09,2.188600598,4.09,2.869155351
4.1,3.288,4.1,3.832871669,4.1,2.872543079
4.11,3.279,4.11,1.728702449,4.11,2.894121098
4.12,3.271,4.12,4.663598232,4.12,2.913964588
4.13,3.277,4.13,2.567674143,4.13,2.916553502
4.14,3.28,4.14,1.846642462,4.14,2.903656389
4.15,3.302,4.15,5.467230676,4.15,2.891182509
4.16,3.323,4.16,-0.918326806,4.16,2.887320477
4.17,3.327,4.17,4.936031507,4.17,2.886941571
4.18,3.315,4.18,2.314958416,4.18,2.883734385
4.19,3.303,4.19,0.259895161,4.19,2.87450152
4.2,3.299,4.2,5.85677781,4.2,2.870108817
4.21,3.298,4.21,-1.788814323,4.21,2.870606803
4.22,3.294,4.22,3.018089377,4.22,2.882738797
4.23,3.284,4.23,2.098750853,4.23,2.884726689
4.24,3.279,4.24,2.713630467,4.24,2.877674916
4.25,3.279,4.25,3.455209738,4.25,2.875576311
4.26,3.291,4.26,0.479268029,4.26,2.884238936
4.27,3.293,4.27,-0.040627282,4.27,2.881256856
4.28,3.286,4.28,2.56224427,4.28,2.871582532
4.29,3.284,4.29,1.483078304,4.29,2.882455846
4.3,3.293,4.3,1.737908214,4.3,2.885208673
4.31,3.29,4.31,3.043431828,4.31,2.878344231
4.32,3.28,4.32,-0.672457695,4.32,2.883288037
4.33,3.291,4.33,2.561374909,4.33,2.879119224
4.34,3.294,4.34,2.888742116,4.34,2.881135767
4.35,3.287,4.35,0.122275188,4.35,2.897775941
4.36,3.292,4.36,2.341040941,4.36,2.900187387
4.37,3.288,4.37,-0.658930051,4.37,2.882207936
4.38,3.29,4.38,0.861543611,4.38,2.885068498
4.39,3.307,4.39,2.876551138,4.39,2.875250999
4.4,3.31,4.4,0.293372338,4.4,2.877729185
4.41,3.292,4.41,2.544166087,4.41,2.876331642
4.42,3.295,4.42,0.716666267,4.42,2.88330926
4.43,3.285,4.43,1.209772242,4.43,2.889204962
4.44,3.287,4.44,1.189680174,4.44,2.887901304
4.45,3.285,4.45,1.332886414,4.45,2.877925285
4.46,3.292,4.46,0.068572838,4.46,2.878877307
4.47,3.298,4.47,1.20608796,4.47,2.884828615
4.48,3.297,4.48,1.313794842,4.48,2.883933566
4.49,3.287,4.49,-0.335722042,4.49,2.874283316
4.5,3.288,4.5,1.814546984,4.5,2.874401152
4.51,3.294,4.51,0.618012258,4.51,2.879404839
4.52,3.293,4.52,0.481839243,4.52,2.878560715
4.53,3.283,4.53,1.642895322,4.53,2.881611147
4.54,3.283,4.54,0.458475691,4.54,2.878522978
4.55,3.288,4.55,0.671497185,4.55,2.885243967
4.56,3.287,4.56,-0.115557249,4.56,2.88509366
4.57,3.29,4.57,-0.106958374,4.57,2.872265129
4.58,3.287,4.58,-0.266745785,4.58,2.877369905
4.59,3.294,4.59,0.679912309,4.59,2.885194628
4.6,3.294,4.6,1.455500606,4.6,2.884194105
4.61,3.281,4.61,-0.110500174,4.61,2.89101403
4.62,3.286,4.62,0.252274705,4.62,2.887637375
4.63,3.294,4.63,-0.370707154,4.63,2.876669459
4.64,3.293,4.64,-0.339268553,4.64,2.867154209
4.65,3.3,4.65,-0.497475667,4.65,2.839373147
4.66,3.297,4.66,-1.076661302,4.66,2.835829683
4.67,3.286,4.67,-0.032706512,4.67,2.941316262
4.68,3.276,4.68,-0.730295503,4.68,3.070025723
4.69,3.247,4.69,-0.562612938,4.69,2.988762465
4.7,3.242,4.7,-1.295905615,4.7,2.793253528
4.71,3.349,4.71,-1.027751371,4.71,2.733344896
4.72,3.483,4.72,-1.355362189,4.72,2.795112906
4.73,3.405,4.73,-1.711015899,4.73,2.858086714
4.74,3.208,4.74,-0.126040237,4.74,2.882583211
4.75,3.145,4.75,-1.752416855,4.75,2.900118847
4.76,3.203,4.76,-1.02545974,4.76,2.902187983
4.77,3.261,4.77,-1.098921853,4.77,2.892856565
4.78,3.283,4.78,-2.061142157,4.78,2.890932919
4.79,3.303,4.79,-1.656832465,4.79,2.880799626
4.8,3.309,4.8,-0.939949238,4.8,2.888891574
4.81,3.302,4.81,-1.758194246,4.81,2.882312925
4.82,3.301,4.82,-1.652383514,4.82,2.880600304
4.83,3.291,4.83,-1.723284888,4.83,2.883793
4.84,3.299,4.84,-3.069195705,4.84,2.867200326
4.85,3.292,4.85,-0.845157932,4.85,2.867768695
4.86,3.29,4.86,-2.127968906,4.86,2.878880788
4.87,3.293,4.87,-2.544534824,4.87,2.880873789
4.88,3.276,4.88,-2.399279486,4.88,2.887750613
4.89,3.276,4.89,-1.631175151,4.89,2.895049189
4.9,3.287,4.9,-1.34033506,4.9,2.895338624
4.91,3.289,4.91,-3.148596522,4.91,2.901712938
4.92,3.296,4.92,-2.273079796,4.92,2.893373156
4.93,3.304,4.93,-2.43880762,4.93,2.885406167
4.94,3.305,4.94,-3.823463321,4.94,2.889519539
4.95,3.312,4.95,-2.695855198,4.95,2.882832024
4.96,3.304,4.96,-0.713697116,4.96,2.875496733
4.97,3.296,4.97,-3.651174003,4.97,2.874997397
4.98,3.3,4.98,-2.51115881,4.98,2.882109236
4.99,3.293,4.99,-4.790684597,4.99,2.884251151
5,3.285,5,-0.589591448,5,2.874499207
5.01,3.284,5.01,-3.145214394,5.01,2.874564036
5.02,3.291,5.02,-1.419067399,5.02,2.878501131
5.03,3.293,5.03,-3.273566392,5.03,2.873720181
5.04,3.283,5.04,-1.650768005,5.04,2.885657414
5.05,3.283,5.05,-2.869432098,5.05,2.887329596
5.06,3.287,5.06,-4.909915577,5.06,2.886025613
5.07,3.282,5.07,-2.726410115,5.07,2.88096955
5.08,3.294,5.08,-3.675879607,5.08,2.888583852
5.09,3.296,5.09,-4.100660905,5.09,2.891402326
5.1,3.295,5.1,-5.345042971,5.1,2.892236337
5.11,3.29,5.11,-2.661307848,5.11,2.88038473
5.12,3.298,5.12,-2.512611068,5.12,2.870678834
5.13,3.301,5.13,-1.801359992,5.13,2.868226131
5.14,3.302,5.14,-5.041495667,5.14,2.87854601
5.15,3.29,5.15,-5.788690479,5.15,2.888610229
5.16,3.28,5.16,-1.551478145,5.16,2.88548321
5.17,3.277,5.17,-4.09341197,5.17,2.874436885
5.18,3.287,5.18,-2.471066629,5.18,2.874328816
5.19,3.297,5.19,-3.347877274,5.19,2.891963887
5.2,3.294,5.2,-1.776088134,5.2,2.891829845
5.21,3.283,5.21,-6.39963373,5.21,2.881896729
5.22,3.283,5.22,-0.231805946,5.22,2.880758432
5.23,3.301,5.23,-1.968177798,5.23,2.875753964
5.24,3.301,5.24,-5.223429017,5.24,2.874194828
5.25,3.291,5.25,-6.026639207,5.25,2.878520683
5.26,3.29,5.26,0.865762418,5.26,2.883475191
5.27,3.285,5.27,-7.790443606,5.27,2.884381769
5.28,3.283,5.28,-0.887814095,5.28,2.867637449
5.29,3.287,5.29,-0.569779051,5.29,2.884382649
5.3,3.292,5.3,-4.243928586,5.3,2.894944001
5.31,3.293,5.31,-1.401801672,5.31,2.885847414
5.32,3.276,5.32,-4.107405913,5.32,2.878982979
5.33,3.293,5.33,-0.944344613,5.33,2.882631698
5.34,3.304,5.34,-0.159097431,5.34,2.883635392
5.35,3.295,5.35,1.663967887,5.35,2.882907619
5.36,3.288,5.36,-0.076394951,5.36,2.874217482
5.37,3.292,5.37,-4.965745453,5.37,2.878250085
5.38,3.293,5.38,2.079438405,5.38,2.873509612
5.39,3.292,5.39,-2.537890875,5.39,2.886422079
5.4,3.283,5.4,3.764046875,5.4,2.878544936
5.41,3.287,5.41,-0.392073065,5.41,2.831729979
5.42,3.282,5.42,-3.61295524,5.42,2.841732432
5.43,3.295,5.43,4.578839781,5.43,2.937979564
5.44,3.287,5.44,0.402003216,5.44,3.069882892
5.45,3.239,5.45,0.422857569,5.45,3.004455082
5.46,3.248,5.46,4.613616129,5.46,2.795694649
5.47,3.346,5.47,-0.022559947,5.47,2.73293249
5.48,3.483,5.48,-0.356161636,5.48,2.789796462
5.49,3.421,5.49,-0.930271406,5.49,2.851934411
5.5,3.211,5.5,6.548652903,5.5,2.887660068
5.51,3.145,5.51,0.562962505,5.51,2.89539357
5.52,3.198,5.52,3.21789924,5.52,2.90244567
5.53,3.255,5.53,2.912511663,5.53,2.904683957
5.54,3.288,5.54,-1.344988996,5.54,2.895492891
5.55,3.298,5.55,7.884993799,5.55,2.881456858
5.56,3.309,5.56,0.851515482,5.56,2.882619244
5.57,3.314,5.57,3.573877228,5.57,2.896644603
5.58,3.306,5.58,4.143613211,5.58,2.88022885
5.59,3.292,5.59,0.816892035,5.59,2.866012312
5.6,3.293,5.6,5.400845871,5.6,2.863556431
5.61,3.307,5.61,5.118647903,5.61,2.873818632
5.62,3.29,5.62,2.352522182,5.62,2.877303105
5.63,3.275,5.63,3.27905725,5.63,2.88614994
5.64,3.272,5.64,5.290565049,5.64,2.890545216
5.65,3.282,5.65,-1.042585268,5.65,2.892807067
5.66,3.285,5.66,5.832406702,5.66,2.894270017
5.67,3.294,5.67,7.112965007,5.67,2.898683441
5.68,3.299,5.68,1.210603797,5.68,2.90318485
5.69,3.302,5.69,5.015398754,5.69,2.892108396
5.7,3.304,5.7,7.818705423,5.7,2.880421409
5.71,3.309,5.71,3.745365854,5.71,2.889533405
5.72,3.314,5.72,2.085299855,5.72,2.879042757
5.73,3.303,5.73,6.436153578,5.73,2.880605458
5.74,3.291,5.74,4.309387236,5.74,2.875086507
5.75,3.3,5.75,3.99624066,5.75,2.862611664
5.76,3.289,5.76,7.189245522,5.76,2.872087036
5.77,3.29,5.77,3.9238284,5.77,2.881061981
5.78,3.284,5.78,5.500575667,5.78,2.8829933
5.79,3.271,5.79,4.197914061,5.79,2.884751358
5.8,3.28,5.8,3.886399746,5.8,2.889096515
5.81,3.289,5.81,4.429463783,5.81,2.879903432
5.82,3.291,5.82,7.051261223,5.82,2.876021246
5.83,3.293,5.83,5.046997284,5.83,2.882027585
5.84,3.298,5.84,4.771113912,5.84,2.888882518
5.85,3.289,5.85,5.030135317,5.85,2.878147994
5.86,3.285,5.86,4.45505699,5.86,2.86847247
5.87,3.291,5.87,4.589485306,5.87,2.876490057
5.88,3.298,5.88,3.426211611,5.88,2.881499681
5.89,3.287,5.89,4.929648067,5.89,2.885550882
5.9,3.277,5.9,3.923030922,5.9,2.895098703
5.91,3.285,5.91,4.210278668,5.91,2.884706703
5.92,3.29,5.92,4.371700713,5.92,2.881580442
5.93,3.294,5.93,3.446018942,5.93,2.886449935
5.94,3.304,5.94,3.316270814,5.94,2.887373315
5.95,3.294,5.95,3.535104553,5.95,2.887523039
5.96,3.291,5.96,3.093435015,5.96,2.883557345
5.97,3.296,5.97,4.315328718,5.97,2.876707911
5.98,3.297,5.98,3.330165542,5.98,2.875018806
5.99,3.297,5.99,2.541805662,5.99,2.874367613
6,3.293,6,4.610308608,6,2.88443261
6.01,3.286,6.01,2.42397444,6.01,2.884410868
6.02,3.284,6.02,2.525695865,6.02,2.883254193
6.03,3.283,6.03,4.224960009,6.03,2.882095779
6.04,3.293,6.04,2.742716408,6.04,2.883861425
6.05,3.293,6.05,1.990649737,6.05,2.88775184
6.06,3.292,6.06,3.462479239,6.06,2.886672116
6.07,3.291,6.07,2.597833886,6.07,2.887546054
6.08,3.293,6.08,1.026097314,6.08,2.875727095
6.09,3.297,6.09,3.86756886,6.09,2.873993305
6.1,3.296,6.1,2.223555769,6.1,2.882133951
6.11,3.297,6.11,2.295762402,6.11,2.873478266
6.12,3.285,6.12,2.478911067,6.12,2.876750737
6.13,3.283,6.13,1.593945538,6.13,2.886493244
6.14,3.291,6.14,2.534704447,6.14,2.888132854
6.15,3.282,6.15,2.522825241,6.15,2.886993593
6.16,3.285,6.16,2.035054134,6.16,2.880825706
6.17,3.295,6.17,1.982841826,6.17,2.855422205
6.18,3.297,6.18,2.493711359,6.18,2.823127193
6.19,3.296,6.19,0.28028209,6.19,2.834551962
6.2,3.29,6.2,2.239374474,6.2,2.962423757
6.21,3.264,6.21,2.04273644,6.21,3.090652233
6.22,3.23,6.22,2.379932575,6.22,2.991053446
6.23,3.24,6.23,1.437448689,6.23,2.785387427
6.24,3.37,6.24,0.005125236,6.24,2.730523756
6.25,3.504,6.25,1.943264699,6.25,2.794784518
6.26,3.408,6.26,0.647440757,6.26,2.854338694
6.27,3.201,6.27,2.510139241,6.27,2.890680473
6.28,3.143,6.28,-0.529672139,6.28,2.898115159
6.29,3.203,6.29,1.910854999,6.29,2.899210545
6.3,3.257,6.3,0.774936084,6.3,2.893862774
6.31,3.291,6.31,0.85719079,6.31,2.889871445
6.32,3.301,6.32,0.580858774,6.32,2.884809363
6.33,3.306,6.33,1.573355458,6.33,2.886914134
6.34,3.303,6.34,0.210128753,6.34,2.880316629
6.35,3.3,6.35,0.286997195,6.35,2.873819146
6.36,3.295,6.36,-0.58622834,6.36,2.868405335
6.37,3.297,6.37,1.772064043,6.37,2.869826868
6.38,3.29,6.38,1.698388318,6.38,2.887797274
6.39,3.283,6.39,-3.909884454,6.39,2.888586853
6.4,3.277,6.4,-1.909211027,6.4,2.888221146
6.41,3.278,6.41,1.262834199,6.41,2.893590884
6.42,3.296,6.42,2.418440545,6.42,2.890077036
6.43,3.297,6.43,-2.61659258,6.43,2.892898453
6.44,3.297,6.44,-0.59204876,6.44,2.902489491
6.45,3.303,6.45,-0.250055272,6.45,2.901115384
6.46,3.3,6.46,-0.667508852,6.46,2.890181621
6.47,3.303,6.47,-1.554541631,6.47,2.886292217
6.48,3.313,6.48,4.927173457,6.48,2.87867899
6.49,3.312,6.49,-0.793328979,6.49,2.869533377
6.5,3.301,6.5,3.030369813,6.5,2.866447584
6.51,3.297,6.51,3.381393814,6.51,2.872922439
6.52,3.289,6.52,-3.279844365,6.52,2.879128798
6.53,3.279,6.53,4.423811077,6.53,2.883041477
6.54,3.275,6.54,1.783568405,6.54,2.882739449
6.55,3.281,6.55,-1.698549825,6.55,2.894037489
6.56,3.287,6.56,5.846380967,6.56,2.882792068
6.57,3.291,6.57,2.767302653,6.57,2.873918166
6.58,3.291,6.58,0.284722739,6.58,2.887771575
6.59,3.303,6.59,4.415616663,6.59,2.886647
6.6,3.292,6.6,3.252716546,6.6,2.879971022
6.61,3.283,6.61,3.989805343,6.61,2.877136915
6.62,3.297,6.62,2.386392551,6.62,2.874170251
6.63,3.296,6.63,7.609326053,6.63,2.877429664
6.64,3.289,6.64,0.739329806,6.64,2.890313172
6.65,3.286,6.65,4.788634932,6.65,2.890044035
6.66,3.283,6.66,4.868098235,6.66,2.876089023
6.67,3.286,6.67,4.872841239,6.67,2.8780203
6.68,3.299,6.68,6.905077737,6.68,2.878022297
6.69,3.299,6.69,5.019140661,6.69,2.875379526
6.7,3.285,6.7,5.423156148,6.7,2.877680441
6.71,3.287,6.71,4.442970095,6.71,2.887391119
6.72,3.287,6.72,6.39292199,6.72,2.889101057
6.73,3.284,6.73,6.654106342,6.73,2.882980011
6.74,3.286,6.74,5.38469818,6.74,2.875990104
6.75,3.296,6.75,5.924286481,6.75,2.876042738
6.76,3.298,6.76,5.813969646,6.76,2.882153373
6.77,3.292,6.77,5.514962523,6.77,2.882302549
6.78,3.285,6.78,6.064118836,6.78,2.885232534
6.79,3.285,6.79,4.997980181,6.79,2.885015334
6.8,3.291,6.8,5.143803803,6.8,2.880907422
6.81,3.291,6.81,4.971951082,6.81,2.887752257
6.82,3.294,6.82,5.113817343,6.82,2.882738623
6.83,3.294,6.83,5.20885245,6.83,2.881809782
6.84,3.29,6.84,4.748565668,6.84,2.877024763
6.85,3.297,6.85,5.302727038,6.85,2.868373831
6.86,3.292,6.86,4.10834165,6.86,2.880548892
6.87,3.291,6.87,5.255858752,6.87,2.892288375
6.88,3.286,6.88,4.524347637,6.88,2.893950155
6.89,3.277,6.89,5.206361436,6.89,2.882817406
6.9,3.289,6.9,4.309905264,6.9,2.885409286
6.91,3.301,6.91,4.089691091,6.91,2.878473502
6.92,3.303,6.92,4.680465358,6.92,2.883653949
6.93,3.292,6.93,4.347717481,6.93,2.881941412
6.94,3.295,6.94,3.77638611,6.94,2.861522494
6.95,3.288,6.95,3.569598373,6.95,2.874808077
6.96,3.293,6.96,4.341091413,6.96,2.878830726
6.97,3.291,6.97,3.118097626,6.97,2.84487384
6.98,3.27,6.98,3.795291432,6.98,2.837092244
6.99,3.283,6.99,3.021787146,6.99,2.950708499
7,3.287,7,3.882252544,7,3.083970864
7.01,3.252,7.01,3.064536413,7.01,2.979226851
7.02,3.243,7.02,3.285736951,7.02,2.76851636
7.03,3.359,7.03,2.940741714,7.03,2.720978291
7.04,3.498,7.04,3.143500253,7.04,2.796914968
7.05,3.396,7.05,3.271391796,7.05,2.860156961
7.06,3.183,7.06,2.863371417,7.06,2.89996066
7.07,3.132,7.07,3.243692728,7.07,2.91064158
7.08,3.204,7.08,2.589538678,7.08,2.904348995
7.09,3.262,7.09,3.403295787,7.09,2.889160633
7.1,3.3,7.1,2.979904633,7.1,2.882496643
7.11,3.314,7.11,2.99670813,7.11,2.891460849
7.12,3.312,7.12,3.157080646,7.12,2.884920207
7.13,3.299,7.13,3.207694357,7.13,2.88531322
7.14,3.293,7.14,3.371099734,7.14,2.883472471
7.15,3.302,7.15,3.327800241,7.15,2.876666301
7.16,3.295,7.16,3.62394149,7.16,2.86829935
7.17,3.295,7.17,3.028994485,7.17,2.890164859
7.18,3.293,7.18,3.453674162,7.18,2.883226905
7.19,3.286,7.19,3.279456228,7.19,2.87640932
7.2,3.277,7.2,4.241417799,7.2,2.878406097
7.21,3.299,7.21,3.284571279,7.21,2.880132529
7.22,3.292,7.22,3.786171798,7.22,2.897874775
7.23,3.285,7.23,2.438272176,7.23,2.902344775
7.24,3.287,7.24,1.652110033,7.24,2.902641083
7.25,3.289,7.25,5.052227939,7.25,2.902021395
7.26,3.307,7.26,2.168055836,7.26,2.898542282
7.27,3.312,7.27,2.846785804,7.27,2.882908188
7.28,3.313,7.28,3.849266235,7.28,2.871691945
7.29,3.313,7.29,2.675089657,7.29,2.870528069
7.3,3.31,7.3,2.304942949,7.3,2.874246663
7.31,3.294,7.31,2.156151976,7.31,2.869032649
7.32,3.282,7.32,0.700356833,7.32,2.870408438
7.33,3.28,7.33,4.536475792,7.33,2.882189642
7.34,3.283,7.34,2.395914156,7.34,2.88582081
7.35,3.277,7.35,3.249860315,7.35,2.876771144
7.36,3.278,7.36,2.213484886,7.36,2.876596398
7.37,3.29,7.37,-1.863778831,7.37,2.889104566
7.38,3.294,7.38,1.537885328,7.38,2.886943094
7.39,3.285,7.39,2.269595933,7.39,2.885900494
7.4,3.285,7.4,-2.315395448,7.4,2.883726127
7.41,3.298,7.41,-3.644949464,7.41,2.877708827
7.42,3.296,7.42,0.980802267,7.42,2.874089938
7.43,3.295,7.43,3.903856017,7.43,2.882200073
7.44,3.293,7.44,3.63246928,7.44,2.885202905
7.45,3.287,7.45,0.127756384,7.45,2.883209703
7.46,3.283,7.46,-0.711897772,7.46,2.881144025
7.47,3.291,7.47,1.475529241,7.47,2.885856439
7.48,3.294,7.48,7.566797436,7.48,2.872131121
7.49,3.292,7.49,1.459440674,7.49,2.881215216
7.5,3.29,7.5,-3.45945296,7.5,2.882241814
7.51,3.295,7.51,8.613600255,7.51,2.880253563
7.52,3.281,7.52,3.252427219,7.52,2.883313003
7.53,3.29,7.53,0.306855346,7.53,2.88402809
7.54,3.291,7.54,4.308010054,7.54,2.883950145
7.55,3.289,7.55,4.152696975,7.55,2.878061614
7.56,3.292,7.56,3.556647428,7.56,2.862550688
7.57,3.293,7.57,8.542328408,7.57,2.882553704
7.58,3.293,7.58,3.392005308,7.58,2.888426419
7.59,3.287,7.59,4.571768881,7.59,2.893145923
7.6,3.271,7.6,3.185087988,7.6,2.894715276
7.61,3.291,7.61,5.135627689,7.61,2.886147789
7.62,3.297,7.62,8.849008068,7.62,2.885072753
7.63,3.302,7.63,4.263500539,7.63,2.877352427
7.64,3.304,7.64,6.758992753,7.64,2.867017917
7.65,3.296,7.65,5.435856806,7.65,2.891068408
7.66,3.295,7.66,3.490127732,7.66,2.882183645
7.67,3.287,7.67,5.551530651,7.67,2.872516918
7.68,3.276,7.68,7.339719368,7.68,2.880480077
7.69,3.3,7.69,5.678583115,7.69,2.881156043
7.7,3.291,7.7,5.629912795,7.7,2.88234364
7.71,3.281,7.71,4.998051775,7.71,2.878444365
7.72,3.289,7.72,1.495620254,7.72,2.877339459
7.73,3.29,7.73,4.476801783,7.73,2.882285913
7.74,3.291,7.74,6.783480436,7.74,2.890039436
7.75,3.287,7.75,6.653560258,7.75,2.880091794
7.76,3.286,7.76,3.05802311,7.76,2.845015287
7.77,3.291,7.77,5.149543408,7.77,2.833235322
7.78,3.299,7.78,5.787639945,7.78,2.907520391
7.79,3.289,7.79,4.658667222,7.79,3.05006757
7.8,3.253,7.8,4.6109416,7.8,3.032890852
7.81,3.24,7.81,4.840467731,7.81,2.836322394
7.82,3.315,7.82,4.22094045,7.82,2.726544011
7.83,3.462,7.83,3.481819318,7.83,2.775118367
7.84,3.449,7.84,4.855395681,7.84,2.847917017
7.85,3.252,7.85,3.737739023,7.85,2.883388705
7.86,3.139,7.86,4.185155099,7.86,2.897011777
7.87,3.184,7.87,3.95666858,7.87,2.884424625
7.88,3.252,7.88,4.458311866,7.88,2.885843715
7.89,3.284,7.89,4.164336554,7.89,2.895582164
7.9,3.299,7.9,3.012206867,7.9,2.891169263
7.91,3.29,7.91,3.687419456,7.91,2.898893981
7.92,3.294,7.92,5.101736834,7.92,2.899413574
7.93,3.305,7.93,4.097880149,7.93,2.88831858
7.94,3.301,7.94,3.905346786,7.94,2.872908809
7.95,3.309,7.95,4.136912204,7.95,2.87046856
7.96,3.31,7.96,2.14725823,7.96,2.866318536
7.97,3.299,7.97,5.458091896,7.97,2.874937609
7.98,3.283,7.98,3.632381068,7.98,2.88405937
7.99,3.28,7.99,4.462479058,7.99,2.879919946
8,3.275,8,4.293896378,8,2.890428706
8.01,3.283,8.01,3.403000886,8.01,2.901531086
8.02,3.292,8.02,4.246732972,8.02,2.912509053
8.03,3.288,8.03,3.386328397,8.03,2.907840359
8.04,3.299,8.04,2.905679036,8.04,2.887638725
8.05,3.311,8.05,5.287910378,8.05,2.878934245
8.06,3.323,8.06,2.778019888,8.06,2.883379506
8.07,3.319,8.07,4.108628032,8.07,2.884065577
8.08,3.299,8.08,4.183592683,8.08,2.877825745
8.09,3.29,8.09,3.372630165,8.09,2.873253829
8.1,3.294,8.1,3.375448523,8.1,2.865680578
8.11,3.294,8.11,3.483012681,8.11,2.873961631
8.12,3.287,8.12,3.648696139,8.12,2.885917265
8.13,3.282,8.13,4.040392286,8.13,2.883764013
8.14,3.274,8.14,3.558068014,8.14,2.871830875
8.15,3.282,8.15,2.945406229,8.15,2.870749421
8.16,3.294,8.16,4.173354478,8.16,2.870847567
8.17,3.292,8.17,3.357804036,8.17,2.879959046
8.18,3.28,8.18,2.851984542,8.18,2.886842661
8.19,3.279,8.19,4.13241076,8.19,2.886458713
8.2,3.279,8.2,3.532481685,8.2,2.894829963
8.21,3.288,8.21,2.922745231,8.21,2.892280706
8.22,3.295,8.22,4.221163869,8.22,2.889995375
8.23,3.295,8.23,1.063986118,8.23,2.883074061
8.24,3.304,8.24,1.563882351,8.24,2.884115407
8.25,3.302,8.25,5.022649265,8.25,2.868788524
8.26,3.3,8.26,0.1265824,8.26,2.868409811
8.27,3.293,8.27,0.748232484,8.27,2.883577766
8.28,3.294,8.28,-1.280417638,8.28,2.881623696
8.29,3.278,8.29,1.890752556,8.29,2.880716069
8.3,3.277,8.3,2.660901609,8.3,2.878518083
8.31,3.292,8.31,3.834119775,8.31,2.879267033
8.32,3.29,8.32,2.161592585,8.32,2.888120862
8.33,3.289,8.33,2.165806724,8.33,2.887935047
8.34,3.287,8.34,3.017553671,8.34,2.877024615
8.35,3.288,8.35,2.071009269,8.35,2.868313496
8.36,3.297,8.36,3.49372407,8.36,2.877372959
8.37,3.297,8.37,1.862615653,8.37,2.889306469
8.38,3.286,8.38,0.939053644,8.38,2.892156477
8.39,3.277,8.39,3.681584155,8.39,2.878148626
8.4,3.286,8.4,4.848745924,8.4,2.886700898
8.41,3.298,8.41,0.616642456,8.41,2.880637261
8.42,3.301,8.42,3.020738931,8.42,2.891526571
8.43,3.287,8.43,4.759352894,8.43,2.885671302
8.44,3.296,8.44,3.832787881,8.44,2.875745969
8.45,3.29,8.45,3.541898436,8.45,2.871169492
8.46,3.301,8.46,2.587231237,8.46,2.870462959
8.47,3.295,8.47,3.145230815,8.47,2.884613364
8.48,3.285,8.48,3.796809285,8.48,2.888521818
8.49,3.28,8.49,-2.932460004,8.49,2.88625773
8.5,3.279,8.5,4.851293653,8.5,2.872278095
8.51,3.293,8.51,1.651643324,8.51,2.87908181
8.52,3.297,8.52,-5.068044342,8.52,2.86753239
8.53,3.295,8.53,-7.687808352,8.53,2.83591981
8.54,3.281,8.54,-6.643797295,8.54,2.843068693
8.55,3.288,8.55,-9.063041579,8.55,2.980121069
8.56,3.276,8.56,-10.43845419,8.56,3.073783938
8.57,3.243,8.57,-7.666038253,8.57,2.950567913
8.58,3.249,8.58,-13.5677891,8.58,2.769644442
8.59,3.389,8.59,-3.601714832,8.59,2.73485089
8.6,3.488,8.6,-10.26993231,8.6,2.813986268
8.61,3.367,8.61,-5.416794258,8.61,2.871694552
8.62,3.184,8.62,-7.16150049,8.62,2.888166715
8.63,3.146,8.63,-6.353171651,8.63,2.893352376
8.64,3.221,8.64,-11.55042666,8.64,2.890762919
8.65,3.274,8.65,-0.0551913,8.65,2.893821748
8.66,3.289,8.66,-4.060290091,8.66,2.889240704
8.67,3.297,8.67,-4.744639541,8.67,2.891927435
8.68,3.298,8.68,-4.762851079,8.68,2.891811734
8.69,3.303,8.69,-4.680720638,8.69,2.879061529
8.7,3.299,8.7,-8.190381333,8.7,2.879416924
8.71,3.302,8.71,-3.860440106,8.71,2.878703324
8.72,3.302,8.72,0.435759038,8.72,2.878059858
8.73,3.289,8.73,-3.990327663,8.73,2.875492357
8.74,3.289,8.74,-2.17310529,8.74,2.869778525
8.75,3.288,8.75,-2.640063245,8.75,2.88270666
8.76,3.287,8.76,-1.433426393,8.76,2.902083611
8.77,3.284,8.77,-2.586231088,8.77,2.898532539
8.78,3.278,8.78,-1.281290575,8.78,2.898911091
8.79,3.291,8.79,-1.252620231,8.79,2.902085165
8.8,3.311,8.8,0.157800562,8.8,2.898644451
8.81,3.308,8.81,-0.542064423,8.81,2.888933838
8.82,3.309,8.82,-0.477338159,8.82,2.882336508
8.83,3.313,8.83,-0.473226852,8.83,2.862308652
8.84,3.31,8.84,-3.248674254,8.84,2.86819326
8.85,3.3,8.85,1.95289529,8.85,2.869965668
8.86,3.293,8.86,-0.725180289,8.86,2.874359921
8.87,3.272,8.87,-0.301277121,8.87,2.884334119
8.88,3.277,8.88,0.96035445,8.88,2.887730421
8.89,3.278,8.89,0.554694679,8.89,2.881418673
8.9,3.282,8.9,0.283527427,8.9,2.882117606
8.91,3.292,8.91,-0.887759052,8.91,2.886784732
8.92,3.296,8.92,2.496189451,8.92,2.880839694
8.93,3.29,8.93,1.321336458,8.93,2.882928841
8.94,3.291,8.94,0.712883094,8.94,2.881916158
8.95,3.296,8.95,0.869532112,8.95,2.868290444
8.96,3.29,8.96,0.540953312,8.96,2.879472018
8.97,3.292,8.97,-0.188325351,8.97,2.892173825
8.98,3.291,8.98,-0.354288524,8.98,2.878287956
8.99,3.277,8.99,0.77743914,8.99,2.881304057
9,3.288,9,-0.761896511,9,2.886862008
9.01,3.301,9.01,0.13246688,9.01,2.88860516
9.02,3.287,9.02,1.085511802,9.02,2.875031078
9.03,3.29,9.03,-0.245397249,9.03,2.875129037
9.04,3.296,9.04,-0.23951169,9.04,2.882110267
9.05,3.298,9.05,-0.234803812,9.05,2.886105136
9.06,3.284,9.06,-0.992261079,9.06,2.894908958
9.07,3.284,9.07,-0.524801906,9.07,2.885654389
9.08,3.291,9.08,0.159066417,9.08,2.878588581
9.09,3.295,9.09,-0.183008188,9.09,2.876745982
9.1,3.304,9.1,-1.371002147,9.1,2.879896121
9.11,3.295,9.11,-1.623748753,9.11,2.881215505
9.12,3.288,9.12,2.140523254,9.12,2.87548358
9.13,3.286,9.13,-1.458140103,9.13,2.883373886
9.14,3.289,9.14,-0.437518318,9.14,2.886147712
9.15,3.29,9.15,-1.018294148,9.15,2.878199719
9.16,3.284,9.16,-0.386583499,9.16,2.874387573
9.17,3.292,9.17,-1.506838922,9.17,2.883196029
9.18,3.295,9.18,-0.424566018,9.18,2.885130951
9.19,3.287,9.19,-2.1911201,9.19,2.875398559
9.2,3.283,9.2,-0.011322891,9.2,2.877432571
9.21,3.292,9.21,-0.604968927,9.21,2.885165018
9.22,3.294,9.22,-1.87270085,9.22,2.887043599
9.23,3.284,9.23,-0.702412001,9.23,2.884055091
9.24,3.286,9.24,-1.424352978,9.24,2.880928069
9.25,3.294,9.25,-3.667887731,9.25,2.882795121
9.26,3.296,9.26,-0.71078193,9.26,2.875057882
9.27,3.293,9.27,-0.261067956,9.27,2.873405354
9.28,3.29,9.28,-2.880229801,9.28,2.887307043
9.29,3.292,9.29,-4.361469569,9.29,2.890059694
9.3,3.284,9.3,-6.514262329,9.3,2.881101534
9.31,3.282,9.31,0.710001026,9.31,2.843992164
9.32,3.296,9.32,-1.662640389,9.32,2.828253601
9.33,3.299,9.33,-0.935251834,9.33,2.897918066
9.34,3.29,9.34,-4.592612401,9.34,3.04947723
9.35,3.252,9.35,-5.261821725,9.35,3.044015317
9.36,3.235,9.36,2.356030239,9.36,2.845174925
9.37,3.305,9.37,-0.333988413,9.37,2.728236627
9.38,3.461,9.38,1.92494591,9.38,2.76487281
9.39,3.46,9.39,-5.103290615,9.39,2.840844372
9.4,3.261,9.4,-1.499756328,9.4,2.885512245
9.41,3.141,9.41,2.95574399,9.41,2.885646678
9.42,3.174,9.42,-1.436249188,9.42,2.89188938
9.43,3.245,9.43,1.507870089,9.43,2.906521509
9.44,3.286,9.44,-4.104495662,9.44,2.894128367
9.45,3.287,9.45,-2.943480214,9.45,2.891750703
9.46,3.297,9.46,1.093084404,9.46,2.890454325
9.47,3.315,9.47,0.491569052,9.47,2.885504666
9.48,3.304,9.48,-0.887465416,9.48,2.884986495
9.49,3.302,9.49,-4.46048513,9.49,2.867690335
9.5,3.301,9.5,2.07310311,9.5,2.872209648
9.51,3.296,9.51,-0.248032508,9.51,2.876595143
9.52,3.295,9.52,-2.155092268,9.52,2.866130241
9.53,3.277,9.53,0.614125338,9.53,2.865660952
9.54,3.281,9.54,1.593443902,9.54,2.881350439
9.55,3.285,9.55,1.053056314,9.55,2.893782681
9.56,3.274,9.56,-4.999108705,9.56,2.907921413
9.57,3.273,9.57,2.899252296,9.57,2.917562497
9.58,3.289,9.58,1.358574571,9.58,2.909413503
9.59,3.302,9.59,-0.865204934,9.59,2.903795894
9.6,3.317,9.6,2.057538702,9.6,2.886951317
9.61,3.328,9.61,-1.221131289,9.61,2.874770131
9.62,3.321,9.62,1.016843991,9.62,2.870946505
9.63,3.316,9.63,1.562973539,9.63,2.87094407
9.64,3.299,9.64,0.814531844,9.64,2.870821152
9.65,3.286,9.65,1.635680684,9.65,2.870317091
9.66,3.281,9.66,0.290309196,9.66,2.868560825
9.67,3.28,9.67,2.717203008,9.67,2.883282351
9.68,3.279,9.68,2.639324985,9.68,2.885915139
9.69,3.278,9.69,3.358502121,9.69,2.885528498
9.7,3.276,9.7,3.379816872,9.7,2.881255027
9.71,3.291,9.71,2.773257394,9.71,2.879966432
9.72,3.294,9.72,4.036927829,9.72,2.879050566
9.73,3.294,9.73,5.147707767,9.73,2.877248622
9.74,3.29,9.74,3.876427346,9.74,2.882307387
9.75,3.289,9.75,3.760380773,9.75,2.883249789
9.76,3.288,9.76,3.959075075,9.76,2.88511401
9.77,3.286,9.77,3.421059655,9.77,2.874261331
9.78,3.291,9.78,3.78523799,9.78,2.880192474
9.79,3.292,9.79,4.047675118,9.79,2.888033201
9.8,3.294,9.8,3.819042436,9.8,2.886914218
9.81,3.283,9.81,3.203129099,9.81,2.875173064
9.82,3.289,9.82,4.749377107,9.82,2.884911734
9.83,3.297,9.83,2.991734715,9.83,2.885770729
9.84,3.296,9.84,4.214715726,9.84,2.883849407
9.85,3.284,9.85,4.261140829,9.85,2.874187138
9.86,3.294,9.86,2.789994175,9.86,2.880078082
9.87,3.295,9.87,4.74167796,9.87,2.892853217
9.88,3.293,9.88,1.975261896,9.88,2.886809356
9.89,3.283,9.89,3.753707213,9.89,2.872126784
9.9,3.289,9.9,3.927938143,9.9,2.871246377
9.91,3.302,9.91,2.759389411,9.91,2.880249947
9.92,3.296,9.92,3.169038564,9.92,2.889293848
9.93,3.281,9.93,4.36199686,9.93,2.877527776
9.94,3.28,9.94,3.049381996,9.94,2.881312704
9.95,3.289,9.95,2.647949851,9.95,2.886934343
9.96,3.298,9.96,4.165866405,9.96,2.893564218
9.97,3.286,9.97,3.616785435,9.97,2.874926217
9.98,3.29,9.98,2.638737086,9.98,2.88084181
9.99,3.296,9.99,3.454591908,9.99,2.887679011
10,3.303,10,4.047223163,10,2.874004973
10.01,3.284,10.01,2.97091107,10.01,2.878379069
10.02,3.29,10.02,3.347821226,10.02,2.88416766
10.03,3.297,10.03,3.154270444,10.03,2.889917447
10.04,3.283,10.04,2.471992052,10.04,2.876217541
10.05,3.287,10.05,2.623563006,10.05,2.872298137
10.06,3.293,10.06,3.263808728,10.06,2.884154349
10.07,3.299,10.07,2.557359416,10.07,2.881217168
10.08,3.285,10.08,-1.037291897,10.08,2.87946172
10.09,3.281,10.09,1.935836235,10.09,2.879400827
10.1,3.293,10.1,-1.250166573,10.1,2.894815222
10.11,3.29,10.11,-1.743019173,10.11,2.858512383
10.12,3.288,10.12,0.755970545,10.12,2.830877465
10.13,3.288,10.13,-0.701022978,10.13,2.914906923
10.14,3.304,10.14,-0.548555654,10.14,3.066756303
10.15,3.267,10.15,7.564431264,10.15,3.01929777
10.16,3.238,10.16,1.57037235,10.16,2.802968958
10.17,3.323,10.17,5.205258326,10.17,2.708645934
10.18,3.48,10.18,5.723016657,10.18,2.777326008
10.19,3.436,10.19,1.04135095,10.19,2.848495987
10.2,3.218,10.2,3.510479667,10.2,2.889487572
10.21,3.12,10.21,3.296869852,10.21,2.905111789
10.22,3.185,10.22,6.435086673,10.22,2.893825678
10.23,3.251,10.23,3.160416133,10.23,2.895996792
10.24,3.289,10.24,2.401819608,10.24,2.900583624
10.25,3.307,10.25,4.328149254,10.25,2.887398071
10.26,3.3,10.26,4.089677799,10.26,2.879838454
10.27,3.305,10.27,5.370783268,10.27,2.884982351
10.28,3.311,10.28,-0.532095018,10.28,2.881329071
10.29,3.298,10.29,9.679116451,10.29,2.879846877
10.3,3.29,10.3,3.324119565,10.3,2.873255176
10.31,3.295,10.31,1.115600561,10.31,2.877355694
10.32,3.291,10.32,5.732191458,10.32,2.87659676
10.33,3.289,10.33,7.663560753,10.33,2.879650898
10.34,3.282,10.34,3.857084914,10.34,2.886480622
10.35,3.286,10.35,4.857351166,10.35,2.896861628
10.36,3.285,10.36,4.012454217,10.36,2.899275386
10.37,3.288,10.37,6.909206662,10.37,2.914258408
10.38,3.295,10.38,5.891097135,10.38,2.907513792
10.39,3.306,10.39,5.593598959,10.39,2.894285262
10.4,3.309,10.4,4.419218426,10.4,2.876808094
10.41,3.325,10.41,5.265652307,10.41,2.8715284
10.42,3.319,10.42,7.43425759,10.42,2.8696613
10.43,3.306,10.43,4.911685915,10.43,2.869639203
10.44,3.288,10.44,6.209523036,10.44,2.871271501
10.45,3.282,10.45,5.327567414,10.45,2.880239498
10.46,3.279,10.46,5.047794224,10.46,2.886889231
10.47,3.278,10.47,5.178911033,10.47,2.87966929
10.48,3.279,10.48,5.267213212,10.48,2.878464334
10.49,3.288,10.49,4.513919062,10.49,2.883160976
10.5,3.295,10.5,5.350316055,10.5,2.874300768
10.51,3.288,10.51,6.870010432,10.51,2.874590247
10.52,3.287,10.52,4.695351142,10.52,2.882510135
10.53,3.292,10.53,5.910850123,10.53,2.894078719
10.54,3.283,10.54,4.458239173,10.54,2.885018391
10.55,3.283,10.55,6.134112552,10.55,2.880864939
10.56,3.291,10.56,5.34614631,10.56,2.882675547
10.57,3.303,10.57,4.311956369,10.57,2.884604552
10.58,3.294,10.58,4.151257459,10.58,2.874099339
10.59,3.29,10.59,5.077208994,10.59,2.87340305
10.6,3.292,10.6,4.519832568,10.6,2.883346309
10.61,3.294,10.61,3.735049967,10.61,2.883326574
10.62,3.283,10.62,5.36000208,10.62,2.885298145
10.63,3.282,10.63,3.971757974,10.63,2.890875508
10.64,3.292,10.64,4.100657822,10.64,2.879733982
10.65,3.292,10.65,3.168226654,10.65,2.876897266
10.66,3.294,10.66,4.354512332,10.66,2.888744608
10.67,3.3,10.67,5.483859237,10.67,2.881819006
10.68,3.289,10.68,4.045862286,10.68,2.878126612
10.69,3.286,10.69,4.003465947,10.69,2.871382439
10.7,3.298,10.7,3.990059108,10.7,2.882254166
10.71,3.291,10.71,4.455912944,10.71,2.899923632
10.72,3.287,10.72,3.859162161,10.72,2.879002876
10.73,3.28,10.73,3.998016818,10.73,2.87898973
10.74,3.291,10.74,3.022876604,10.74,2.879818612
10.75,3.309,10.75,4.723010251,10.75,2.886679805
10.76,3.288,10.76,4.80081042,10.76,2.89377448
10.77,3.288,10.77,4.176663767,10.77,2.878796179
10.78,3.289,10.78,4.074546716,10.78,2.875896415
10.79,3.296,10.79,3.530937337,10.79,2.877973488
10.8,3.303,10.8,3.488639906,10.8,2.882079877
10.81,3.288,10.81,3.067350292,10.81,2.883317834
10.82,3.285,10.82,4.33519101,10.82,2.878347537
10.83,3.287,10.83,3.273779261,10.83,2.877337091
10.84,3.291,10.84,2.5152153,10.84,2.881266115
10.85,3.292,10.85,-0.582310647,10.85,2.885175728
10.86,3.287,10.86,-0.605223387,10.86,2.878298692
10.87,3.286,10.87,0.645221246,10.87,2.875386566
10.88,3.29,10.88,-0.935277844,10.88,2.87545434
10.89,3.294,10.89,2.59660508,10.89,2.851270676
10.9,3.287,10.9,1.147154646,10.9,2.836571604
10.91,3.284,10.91,6.109287142,10.91,2.878559398
10.92,3.284,10.92,2.9430393,10.92,3.035163659
10.93,3.259,10.93,5.913701913,10.93,3.059154838
10.94,3.243,10.94,7.439777328,10.94,2.87173031
10.95,3.285,10.95,-2.613295602,10.95,2.725060189
10.96,3.446,10.96,0.86601544,10.96,2.745771335
10.97,3.475,10.97,-0.414539679,10.97,2.836534637
10.98,3.288,10.98,-0.114543277,10.98,2.88456701
10.99,3.138,10.99,-0.098606809,10.99,2.898939584
11,3.155,11,-2.934391736,11,2.902821204
11.01,3.241,11.01,2.82581492,11.01,2.893374809
11.02,3.285,11.02,4.123698147,11.02,2.892928537
11.03,3.3,11.03,-5.194294353,11.03,2.893493296
11.04,3.308,11.04,1.593168445,11.04,2.887557991
11.05,3.302,11.05,5.407753056,11.05,2.8926681
11.06,3.303,11.06,-0.88279033,11.06,2.887779269
11.07,3.304,11.07,4.690076486,11.07,2.883031773
11.08,3.298,11.08,0.183206645,11.08,2.873576181
11.09,3.303,11.09,5.576468065,11.09,2.878826102
11.1,3.298,11.1,3.74865678,11.1,2.879184109
11.11,3.293,11.11,1.346487298,11.11,2.885246717
11.12,3.283,11.12,4.796582154,11.12,2.8842346
11.13,3.288,11.13,5.881907012,11.13,2.87036723
11.14,3.288,11.14,3.490593795,11.14,2.878396492
11.15,3.294,11.15,4.735155151,11.15,2.89400211
11.16,3.293,11.16,4.209450251,11.16,2.898606712
11.17,3.279,11.17,7.105626995,11.17,2.901130513
11.18,3.287,11.18,3.547578568,11.18,2.891608309
11.19,3.303,11.19,5.807041478,11.19,2.889328597
11.2,3.308,11.2,4.68178213,11.2,2.883582256
11.21,3.311,11.21,8.430448226,11.21,2.871275618
11.22,3.302,11.22,6.198339469,11.22,2.864229954
11.23,3.3,11.23,3.097574345,11.23,2.866897142
11.24,3.294,11.24,10.53454591,11.24,2.871384591
11.25,3.281,11.25,6.101938501,11.25,2.886318378
11.26,3.273,11.26,6.159066657,11.26,2.88207868
11.27,3.275,11.27,8.118124493,11.27,2.895286581
11.28,3.279,11.28,6.100287409,11.28,2.888746348
11.29,3.294,11.29,8.336266685,11.29,2.875639538
11.3,3.29,11.3,6.90835853,11.3,2.880755626
11.31,3.304,11.31,8.239242815,11.31,2.885638829
11.32,3.298,11.32,8.161960388,11.32,2.88388094
11.33,3.285,11.33,8.545766237,11.33,2.875230779
11.34,3.29,11.34,8.762999236,11.34,2.88014517
11.35,3.295,11.35,8.59118281,11.35,2.88114916
11.36,3.293,11.36,10.26502568,11.36,2.8890397
11.37,3.284,11.37,8.652898409,11.37,2.880142051
11.38,3.289,11.38,9.733883101,11.38,2.875164555
11.39,3.29,11.39,9.834688418,11.39,2.883095941
11.4,3.298,11.4,9.751479524,11.4,2.885962546
11.41,3.289,11.41,9.61755295,11.41,2.885035489
11.42,3.284,11.42,8.631714671,11.42,2.884913834
11.43,3.292,11.43,8.367251578,11.43,2.88176389
11.44,3.295,11.44,10.28370036,11.44,2.876928446
11.45,3.294,11.45,8.369210987,11.45,2.874235927
11.46,3.294,11.46,10.34262533,11.46,2.886188272
11.47,3.291,11.47,9.115611603,11.47,2.886143449
11.48,3.286,11.48,8.252420568,11.48,2.883105993
11.49,3.283,11.49,8.789573235,11.49,2.878105435
11.5,3.295,11.5,9.13427232,11.5,2.884843941
11.51,3.295,11.51,9.064028921,11.51,2.886807934
11.52,3.292,11.52,7.853900897,11.52,2.883846305
11.53,3.287,11.53,9.393684188,11.53,2.887717492
11.54,3.294,11.54,8.386003467,11.54,2.880669416
11.55,3.296,11.55,7.983342756,11.55,2.872985406
11.56,3.293,11.56,9.693308987,11.56,2.879182799
11.57,3.297,11.57,7.046202505,11.57,2.884168933
11.58,3.29,11.58,8.612663901,11.58,2.877425774
11.59,3.282,11.59,8.948273235,11.59,2.884336034
11.6,3.288,11.6,7.944803045,11.6,2.88115831
11.61,3.293,11.61,8.155815247,11.61,2.876239664
11.62,3.286,11.62,8.287131612,11.62,2.883254692
11.63,3.293,11.63,8.111559999,11.63,2.873377732
11.64,3.29,11.64,8.079125671,11.64,2.869750159
11.65,3.285,11.65,8.697079615,11.65,2.844753938
11.66,3.292,11.66,7.911654572,11.66,2.848512431
11.67,3.282,11.67,8.431944971,11.67,2.943822361
11.68,3.278,11.68,7.97954404,11.68,3.049018632
11.69,3.252,11.69,8.627099712,11.69,2.981991633
11.7,3.255,11.7,8.235104642,11.7,2.804298542
11.71,3.352,11.71,9.441200386,11.71,2.736581946
11.72,3.462,11.72,8.304865245,11.72,2.795407997
11.73,3.398,11.73,6.755520554,11.73,2.861808522
11.74,3.219,11.74,6.253214288,11.74,2.894807649
11.75,3.148,11.75,6.759087601,11.75,2.88890965
11.76,3.203,11.76,7.483123822,11.76,2.891341414
11.77,3.265,11.77,4.58223474,11.77,2.900805727
11.78,3.296,11.78,6.341600002,11.78,2.886096538
11.79,3.292,11.79,7.476330503,11.79,2.886103521
11.8,3.298,11.8,4.777212483,11.8,2.892850785
11.81,3.31,11.81,4.896938269,11.81,2.882988723
11.82,3.296,11.82,4.379316487,11.82,2.884365218
11.83,3.296,11.83,2.835366824,11.83,2.879562886
11.84,3.303,11.84,2.733615791,11.84,2.876817667
11.85,3.293,11.85,6.698519056,11.85,2.876256196
11.86,3.294,11.86,5.396750011,11.86,2.888130307
11.87,3.289,11.87,5.315766182,11.87,2.890954085
11.88,3.286,11.88,4.062876809,11.88,2.888719896
11.89,3.285,11.89,4.426890669,11.89,2.887464339
11.9,3.297,11.9,5.458242351,11.9,2.894004908
11.91,3.3,11.91,3.767072623,11.91,2.892855022
11.92,3.298,11.92,3.462148444,11.92,2.885960542
11.93,3.297,11.93,8.567810505,11.93,2.88991742
11.94,3.304,11.94,7.304761055,11.94,2.889853407
11.95,3.303,11.95,6.172363769,11.95,2.879233571
11.96,3.296,11.96,4.377913158,11.96,2.881530332
11.97,3.3,11.97,4.540136872,11.97,2.872905881
11.98,3.3,11.98,5.320526523,11.98,2.879182437
11.99,3.289,11.99,4.354467638,11.99,2.883357697
12,3.291,12,4.117860966,12,2.869642382
12.01,3.282,12.01,4.090284501,12.01,2.875807155
12.02,3.288,12.02,6.354727328,12.02,2.880641494
12.03,3.292,12.03,4.400287571,12.03,2.874757033
12.04,3.278,12.04,3.353999984,12.04,2.884700412
12.05,3.284,12.05,1.947662954,12.05,2.883367005
12.06,3.289,12.06,4.975040096,12.06,2.870511965
12.07,3.283,12.07,0.634895433,12.07,2.872721707
12.08,3.293,12.08,5.84030798,12.08,2.881550356
12.09,3.292,12.09,0.777900549,12.09,2.889382409
12.1,3.279,12.1,4.889558444,12.1,2.885311233
12.11,3.281,12.11,2.66080195,12.11,2.882034506
12.12,3.29,12.12,0.183315511,12.12,2.89154915
12.13,3.298,12.13,3.810648827,12.13,2.881544954
12.14,3.294,12.14,3.873346875,12.14,2.875871347
12.15,3.291,12.15,5.280666858,12.15,2.882926332
12.16,3.301,12.16,1.948491453,12.16,2.884847684
12.17,3.291,12.17,2.780715258,12.17,2.886937809
12.18,3.285,12.18,4.720787404,12.18,2.881945081
12.19,3.292,12.19,3.579731695,12.19,2.88667961
12.2,3.294,12.2,1.041026334,12.2,2.872959836
12.21,3.296,12.21,4.877593621,12.21,2.878128514
12.22,3.291,12.22,3.648832759,12.22,2.88516643
12.23,3.296,12.23,-1.524156321,12.23,2.891884867
12.24,3.282,12.24,10.09564968,12.24,2.881030322
12.25,3.287,12.25,0.326217578,12.25,2.876962208
12.26,3.294,12.26,5.282636152,12.26,2.877990383
12.27,3.301,12.27,6.558313013,12.27,2.884000568
12.28,3.29,12.28,3.904760027,12.28,2.882223648
12.29,3.286,12.29,0.283842025,12.29,2.882192245
12.3,3.287,12.3,6.517873744,12.3,2.879159645
12.31,3.293,12.31,6.429838953,12.31,2.88303713
12.32,3.291,12.32,3.252968688,12.32,2.875271182
12.33,3.291,12.33,5.394838618,12.33,2.879337863
12.34,3.288,12.34,2.901894017,12.34,2.888172977
12.35,3.292,12.35,7.503239202,12.35,2.881123118
12.36,3.284,12.36,7.644116191,12.36,2.879219841
12.37,3.288,12.37,0.890045466,12.37,2.862600147
12.38,3.297,12.38,5.849089344,12.38,2.830924788
12.39,3.29,12.39,5.851931037,12.39,2.852847042
12.4,3.288,12.4,0.359034998,12.4,3.006385738
12.41,3.271,12.41,10.14966993,12.41,3.074045438
12.42,3.238,12.42,10.57103413,12.42,2.913731149
12.43,3.259,12.43,-1.459203869,12.43,2.739533063
12.44,3.416,12.44,4.462547867,12.44,2.744691483
12.45,3.489,12.45,6.87883028,12.45,2.813436742
12.46,3.33,12.46,9.928437152,12.46,2.877966753
12.47,3.153,12.47,8.04090501,12.47,2.901249098
12.48,3.155,12.48,3.79357516,12.48,2.894677576
12.49,3.219,12.49,-2.69784282,12.49,2.895178061
12.5,3.279,12.5,6.744632923,12.5,2.898089192
12.51,3.302,12.51,7.782983875,12.51,2.887664795
12.52,3.299,12.52,7.821900773,12.52,2.903341854
12.53,3.303,12.53,4.220694938,12.53,2.886430778
12.54,3.308,12.54,4.6748711,12.54,2.876846806
12.55,3.298,12.55,6.102853438,12.55,2.874471007
12.56,3.314,12.56,6.636319299,12.56,2.882613809
12.57,3.297,12.57,4.926507286,12.57,2.880193144
12.58,3.287,12.58,8.115237842,12.58,2.87355674
12.59,3.284,12.59,4.022003577,12.59,2.873694295
12.6,3.292,12.6,9.497029302,12.6,2.885435067
12.61,3.289,12.61,5.88938901,12.61,2.893146906
12.62,3.282,12.62,7.817149467,12.62,2.892800436
12.63,3.282,12.63,4.105237543,12.63,2.89426358
12.64,3.294,12.64,4.246766318,12.64,2.901532935
12.65,3.302,12.65,4.486053918,12.65,2.900118824
12.66,3.302,12.66,8.93934399,12.66,2.888216347
12.67,3.304,12.67,8.760103755,12.67,2.884422517
12.68,3.312,12.68,3.104293583,12.68,2.8749345
12.69,3.311,12.69,5.346485577,12.69,2.873649323
12.7,3.299,12.7,8.876348745,12.7,2.868486029
12.71,3.295,12.71,7.62051299,12.71,2.869990198
12.72,3.285,12.72,1.470008583,12.72,2.875261176
12.73,3.283,12.73,9.566492919,12.73,2.887946515
12.74,3.277,12.74,7.726117874,12.74,2.879816849
12.75,3.278,12.75,5.903979862,12.75,2.879552399
12.76,3.283,12.76,2.260913029,12.76,2.879334928
12.77,3.296,12.77,7.262540598,12.77,2.888953125
12.78,3.288,12.78,8.490152896,12.78,2.88596276
12.79,3.288,12.79,6.933946353,12.79,2.887732846
12.8,3.288,12.8,7.741027682,12.8,2.876818114
12.81,3.298,12.81,4.477858551,12.81,2.865208868
12.82,3.295,12.82,8.117966638,12.82,2.880415812
12.83,3.297,12.83,3.47071064,12.83,2.88735915
12.84,3.286,12.84,10.83912406,12.84,2.885389327
12.85,3.274,12.85,3.610404748,12.85,2.874484932
12.86,3.289,12.86,10.5997787,12.86,2.879172006
12.87,3.296,12.87,4.599017073,12.87,2.880180288
12.88,3.294,12.88,7.342703135,12.88,2.885197936
12.89,3.283,12.89,5.066477706,12.89,2.885182509
12.9,3.288,12.9,10.23324804,12.9,2.883943421
12.91,3.289,12.91,4.250248556,12.91,2.881882415
12.92,3.294,12.92,7.40714836,12.92,2.883789536
12.93,3.294,12.93,9.94844519,12.93,2.882839129
12.94,3.293,12.94,2.832708125,12.94,2.87996438
12.95,3.291,12.95,11.61184497,12.95,2.882985758
12.96,3.293,12.96,7.943414486,12.96,2.889774541
12.97,3.292,12.97,4.811869208,12.97,2.884746558
12.98,3.289,12.98,5.1694748,12.98,2.885669918
12.99,3.292,12.99,12.3024616,12.99,2.881644697
13,3.299,13,6.314036742,13,2.886542714
13.01,3.294,13.01,6.577849671,13.01,2.881742286
13.02,3.295,13.02,8.579779819,13.02,2.869162172
13.03,3.291,13.03,6.958884209,13.03,2.881276108
13.04,3.296,13.04,3.93027874,13.04,2.890058141
13.05,3.291,13.05,8.356038028,13.05,2.884104504
13.06,3.278,13.06,7.028586065,13.06,2.881131087
13.07,3.29,13.07,7.757172686,13.07,2.878924714
13.08,3.299,13.08,6.801614861,13.08,2.878983702
13.09,3.293,13.09,7.159410487,13.09,2.871457746
13.1,3.29,13.1,5.552433439,13.1,2.84842144
13.11,3.288,13.11,6.932243291,13.11,2.824954204
13.12,3.288,13.12,6.18917823,13.12,2.858505739
13.13,3.28,13.13,8.071168383,13.13,3.028382294
13.14,3.256,13.14,6.348478132,13.14,3.069000729
13.15,3.231,13.15,5.999150341,13.15,2.911400939
13.16,3.264,13.16,7.281618915,13.16,2.751732246
13.17,3.438,13.17,3.690418125,13.17,2.750828991
13.18,3.484,13.18,6.458515295,13.18,2.820876831
13.19,3.328,13.19,5.548649762,13.19,2.86954103
13.2,3.166,13.2,7.123210791,13.2,2.895920227
13.21,3.162,13.21,5.688341867,13.21,2.904391058
13.22,3.227,13.22,5.818160414,13.22,2.893103915
13.23,3.271,13.23,6.745419298,13.23,2.889430533
13.24,3.297,13.24,4.6054442,13.24,2.88685457
13.25,3.309,13.25,6.220322862,13.25,2.883945827
13.26,3.301,13.26,6.272091967,13.26,2.88333224
13.27,3.299,13.27,3.887684193,13.27,2.877687576
13.28,3.297,13.28,6.277920699,13.28,2.86922402
13.29,3.294,13.29,6.442288238,13.29,2.883324509
13.3,3.293,13.3,3.571560315,13.3,2.877518069
13.31,3.287,13.31,6.153703343,13.31,2.880586538
13.32,3.278,13.32,5.674988013,13.32,2.883462327
13.33,3.292,13.33,4.196440527,13.33,2.879232585
13.34,3.286,13.34,5.293660188,13.34,2.891006645
13.35,3.289,13.35,5.533754282,13.35,2.896500296
13.36,3.292,13.36,4.696804597,13.36,2.9067724
13.37,3.288,13.37,4.472139795,13.37,2.901284603
13.38,3.3,13.38,4.919890562,13.38,2.900715664
13.39,3.306,13.39,4.129012007,13.39,2.891686802
13.4,3.317,13.4,4.463659101,13.4,2.887886425
13.41,3.312,13.41,4.894720877,13.41,2.874707399
13.42,3.312,13.42,3.799387379,13.42,2.865645461
13.43,3.303,13.43,4.703156766,13.43,2.868504604
13.44,3.299,13.44,3.832276867,13.44,2.87885911
13.45,3.285,13.45,4.011619045,13.45,2.876191114
13.46,3.275,13.46,3.633073458,13.46,2.871333546
13.47,3.277,13.47,4.034431881,13.47,2.887802104
13.48,3.287,13.48,3.117635587,13.48,2.893171204
13.49,3.284,13.49,3.793698704,13.49,2.880121674
13.5,3.279,13.5,3.208715635,13.5,2.876127863
13.51,3.296,13.51,3.602486848,13.51,2.874078653
13.52,3.302,13.52,3.140694001,13.52,2.884128538
13.53,3.289,13.53,3.098096025,13.53,2.8687463
13.54,3.285,13.54,3.289683682,13.54,2.882667502
13.55,3.283,13.55,3.064560052,13.55,2.886419405
13.56,3.293,13.56,3.428972718,13.56,2.88513189
13.57,3.277,13.57,2.912846554,13.57,2.882179762
13.58,3.291,13.58,3.022054741,13.58,2.881863885
13.59,3.295,13.59,2.695983158,13.59,2.874084719
13.6,3.294,13.6,3.259150445,13.6,2.88898136
13.61,3.291,13.61,2.491290539,13.61,2.890815786
13.62,3.291,13.62,2.940401133,13.62,2.884732589
13.63,3.283,13.63,2.734988584,13.63,2.877857436
13.64,3.298,13.64,2.728355903,13.64,2.877794201
13.65,3.3,13.65,2.729745135,13.65,2.87709224
13.66,3.294,13.66,2.595620171,13.66,2.888126174
13.67,3.287,13.67,2.831790138,13.67,2.882192663
13.68,3.287,13.68,2.440094853,13.68,2.879171507
13.69,3.286,13.69,3.257409314,13.69,2.877219597
13.7,3.297,13.7,2.87032681,13.7,2.884044835
13.71,3.291,13.71,3.3643514,13.71,2.885098684
13.72,3.288,13.72,2.946620661,13.72,2.885985386
13.73,3.286,13.73,3.226144118,13.73,2.875111521
13.74,3.293,13.74,2.961350741,13.74,2.879075179
13.75,3.294,13.75,3.178249925,13.75,2.881151148
13.76,3.295,13.76,3.459395206,13.76,2.881232846
13.77,3.284,13.77,3.011083807,13.77,2.893022269
13.78,3.288,13.78,3.496807125,13.78,2.885762901
13.79,3.29,13.79,2.817756576,13.79,2.884618745
13.8,3.29,13.8,3.456637842,13.8,2.879674686
13.81,3.302,13.81,3.029140702,13.81,2.870954679
13.82,3.295,13.82,3.508831396,13.82,2.879283174
13.83,3.294,13.83,3.46845471,13.83,2.879446348
13.84,3.289,13.84,3.311209253,13.84,2.86983795
13.85,3.28,13.85,3.536620086,13.85,2.837025653
13.86,3.288,13.86,3.331475743,13.86,2.832124723
13.87,3.288,13.87,3.90690814,13.87,2.926803084
13.88,3.278,13.88,3.426376511,13.88,3.079294
13.89,3.244,13.89,4.039600908,13.89,3.023137882
13.9,3.238,13.9,3.383705723,13.9,2.809117935
13.91,3.334,13.91,3.844412418,13.91,2.727294302
13.92,3.492,13.92,3.248865128,13.92,2.772372052
13.93,3.44,13.93,3.33426946,13.93,2.839076508
13.94,3.225,13.94,3.400174108,13.94,2.882376567
13.95,3.14,13.95,3.427770559,13.95,2.900282883
13.96,3.181,13.96,3.533869094,13.96,2.896380667
13.97,3.242,13.97,3.172138801,13.97,2.895471285
13.98,3.282,13.98,3.810001151,13.98,2.901811019
13.99,3.302,13.99,3.194840384,13.99,2.889413314
14,3.302,14,3.972041007,14,2.892390936
14.01,3.304,14.01,3.544735803,14.01,2.892384425
14.02,3.312,14.02,3.783864731,14.02,2.875858959
14.03,3.3,14.03,3.722003555,14.03,2.862876977
14.04,3.303,14.04,3.730103881,14.04,2.874301888
14.05,3.303,14.05,4.173014885,14.05,2.882558247
14.06,3.286,14.06,3.713964337,14.06,2.875983788
14.07,3.272,14.07,4.080885549,14.07,2.877974008
14.08,3.283,14.08,3.694520881,14.08,2.877657946
14.09,3.291,14.09,4.190815987,14.09,2.873692782
14.1,3.284,14.1,3.436147302,14.1,2.90116102
14.11,3.286,14.11,3.752241126,14.11,2.912177693
14.12,3.286,14.12,3.592839855,14.12,2.909308603
14.13,3.282,14.13,4.065392339,14.13,2.888055786
14.14,3.31,14.14,3.913277554,14.14,2.889661006
14.15,3.322,14.15,3.807570856,14.15,2.89185666
14.16,3.32,14.16,4.162240738,14.16,2.886453114
14.17,3.299,14.17,3.696941886,14.17,2.869477864
14.18,3.301,14.18,4.217302454,14.18,2.876810161
14.19,3.303,14.19,3.693746174,14.19,2.879127145
14.2,3.297,14.2,4.145617815,14.2,2.87848565
14.21,3.279,14.21,3.593975818,14.21,2.875794283
14.22,3.286,14.22,4.346565138,14.22,2.874714186
14.23,3.288,14.23,3.918506872,14.23,2.876739256
14.24,3.287,14.24,3.793478678,14.24,2.877779953
14.25,3.284,14.25,4.123599797,14.25,2.881689538
14.26,3.283,14.26,3.665557157,14.26,2.877645259
14.27,3.285,14.27,4.002425621,14.27,2.87563021
14.28,3.286,14.28,3.405943503,14.28,2.884424994
14.29,3.29,14.29,4.197442468,14.29,2.884246061
14.3,3.286,14.3,3.418283961,14.3,2.879291536
14.31,3.284,14.31,3.986263376,14.31,2.882175033
14.32,3.293,14.32,3.970360464,14.32,2.880069789
14.33,3.293,14.33,3.973568359,14.33,2.886974626
14.34,3.288,14.34,3.710919242,14.34,2.893704291
14.35,3.291,14.35,3.772871317,14.35,2.886512483
14.36,3.289,14.36,3.665252811,14.36,2.873745103
14.37,3.296,14.37,3.379790026,14.37,2.881715061
14.38,3.303,14.38,4.126567456,14.38,2.885733828
14.39,3.296,14.39,3.3832671,14.39,2.871296795
14.4,3.283,14.4,4.191519552,14.4,2.878506305
14.41,3.291,14.41,3.339681219,14.41,2.888160149
14.42,3.295,14.42,3.890285528,14.42,2.886038644
14.43,3.28,14.43,3.539525202,14.43,2.878234669
14.44,3.287,14.44,3.864690805,14.44,2.883933351
14.45,3.297,14.45,4.002946723,14.45,2.886717004
14.46,3.295,14.46,3.771871145,14.46,2.879909191
14.47,3.287,14.47,4.302211481,14.47,2.869351982
14.48,3.293,14.48,4.047977507,14.48,2.874467802
14.49,3.296,14.49,4.857537852,14.49,2.889310955
14.5,3.289,14.5,4.095142274,14.5,2.893112746
14.51,3.278,14.51,4.568786998,14.51,2.884009404
14.52,3.283,14.52,4.092716783,14.52,2.872966263
14.53,3.298,14.53,4.486060607,14.53,2.872061393
14.54,3.302,14.54,4.122446464,14.54,2.879295983
14.55,3.293,14.55,4.240658723,14.55,2.88934026
14.56,3.282,14.56,4.336510348,14.56,2.883345894
14.57,3.281,14.57,3.812495306,14.57,2.890891567
14.58,3.288,14.58,4.67362933,14.58,2.878763707
14.59,3.298,14.59,3.888467292,14.59,2.887536134
14.6,3.292,14.6,4.454445356,14.6,2.884641686
14.61,3.3,14.61,3.903753124,14.61,2.876800179
14.62,3.288,14.62,4.200775482,14.62,2.83821938
14.63,3.297,14.63,3.989655252,14.63,2.814977135
14.64,3.294,14.64,4.056641567,14.64,2.900584389
14.65,3.286,14.65,4.511715249,14.65,3.067531665
14.66,3.246,14.66,4.058162501,14.66,3.042023891
14.67,3.221,14.67,4.423899487,14.67,2.837262206
14.68,3.307,14.68,3.44212357,14.68,2.716345897
14.69,3.479,14.69,4.35248615,14.69,2.765985543
14.7,3.458,14.7,3.730147887,14.7,2.839409659
14.71,3.253,14.71,4.067338883,14.71,2.888923973
14.72,3.129,14.72,3.935937218,14.72,2.89755392
14.73,3.175,14.73,4.236219948,14.73,2.90126204
14.74,3.243,14.74,3.958393446,14.74,2.901071627
14.75,3.289,14.75,4.088092207,14.75,2.895599387
14.76,3.299,14.76,4.39338162,14.76,2.889367579
14.77,3.307,14.77,3.888916542,14.77,2.876714953
14.78,3.31,14.78,4.434532764,14.78,2.877223823
14.79,3.306,14.79,3.844371147,14.79,2.8865451
14.8,3.3,14.8,4.303536552,14.8,2.879945238
14.81,3.287,14.81,3.831450765,14.81,2.87533173
14.82,3.287,14.82,3.9347134,14.82,2.885158711
14.83,3.296,14.83,3.625903479,14.83,2.873305713
14.84,3.289,14.84,3.392140288,14.84,2.872665775
14.85,3.284,14.85,3.928088407,14.85,2.875796799
14.86,3.294,14.86,3.903203255,14.86,2.896232111
14.87,3.282,14.87,3.94952753,14.87,2.896893116
14.88,3.281,14.88,3.404742004,14.88,2.900181703
14.89,3.284,14.89,3.998298278,14.89,2.904359248
14.9,3.305,14.9,3.38344501,14.9,2.89486084
14.91,3.306,14.91,3.788547467,14.91,2.887062122
14.92,3.31,14.92,3.333029337,14.92,2.88339226
14.93,3.315,14.93,3.74131297,14.93,2.877952573
14.94,3.306,14.94,3.676732317,14.94,2.867897717
14.95,3.298,14.95,3.61925523,14.95,2.868610284
14.96,3.294,14.96,3.928661316,14.96,2.872041553
14.97,3.288,14.97,3.651401894,14.97,2.884039874
14.98,3.277,14.98,4.101212395,14.98,2.880991859
14.99,3.277,14.99,3.314601887,14.99,2.877774976
15,3.28,15,4.137593218,15,2.885363299
15.01,3.292,15.01,3.391795465,15.01,2.882106823
15.02,3.289,15.02,3.760660876,15.02,2.876281432
15.03,3.286,15.03,3.630552387,15.03,2.868607554
15.04,3.294,15.04,3.560987627,15.04,2.870795582
15.05,3.291,15.05,3.902142946,15.05,2.870183593
15.06,3.285,15.06,3.626679571,15.06,2.891895796
15.07,3.277,15.07,3.857073908,15.07,2.905121552
15.08,3.279,15.08,3.597890182,15.08,2.887638204
15.09,3.278,15.09,3.968973402,15.09,2.886254275
15.1,3.3,15.1,3.357401687,15.1,2.882953251
15.11,3.314,15.11,3.857474391,15.11,2.887994843
15.12,3.297,15.12,3.43123212,15.12,2.883493973
15.13,3.296,15.13,3.657081678,15.13,2.874829722
15.14,3.293,15.14,3.260980143,15.14,2.879032231
15.15,3.298,15.15,3.162556496,15.15,2.885971387
15.16,3.293,15.16,3.778495168,15.16,2.883097615
15.17,3.284,15.17,3.124155083,15.17,2.87143344
15.18,3.288,15.18,3.602560227,15.18,2.883238948
15.19,3.295,15.19,2.998865532,15.19,2.888982838
15.2,3.292,15.2,3.565121145,15.2,2.887902418
15.21,3.28,15.21,3.44878988,15.21,2.886800207
15.22,3.292,15.22,3.557432574,15.22,2.878646845
15.23,3.298,15.23,3.300715127,15.23,2.88070783
15.24,3.297,15.24,3.34489055,15.24,2.875066371
15.25,3.296,15.25,3.5966646,15.25,2.872460036
15.26,3.288,15.26,3.071359251,15.26,2.88742579
15.27,3.29,15.27,3.579798685,15.27,2.882345535
15.28,3.284,15.28,3.112975625,15.28,2.883276242
15.29,3.281,15.29,3.644540424,15.29,2.885042259
15.3,3.296,15.3,3.326499971,15.3,2.88181542
15.31,3.291,15.31,3.746349391,15.31,2.87901439
15.32,3.292,15.32,3.292771817,15.32,2.876177517
15.33,3.294,15.33,3.525623335,15.33,2.878300594
15.34,3.291,15.34,3.293814426,15.34,2.881384733
15.35,3.288,15.35,2.942457718,15.35,2.884316669
15.36,3.285,15.36,3.394263223,15.36,2.879320477
15.37,3.287,15.37,2.889599347,15.37,2.88314893
15.38,3.29,15.38,3.407777772,15.38,2.889845985
15.39,3.293,15.39,2.725502189,15.39,2.87988064
15.4,3.288,15.4,3.091204174,15.4,2.865383335
15.41,3.292,15.41,2.873223241,15.41,2.852138966
15.42,3.299,15.42,3.253115724,15.42,2.831537981
15.43,3.289,15.43,3.169182359,15.43,2.878780211
15.44,3.274,15.44,3.389073072,15.44,3.047177333
15.45,3.26,15.45,3.31584933,15.45,3.057968136
15.46,3.238,15.46,2.933012512,15.46,2.864755359
15.47,3.285,15.47,3.410939306,15.47,2.729850138
15.48,3.458,15.48,2.767575468,15.48,2.752378444
15.49,3.474,15.49,3.467878576,15.49,2.829603145
15.5,3.281,15.5,2.709883864,15.5,2.885587486
15.51,3.143,15.51,3.081248317,15.51,2.901731251
15.52,3.162,15.52,2.907043364,15.52,2.900774168
15.53,3.234,15.53,2.673354348,15.53,2.907114079
15.54,3.286,15.54,3.027666177,15.54,2.907125737
15.55,3.303,15.55,2.685949409,15.55,2.888839083
15.56,3.306,15.56,3.062025963,15.56,2.878240373
15.57,3.316,15.57,2.62949011,15.57,2.892324459
15.58,3.318,15.58,3.124607804,15.58,2.878020841
15.59,3.3,15.59,2.697666249,15.59,2.872885597
15.6,3.289,15.6,3.3155834,15.6,2.882105437
15.61,3.303,15.61,2.839865598,15.61,2.877187266
15.62,3.288,15.62,3.328776637,15.62,2.874655728
15.63,3.282,15.63,3.079178246,15.63,2.881600214
15.64,3.291,15.64,2.999039701,15.64,2.881405343
15.65,3.286,15.65,3.129241625,15.65,2.87460157
15.66,3.283,15.66,2.955552464,15.66,2.894151127
15.67,3.29,15.67,3.469637674,15.67,2.908252429
15.68,3.29,15.68,2.537864237,15.68,2.906552489
15.69,3.283,15.69,3.510291537,15.69,2.889347714
15.7,3.303,15.7,2.878966866,15.7,2.882181333
15.71,3.318,15.71,3.075541911,15.71,2.878573886
15.72,3.317,15.72,3.02150668,15.72,2.888033517
15.73,3.3,15.73,3.181942337,15.73,2.875810093
15.74,3.293,15.74,3.153563683,15.74,2.865465403
15.75,3.289,15.75,2.681999587,15.75,2.869851267
15.76,3.298,15.76,3.025653314,15.76,2.873042627
15.77,3.285,15.77,2.387515338,15.77,2.866610552
15.78,3.274,15.78,3.021965353,15.78,2.882446817
15.79,3.278,15.79,2.232556369,15.79,2.890810509
15.8,3.281,15.8,3.078348219,15.8,2.887349511
15.81,3.274,15.81,2.416778657,15.81,2.882120189
15.82,3.29,15.82,2.856180145,15.82,2.879796377
15.83,3.299,15.83,2.479084751,15.83,2.882755498
15.84,3.296,15.84,2.833614652,15.84,2.888755189
15.85,3.291,15.85,3.129784203,15.85,2.879929197
15.86,3.289,15.86,2.908675611,15.86,2.880957131
15.87,3.292,15.87,3.130107111,15.87,2.875110127
15.88,3.298,15.88,2.584278132,15.88,2.883095802
15.89,3.289,15.89,3.455031495,15.89,2.883228028
15.9,3.29,15.9,2.744367522,15.9,2.884115908
15.91,3.284,15.91,3.286574003,15.91,2.877229573
15.92,3.292,15.92,2.670679855,15.92,2.887903624
15.93,3.292,15.93,3.047239041,15.93,2.879989959
15.94,3.293,15.94,2.715273684,15.94,2.874217538
15.95,3.286,15.95,2.529986308,15.95,2.878371498
15.96,3.297,15.96,2.684219526,15.96,2.88808553
15.97,3.289,15.97,2.407973537,15.97,2.890973637
15.98,3.283,15.98,3.094127215,15.98,2.886796167
15.99,3.287,15.99,2.668253414,15.99,2.881629836
16,3.297,16,3.11497735,16,2.876691081
16.01,3.3,16.01,2.240241462,16.01,2.886702058
16.02,3.296,16.02,2.22626143,16.02,2.886782262
16.03,3.291,16.03,2.419200172,16.03,2.878976096
16.04,3.286,16.04,2.380578203,16.04,2.874196714
16.05,3.296,16.05,2.849640286,16.05,2.872349109
16.06,3.296,16.06,2.023469333,16.06,2.876607004
16.07,3.288,16.07,2.661366435,16.07,2.880750499
16.08,3.283,16.08,2.041613649,16.08,2.886548825
16.09,3.281,16.09,2.566896534,16.09,2.886246667
16.1,3.285,16.1,1.917754579,16.1,2.868390365
16.11,3.289,16.11,2.440854046,16.11,2.874457585
16.12,3.295,16.12,2.151894739,16.12,2.886299384
16.13,3.295,16.13,2.134586959,16.13,2.885288096
16.14,3.277,16.14,2.486624924,16.14,2.887233075
16.15,3.283,16.15,2.380784402,16.15,2.881921239
16.16,3.295,16.16,2.822875738,16.16,2.884663633
16.17,3.294,16.17,2.042162625,16.17,2.878850419
16.18,3.296,16.18,2.620685664,16.18,2.839096385
16.19,3.291,16.19,2.155154731,16.19,2.834504494
16.2,3.294,16.2,2.940545506,16.2,2.923357614
16.21,3.288,16.21,2.591675559,16.21,3.050769321
16.22,3.247,16.22,2.772006658,16.22,3.004352168
16.23,3.241,16.23,2.433928803,16.23,2.815231139
16.24,3.331,16.24,2.245685037,16.24,2.73523327
16.25,3.463,16.25,2.668271772,16.25,2.794617195
16.26,3.42,16.26,2.179335286,16.26,2.849387921
16.27,3.23,16.27,2.688294656,16.27,2.877365312
16.28,3.147,16.28,2.18417277,16.28,2.880938525
16.29,3.203,16.29,2.860298214,16.29,2.89814775
16.3,3.253,16.3,2.374316639,16.3,2.909365005
16.31,3.278,16.31,3.108437259,16.31,2.895126516
16.32,3.283,16.32,2.440513182,16.32,2.893524513
16.33,3.304,16.33,2.551308243,16.33,2.880413105
16.34,3.318,16.34,2.374113837,16.34,2.883670723
16.35,3.305,16.35,2.111482047,16.35,2.878408337
16.36,3.304,16.36,2.547250516,16.36,2.884652719
16.37,3.291,16.37,2.190763999,16.37,2.886828516
16.38,3.294,16.38,2.620761137,16.38,2.878910421
16.39,3.288,16.39,2.480449006,16.39,2.869331019
16.4,3.294,16.4,2.610592276,16.4,2.879336088
16.41,3.296,16.41,2.269199838,16.41,2.888233089
16.42,3.288,16.42,2.826144342,16.42,2.887195561
16.43,3.278,16.43,2.866205033,16.43,2.898669804
16.44,3.288,16.44,2.573443436,16.44,2.901838447
16.45,3.297,16.45,2.717197323,16.45,2.906113164
16.46,3.296,16.46,2.186499997,16.46,2.88810816
16.47,3.308,16.47,2.809449421,16.47,2.880284995
16.48,3.312,16.48,2.334244877,16.48,2.877816233
16.49,3.317,16.49,2.746046178,16.49,2.879374106
16.5,3.299,16.5,2.051235203,16.5,2.87710907
16.51,3.291,16.51,2.455469973,16.51,2.865737413
16.52,3.288,16.52,2.386958005,16.52,2.861300637
16.53,3.289,16.53,2.486375616,16.53,2.872485027
16.54,3.286,16.54,2.31000391,16.54,2.893118018
16.55,3.274,16.55,2.401969475,16.55,2.893670056
16.56,3.269,16.56,2.857192286,16.56,2.888105112
16.57,3.28,16.57,2.22578415,16.57,2.886488361
16.58,3.301,16.58,2.752577725,16.58,2.883210836
16.59,3.302,16.59,2.042730871,16.59,2.876594188
16.6,3.297,16.6,2.61767581,16.6,2.878935116
16.61,3.296,16.61,2.121464969,16.61,2.876234815
16.62,3.293,16.62,2.723218276,16.62,2.875521066
16.63,3.286,16.63,2.6833588,16.63,2.880604194
16.64,3.288,16.64,2.507039152,16.64,2.886364689
16.65,3.285,16.65,2.664929936,16.65,2.890070282
16.66,3.284,16.66,2.412257933,16.66,2.886802446
16.67,3.289,16.67,2.918261305,16.67,2.877762689
16.68,3.295,16.68,2.415116467,16.68,2.875890024
16.69,3.299,16.69,2.833406566,16.69,2.878093062
16.7,3.296,16.7,2.307258232,16.7,2.87155998
16.71,3.287,16.71,2.975835709,16.71,2.884595912
16.72,3.285,16.72,2.349103893,16.72,2.888332722
16.73,3.287,16.73,2.785667397,16.73,2.888018574
16.74,3.28,16.74,2.681007305,16.74,2.895561183
16.75,3.293,16.75,2.050193003,16.75,2.88620243
16.76,3.297,16.76,2.556934446,16.76,2.874458907
16.77,3.297,16.77,2.090485881,16.77,2.869940749
16.78,3.305,16.78,2.155261177,16.78,2.878183619
16.79,3.296,16.79,1.937535036,16.79,2.887353735
16.8,3.284,16.8,2.54737309,16.8,2.887315786
16.81,3.279,16.81,1.892794937,16.81,2.879230783
16.82,3.287,16.82,2.496219217,16.82,2.880986137
16.83,3.296,16.83,2.242586028,16.83,2.88287537
16.84,3.296,16.84,2.329364951,16.84,2.875174865
16.85,3.288,16.85,2.6632004,16.85,2.873521222
16.86,3.29,16.86,1.88312334,16.86,2.875628305
16.87,3.292,16.87,2.727789638,16.87,2.887447293
16.88,3.284,16.88,2.07063995,16.88,2.887321553
16.89,3.282,16.89,2.603473129,16.89,2.88020468
16.9,3.284,16.9,1.991415395,16.9,2.885896192
16.91,3.296,16.91,2.334901759,16.91,2.884668472
16.92,3.296,16.92,2.360218939,16.92,2.867187834
16.93,3.289,16.93,2.243127559,16.93,2.82779356
16.94,3.295,16.94,2.135375908,16.94,2.844755195
16.95,3.294,16.95,2.00269966,16.95,2.979160138
16.96,3.276,16.96,2.721339651,16.96,3.06324057
16.97,3.235,16.97,1.861141117,16.97,2.942254451
16.98,3.251,16.98,2.472331378,16.98,2.760398183
16.99,3.388,16.99,1.96290384,16.99,2.744374422
17,3.477,17,2.323491028,17,2.818367388
17.01,3.358,17.01,2.0038896,17.01,2.87180678
17.02,3.174,17.02,2.165807446,17.02,2.89100629
17.03,3.155,17.03,2.227469732,17.03,2.892973406
17.04,3.225,17.04,2.152302262,17.04,2.889621039
17.05,3.274,17.05,2.338299571,17.05,2.891830709
17.06,3.292,17.06,1.977793874,17.06,2.8921674
17.07,3.297,17.07,2.460471517,17.07,2.897764018
17.08,3.297,17.08,1.93091691,17.08,2.889705645
17.09,3.301,17.09,2.645621385,17.09,2.874070844
17.1,3.302,17.1,1.735650465,17.1,2.86186759
17.11,3.308,17.11,2.022283874,17.11,2.873359227
17.12,3.3,17.12,1.964511139,17.12,2.888564856
17.13,3.284,17.13,2.009950875,17.13,2.888577175
17.14,3.271,17.14,2.201296571,17.14,2.888241283
17.15,3.282,17.15,1.846227964,17.15,2.882769283
17.16,3.297,17.16,2.429987818,17.16,2.876710344
17.17,3.297,17.17,1.398904377,17.17,2.890615776
17.18,3.297,17.18,2.127632262,17.18,2.89928523
17.19,3.292,17.19,1.885365029,17.19,2.9077156
17.2,3.286,17.2,2.0728339,17.2,2.901229386
17.21,3.3,17.21,1.736512982,17.21,2.889914646
17.22,3.309,17.22,1.90811442,17.22,2.884089736
17.23,3.318,17.23,1.873572329,17.23,2.873748195
17.24,3.312,17.24,1.990100241,17.24,2.874578191
17.25,3.301,17.25,1.888744736,17.25,2.870385851
17.26,3.295,17.26,1.256550781,17.26,2.87577643
17.27,3.284,17.27,1.792317354,17.27,2.884788955
17.28,3.284,17.28,1.531616458,17.28,2.883575651
17.29,3.279,17.29,2.132110653,17.29,2.87363999
17.3,3.284,17.3,1.60962745,17.3,2.867755572
17.31,3.293,17.31,2.02036468,17.31,2.867977239
17.32,3.292,17.32,1.649937311,17.32,2.87519889
17.33,3.282,17.33,1.866805169,17.33,2.883177583
17.34,3.276,17.34,1.863101226,17.34,2.888773904
17.35,3.276,17.35,1.761701767,17.35,2.887280705
17.36,3.283,17.36,2.314805765,17.36,2.884858552
17.37,3.291,17.37,1.594231077,17.37,2.87779672
17.38,3.297,17.38,2.134513361,17.38,2.880830646
17.39,3.296,17.39,1.319886421,17.39,2.88392071
17.4,3.294,17.4,1.793555345,17.4,2.884951284
17.41,3.287,17.41,1.666950858,17.41,2.88202206
17.42,3.29,17.42,1.746391213,17.42,2.896532274
17.43,3.293,17.43,1.374904201,17.43,2.8854257
17.44,3.294,17.44,1.526163608,17.44,2.872722639
17.45,3.291,17.45,1.728600011,17.45,2.872079384
17.46,3.306,17.46,1.16413418,17.46,2.878183267
17.47,3.295,17.47,1.801984064,17.47,2.887373063
17.48,3.282,17.48,1.489010262,17.48,2.889261796
17.49,3.281,17.49,1.900981844,17.49,2.89081196
17.5,3.287,17.5,1.445176271,17.5,2.8835479
17.51,3.296,17.51,2.028823373,17.51,2.878555013
17.52,3.298,17.52,1.849478137,17.52,2.876820685
17.53,3.3,17.53,1.807997807,17.53,2.870303327
17.54,3.293,17.54,1.885136562,17.54,2.867892728
17.55,3.288,17.55,1.284242989,17.55,2.88096141
17.56,3.286,17.56,1.903636031,17.56,2.884807513
17.57,3.279,17.57,1.437912373,17.57,2.879742201
17.58,3.276,17.58,2.104057218,17.58,2.882454009
17.59,3.289,17.59,1.429277636,17.59,2.894760906
17.6,3.293,17.6,1.964095962,17.6,2.887563749
17.61,3.288,17.61,1.485554548,17.61,2.878700474
17.62,3.291,17.62,1.782679019,17.62,2.878734494
17.63,3.304,17.63,1.551124161,17.63,2.885637483
17.64,3.297,17.64,1.308065128,17.64,2.887777475
17.65,3.288,17.65,1.849975385,17.65,2.881918221
17.66,3.288,17.66,1.129074931,17.66,2.872125167
17.67,3.295,17.67,1.610563752,17.67,2.865511545
17.68,3.297,17.68,0.994212574,17.68,2.833921489
17.69,3.291,17.69,1.457003138,17.69,2.829477391
17.7,3.281,17.7,1.364403988,17.7,2.936943946
17.71,3.274,17.71,2.015562286,17.71,3.079276772
17.72,3.241,17.72,1.506250159,17.72,3.006479523
17.73,3.235,17.73,1.561508302,17.73,2.788951017
17.74,3.344,17.74,1.636224521,17.74,2.730950422
17.75,3.492,17.75,1.337051766,17.75,2.798528608
17.76,3.423,17.76,1.816470814,17.76,2.859657841
17.77,3.204,17.77,1.462503837,17.77,2.898141859
17.78,3.143,17.78,2.093413835,17.78,2.898638031
17.79,3.207,17.79,1.490935604,17.79,2.892909942
17.8,3.263,17.8,2.182945413,17.8,2.88977197
17.81,3.299,17.81,1.498606385,17.81,2.873372124
17.82,3.302,17.82,1.80154881,17.82,2.889356077
17.83,3.3,17.83,2.029541938,17.83,2.898180269
17.84,3.299,17.84,1.844828497,17.84,2.885290253
17.85,3.283,17.85,2.010872179,17.85,2.877605879
17.86,3.299,17.86,1.476003425,17.86,2.876585308
17.87,3.308,17.87,2.104284292,17.87,2.87204292
17.88,3.295,17.88,1.343171129,17.88,2.88533667
17.89,3.287,17.89,2.065478102,17.89,2.888258845
17.9,3.286,17.9,1.609555534,17.9,2.879233979
17.91,3.281,17.91,2.214689292,17.91,2.873360828
17.92,3.294,17.92,1.869615233,17.92,2.878237035
17.93,3.297,17.93,1.917030913,17.93,2.904679124
17.94,3.288,17.94,2.305509715,17.94,2.904210083
17.95,3.282,17.95,1.899196705,17.95,2.906468209
17.96,3.287,17.96,2.679148979,17.96,2.895911531
17.97,3.314,17.97,1.727208436,17.97,2.887680129
17.98,3.314,17.98,2.396907173,17.98,2.88125539
17.99,3.317,17.99,1.826176771,17.99,2.86914967
18,3.307,18,2.197400157,18,2.869105476
18.01,3.299,18.01,1.841515835,18.01,2.876621994
18.02,3.292,18.02,1.763445901,18.02,2.86914861
18.03,3.279,18.03,2.083122057,18.03,2.878259939
18.04,3.278,18.04,1.658705025,18.04,2.881011112
18.05,3.285,18.05,1.844892145,18.05,2.882677832
18.06,3.277,18.06,1.57756703,18.06,2.886418393
18.07,3.286,18.07,2.280211466,18.07,2.878200749
18.08,3.289,18.08,1.429639534,18.08,2.869428961
18.09,3.291,18.09,2.119920138,18.09,2.870695271
18.1,3.295,18.1,1.819776974,18.1,2.893376262
18.11,3.287,18.11,2.009842778,18.11,2.896077626
18.12,3.278,18.12,1.895419716,18.12,2.888791034
18.13,3.279,18.13,1.861613008,18.13,2.87762752
18.14,3.302,18.14,2.07483221,18.14,2.883322616
18.15,3.305,18.15,1.722178992,18.15,2.876729143
18.16,3.298,18.16,2.031813085,18.16,2.880095739
18.17,3.287,18.17,1.566931667,18.17,2.881283911
18.18,3.293,18.18,2.166142267,18.18,2.87634094
18.19,3.286,18.19,1.460984707,18.19,2.881401823
18.2,3.289,18.2,1.980843452,18.2,2.883253922
18.21,3.29,18.21,1.622953802,18.21,2.887062835
18.22,3.285,18.22,2.189241172,18.22,2.889828338
18.23,3.29,18.23,1.918808613,18.23,2.87878207
18.24,3.292,18.24,1.759215017,18.24,2.879821083
18.25,3.296,18.25,2.075167917,18.25,2.876991418
18.26,3.299,18.26,1.577957474,18.26,2.877230761
18.27,3.288,18.27,2.276549497,18.27,2.886297286
18.28,3.289,18.28,1.607092798,18.28,2.886113839
18.29,3.286,18.29,2.283622942,18.29,2.885955488
18.3,3.286,18.3,1.71448502,18.3,2.881852006
18.31,3.295,18.31,2.242941888,18.31,2.888558468
18.32,3.295,18.32,1.945325139,18.32,2.884587583
18.33,3.295,18.33,2.247290565,18.33,2.876820538
18.34,3.291,18.34,2.221852145,18.34,2.872189448
18.35,3.298,18.35,1.759600975,18.35,2.87634432
18.36,3.294,18.36,2.357395832,18.36,2.874701898
18.37,3.286,18.37,1.709304316,18.37,2.875927436
18.38,3.281,18.38,2.279544251,18.38,2.876947977
18.39,3.285,18.39,1.967929101,18.39,2.889503116
18.4,3.283,18.4,2.74750479,18.4,2.894033998
18.41,3.284,18.41,2.437415207,18.41,2.874065681
18.42,3.285,18.42,2.613614606,18.42,2.874123895
18.43,3.298,18.43,2.491950456,18.43,2.881024635
18.44,3.303,18.44,2.24475615,18.44,2.878277765
18.45,3.283,18.45,2.692094622,18.45,2.857229805
18.46,3.283,18.46,2.387112653,18.46,2.83629432
18.47,3.29,18.47,2.708283014,18.47,2.860680144
18.48,3.287,18.48,2.4124551,18.48,3.025682403
18.49,3.265,18.49,2.92968531,18.49,3.063620523
18.5,3.243,18.5,2.221834655,18.5,2.893713232
18.51,3.267,18.51,2.568546084,18.51,2.733805704
18.52,3.436,18.52,2.455106581,18.52,2.746095229
18.53,3.479,18.53,2.70473035,18.53,2.830807597
18.54,3.31,18.54,2.753772435,18.54,2.875190283
18.55,3.147,18.55,2.603667042,18.55,2.89517177
18.56,3.156,18.56,2.822549967,18.56,2.898379172
18.57,3.236,18.57,2.329220979,18.57,2.889064417
18.58,3.276,18.58,3.074529718,18.58,2.893485316
18.59,3.296,18.59,2.330751775,18.59,2.896749253
18.6,3.303,18.6,2.947846212,18.6,2.890633706
18.61,3.297,18.61,2.423584,18.61,2.880952452
18.62,3.303,18.62,2.489399189,18.62,2.876261667
18.63,3.307,18.63,2.64701445,18.63,2.880583491
18.64,3.301,18.64,2.300859642,18.64,2.887793264
18.65,3.291,18.65,2.767189482,18.65,2.877155948
18.66,3.286,18.66,2.216505924,18.66,2.868523619
18.67,3.29,18.67,2.765563477,18.67,2.875588719
18.68,3.297,18.68,2.090684712,18.68,2.882545086
18.69,3.286,18.69,2.537316549,18.69,2.891413136
18.7,3.277,18.7,1.978664136,18.7,2.893969911
18.71,3.284,18.71,2.127706424,18.71,2.892365998
18.72,3.291,18.72,1.954259257,18.72,2.893889319
18.73,3.3,18.73,2.212545594,18.73,2.896504356
18.74,3.303,18.74,2.317788515,18.74,2.897304001
18.75,3.302,18.75,1.776785225,18.75,2.89523236
18.76,3.304,18.76,2.027673239,18.76,2.876650383
18.77,3.307,18.77,1.806702402,18.77,2.878067864
18.78,3.308,18.78,2.35365787,18.78,2.872707572
18.79,3.306,18.79,1.76331926,18.79,2.876246461
18.8,3.287,18.8,2.089529851,18.8,2.879658142
18.81,3.288,18.81,1.720016095,18.81,2.87962257
18.82,3.282,18.82,2.091770478,18.82,2.885454833
18.83,3.285,18.83,2.370438375,18.83,2.88029534
18.84,3.288,18.84,1.76465707,18.84,2.872416114
18.85,3.288,18.85,2.21839437,18.85,2.877473327
18.86,3.294,18.86,1.836334845,18.86,2.87557933
18.87,3.289,18.87,2.44608612,18.87,2.881646358
18.88,3.281,18.88,1.968661378,18.88,2.886477901
18.89,3.286,18.89,2.437541526,18.89,2.880289508
18.9,3.284,18.9,2.102540512,18.9,2.877302837
18.91,3.29,18.91,2.222183524,18.91,2.879222004
18.92,3.295,18.92,1.917832244,18.92,2.876351575
18.93,3.289,18.93,1.802128125,18.93,2.890212183
18.94,3.286,18.94,2.004350396,18.94,2.893845283
18.95,3.288,18.95,1.579233963,18.95,2.879787036
18.96,3.285,18.96,2.046409308,18.96,2.873946856
18.97,3.299,18.97,1.511661509,18.97,2.871117264
18.98,3.303,18.98,2.296734176,18.98,2.887152508
18.99,3.289,18.99,1.463177965,18.99,2.884363881
19,3.283,19,2.219813448,19,2.884244827
19.01,3.28,19.01,2.000843825,19.01,2.883042731
19.02,3.296,19.02,2.668602623,19.02,2.884714206
19.03,3.293,19.03,2.558149698,19.03,2.88086492
19.04,3.293,19.04,0.508727022,19.04,2.880940106
19.05,3.292,19.05,3.153827555,19.05,2.881990991
19.06,3.294,19.06,2.384380371,19.06,2.886878764
19.07,3.29,19.07,1.852670392,19.07,2.880005508
19.08,3.29,19.08,1.585641876,19.08,2.875168623
19.09,3.291,19.09,2.216566785,19.09,2.881173104
19.1,3.296,19.1,2.177362399,19.1,2.892872704
19.11,3.289,19.11,2.323596195,19.11,2.882960423
19.12,3.284,19.12,2.545182619,19.12,2.873155869
19.13,3.29,19.13,2.308882655,19.13,2.87324533
19.14,3.302,19.14,2.135933917,19.14,2.874427632
19.15,3.292,19.15,2.829603003,19.15,2.884600008
19.16,3.282,19.16,2.987405454,19.16,2.883577128
19.17,3.282,19.17,1.699551209,19.17,2.879433234
19.18,3.283,19.18,2.895155128,19.18,2.883196754
19.19,3.293,19.19,1.861140445,19.19,2.882014035
19.2,3.292,19.2,1.816656596,19.2,2.884001582
19.21,3.288,19.21,2.475439322,19.21,2.887867708
19.22,3.292,19.22,2.838611915,19.22,2.883752431
19.23,3.291,19.23,2.201478426,19.23,2.880810278
19.24,3.293,19.24,3.011522023,19.24,2.882794898
19.25,3.297,19.25,2.559959174,19.25,2.865302427
19.26,3.293,19.26,2.007068764,19.26,2.829866156
19.27,3.29,19.27,2.735902977,19.27,2.859515703
19.28,3.292,19.28,2.344216971,19.28,3.019694118
19.29,3.274,19.29,2.717876748,19.29,3.070543898
19.3,3.237,19.3,2.127423677,19.3,2.892875108
19.31,3.266,19.31,2.682406277,19.31,2.736737315
19.32,3.43,19.32,2.174538921,19.32,2.746992221
19.33,3.486,19.33,2.081235596,19.33,2.814995563
19.34,3.309,19.34,2.039066531,19.34,2.871634747
19.35,3.15,19.35,1.33687636,19.35,2.899479299
19.36,3.157,19.36,1.705712287,19.36,2.897755965
19.37,3.22,19.37,0.390850285,19.37,2.89042634
19.38,3.272,19.38,0.659678623,19.38,2.900296734
19.39,3.3,19.39,-0.222580737,19.39,2.894528931
