Time,Original,Time,Noisy,Time,RLS Filtered
0.01,3.29,0.01,3.391705098,0.01,3.304542594
0.02,3.302,0.02,3.537705098,0.02,3.29758066
0.03,3.308,0.03,3.598,0.03,3.296633002
0.04,3.306,0.04,3.539705098,0.04,3.29220749
0.05,3.299,0.05,3.383705098,0.05,3.284612555
0.06,3.295,0.06,3.188294902,0.06,3.275457406
0.07,3.298,0.07,3.041294902,0.07,3.28141934
0.08,3.297,0.08,2.979,0.08,3.280366998
0.09,3.291,0.09,3.041294902,0.09,3.28879251
0.1,3.281,0.1,3.198294902,0.1,3.297387445
0.11,3.284,0.11,3.380705098,0.11,3.293542594
0.12,3.279,0.12,3.529705098,0.12,3.28958066
0.13,3.284,0.13,3.592,0.13,3.290633002
0.14,3.291,0.14,3.530705098,0.14,3.28320749
0.15,3.288,0.15,3.378705098,0.15,3.279612555
0.16,3.287,0.16,3.201294902,0.16,3.288457406
0.17,3.292,0.17,3.047294902,0.17,3.28741934
0.18,3.288,0.18,2.996,0.18,3.297366998
0.19,3.286,0.19,3.046294902,0.19,3.29379251
0.2,3.294,0.2,3.191294902,0.2,3.290387445
0.21,3.29,0.21,3.384705098,0.21,3.297542594
0.22,3.296,0.22,3.531705098,0.22,3.29158066
0.23,3.289,0.23,3.583,0.23,3.281633002
0.24,3.284,0.24,3.525705098,0.24,3.27820749
0.25,3.292,0.25,3.386705098,0.25,3.287612555
0.26,3.289,0.26,3.203294902,0.26,3.290457406
0.27,3.283,0.27,3.048294902,0.27,3.28841934
0.28,3.283,0.28,2.991,0.28,3.292366998
0.29,3.294,0.29,3.044294902,0.29,3.29179251
0.3,3.296,0.3,3.191294902,0.3,3.290387445
0.31,3.291,0.31,3.379705098,0.31,3.292542594
0.32,3.291,0.32,3.533705098,0.32,3.29358066
0.33,3.287,0.33,3.589,0.33,3.287633002
0.34,3.284,0.34,3.525705098,0.34,3.27820749
0.35,3.287,0.35,3.372705098,0.35,3.273612555
0.36,3.291,0.36,3.183294902,0.36,3.270457406
0.37,3.289,0.37,3.037294902,0.37,3.27741934
0.38,3.283,0.38,2.987,0.38,3.288366998
0.39,3.28,0.39,3.048294902,0.39,3.29579251
0.4,3.276,0.4,3.197294902,0.4,3.296387445
0.41,3.28,0.41,3.399705098,0.41,3.312542594
0.42,3.287,0.42,3.551705098,0.42,3.31158066
0.43,3.291,0.43,3.601,0.43,3.299633002
0.44,3.29,0.44,3.549705098,0.44,3.30220749
0.45,3.307,0.45,3.395705098,0.45,3.296612555
0.46,3.309,0.46,3.197294902,0.46,3.284457406
0.47,3.301,0.47,3.041294902,0.47,3.28141934
0.48,3.307,0.48,2.989,0.48,3.290366998
0.49,3.303,0.49,3.063294902,0.49,3.31079251
0.5,3.29,0.5,3.220294902,0.5,3.319387445
0.51,3.284,0.51,3.384705098,0.51,3.297542594
0.52,3.289,0.52,3.534705098,0.52,3.29458066
0.53,3.306,0.53,3.589,0.53,3.287633002
0.54,3.313,0.54,3.533705098,0.54,3.28620749
0.55,3.292,0.55,3.388705098,0.55,3.289612555
0.56,3.292,0.56,3.201294902,0.56,3.288457406
0.57,3.289,0.57,3.056294902,0.57,3.29641934
0.58,3.291,0.58,2.994,0.58,3.295366998
0.59,3.296,0.59,3.039294902,0.59,3.28679251
0.6,3.294,0.6,3.187294902,0.6,3.286387445
0.61,3.299,0.61,3.376705098,0.61,3.289542594
0.62,3.294,0.62,3.527705098,0.62,3.28758066
0.63,3.282,0.63,3.581,0.63,3.279633002
0.64,3.28,0.64,3.518705098,0.64,3.27120749
0.65,3.284,0.65,3.351705098,0.65,3.252612555
0.66,3.285,0.66,3.145294902,0.66,3.232457406
0.67,3.281,0.67,3.020294902,0.67,3.26041934
0.68,3.276,0.68,3.137,0.68,3.438366998
0.69,3.259,0.69,3.260294902,0.69,3.50779251
0.7,3.238,0.7,3.239294902,0.7,3.338387445
0.71,3.263,0.71,3.239705098,0.71,3.152542594
0.72,3.437,0.72,3.381705098,0.72,3.14158066
0.73,3.503,0.73,3.522,0.73,3.220633002
0.74,3.332,0.74,3.516705098,0.74,3.26920749
0.75,3.147,0.75,3.377705098,0.75,3.278612555
0.76,3.139,0.76,3.201294902,0.76,3.288457406
0.77,3.222,0.77,3.054294902,0.77,3.29441934
0.78,3.274,0.78,3.011,0.78,3.312366998
0.79,3.285,0.79,3.071294902,0.79,3.31879251
0.8,3.294,0.8,3.207294902,0.8,3.306387445
0.81,3.297,0.81,3.395705098,0.81,3.308542594
0.82,3.311,0.82,3.538705098,0.82,3.29858066
0.83,3.314,0.83,3.59,0.83,3.288633002
0.84,3.3,0.84,3.528705098,0.84,3.28120749
0.85,3.303,0.85,3.368705098,0.85,3.269612555
0.86,3.296,0.86,3.189294902,0.86,3.276457406
0.87,3.29,0.87,3.041294902,0.87,3.28141934
0.88,3.286,0.88,2.987,0.88,3.288366998
0.89,3.276,0.89,3.054294902,0.89,3.30179251
0.9,3.282,0.9,3.214294902,0.9,3.313387445
0.91,3.284,0.91,3.399705098,0.91,3.312542594
0.92,3.287,0.92,3.555705098,0.92,3.31558066
0.93,3.297,0.93,3.61,0.93,3.308633002
0.94,3.307,0.94,3.544705098,0.94,3.29720749
0.95,3.307,0.95,3.402705098,0.95,3.303612555
0.96,3.313,0.96,3.195294902,0.96,3.282457406
0.97,3.31,0.97,3.044294902,0.97,3.28441934
0.98,3.302,0.98,2.976,0.98,3.277366998
0.99,3.31,0.99,3.038294902,0.99,3.28579251
1,3.288,1,3.204294902,1,3.303387445
1.01,3.287,1.01,3.385705098,1.01,3.298542594
1.02,3.276,1.02,3.530705098,1.02,3.29058066
1.03,3.281,1.03,3.57,1.03,3.268633002
1.04,3.297,1.04,3.526705098,1.04,3.27920749
1.05,3.293,1.05,3.373705098,1.05,3.274612555
1.06,3.288,1.06,3.203294902,1.06,3.290457406
1.07,3.27,1.07,3.044294902,1.07,3.28441934
1.08,3.284,1.08,2.993,1.08,3.294366998
1.09,3.281,1.09,3.049294902,1.09,3.29679251
1.1,3.296,1.1,3.201294902,1.1,3.300387445
1.11,3.287,1.11,3.386705098,1.11,3.299542594
1.12,3.293,1.12,3.538705098,1.12,3.29858066
1.13,3.292,1.13,3.589,1.13,3.287633002
1.14,3.294,1.14,3.532705098,1.14,3.28520749
1.15,3.294,1.15,3.383705098,1.15,3.284612555
1.16,3.296,1.16,3.194294902,1.16,3.281457406
1.17,3.289,1.17,3.049294902,1.17,3.28941934
1.18,3.29,1.18,2.997,1.18,3.298366998
1.19,3.291,1.19,3.061294902,1.19,3.30879251
1.2,3.287,1.2,3.202294902,1.2,3.301387445
1.21,3.292,1.21,3.372705098,1.21,3.285542594
1.22,3.297,1.22,3.530705098,1.22,3.29058066
1.23,3.304,1.23,3.592,1.23,3.290633002
1.24,3.295,1.24,3.518705098,1.24,3.27120749
1.25,3.28,1.25,3.377705098,1.25,3.278612555
1.26,3.288,1.26,3.195294902,1.26,3.282457406
1.27,3.292,1.27,3.046294902,1.27,3.28641934
1.28,3.276,1.28,2.995,1.28,3.296366998
1.29,3.285,1.29,3.051294902,1.29,3.29879251
1.3,3.288,1.3,3.199294902,1.3,3.298387445
1.31,3.289,1.31,3.385705098,1.31,3.298542594
1.32,3.295,1.32,3.534705098,1.32,3.29458066
1.33,3.294,1.33,3.59,1.33,3.288633002
1.34,3.292,1.34,3.527705098,1.34,3.28020749
1.35,3.293,1.35,3.374705098,1.35,3.275612555
1.36,3.292,1.36,3.204294902,1.36,3.291457406
1.37,3.29,1.37,3.051294902,1.37,3.29141934
1.38,3.285,1.38,2.997,1.38,3.298366998
1.39,3.282,1.39,3.061294902,1.39,3.30879251
1.4,3.297,1.4,3.207294902,1.4,3.306387445
1.41,3.294,1.41,3.380705098,1.41,3.293542594
1.42,3.297,1.42,3.512705098,1.42,3.27258066
1.43,3.304,1.43,3.573,1.43,3.271633002
1.44,3.3,1.44,3.529705098,1.44,3.28220749
1.45,3.288,1.45,3.387705098,1.45,3.288612555
1.46,3.27,1.46,3.199294902,1.46,3.286457406
1.47,3.273,1.47,3.056294902,1.47,3.29641934
1.48,3.287,1.48,2.987,1.48,3.288366998
1.49,3.295,1.49,3.046294902,1.49,3.29379251
1.5,3.292,1.5,3.202294902,1.5,3.301387445
1.51,3.299,1.51,3.362705098,1.51,3.275542594
1.52,3.287,1.52,3.479705098,1.52,3.23958066
1.53,3.289,1.53,3.555,1.53,3.253633002
1.54,3.295,1.54,3.622705098,1.54,3.37520749
1.55,3.27,1.55,3.580705098,1.55,3.481612555
1.56,3.237,1.56,3.304294902,1.56,3.391457406
1.57,3.255,1.57,2.956294902,1.57,3.19641934
1.58,3.38,1.58,2.833,1.58,3.134366998
1.59,3.488,1.59,2.944294902,1.59,3.19179251
1.6,3.397,1.6,3.161294902,1.6,3.260387445
1.61,3.199,1.61,3.390705098,1.61,3.303542594
1.62,3.133,1.62,3.552705098,1.62,3.31258066
1.63,3.187,1.63,3.609,1.63,3.307633002
1.64,3.254,1.64,3.553705098,1.64,3.30620749
1.65,3.298,1.65,3.398705098,1.65,3.299612555
1.66,3.31,1.66,3.206294902,1.66,3.293457406
1.67,3.309,1.67,3.050294902,1.67,3.29041934
1.68,3.311,1.68,2.985,1.68,3.286366998
1.69,3.306,1.69,3.038294902,1.69,3.28579251
1.7,3.299,1.7,3.201294902,1.7,3.300387445
1.71,3.293,1.71,3.383705098,1.71,3.296542594
1.72,3.285,1.72,3.535705098,1.72,3.29558066
1.73,3.281,1.73,3.579,1.73,3.277633002
1.74,3.294,1.74,3.527705098,1.74,3.28020749
1.75,3.291,1.75,3.383705098,1.75,3.284612555
1.76,3.293,1.76,3.202294902,1.76,3.289457406
1.77,3.279,1.77,3.060294902,1.77,3.30041934
1.78,3.285,1.78,3.006,1.78,3.307366998
1.79,3.291,1.79,3.072294902,1.79,3.31979251
1.8,3.295,1.8,3.208294902,1.8,3.307387445
1.81,3.303,1.81,3.390705098,1.81,3.303542594
1.82,3.306,1.82,3.530705098,1.82,3.29058066
1.83,3.315,1.83,3.585,1.83,3.283633002
1.84,3.301,1.84,3.539705098,1.84,3.29220749
1.85,3.298,1.85,3.386705098,1.85,3.287612555
1.86,3.288,1.86,3.193294902,1.86,3.280457406
1.87,3.285,1.87,3.036294902,1.87,3.27641934
1.88,3.297,1.88,2.991,1.88,3.292366998
1.89,3.294,1.89,3.048294902,1.89,3.29579251
1.9,3.286,1.9,3.201294902,1.9,3.300387445
1.91,3.279,1.91,3.383705098,1.91,3.296542594
1.92,3.291,1.92,3.524705098,1.92,3.28458066
1.93,3.291,1.93,3.577,1.93,3.275633002
1.94,3.294,1.94,3.528705098,1.94,3.28120749
1.95,3.291,1.95,3.385705098,1.95,3.286612555
1.96,3.282,1.96,3.206294902,1.96,3.293457406
1.97,3.277,1.97,3.053294902,1.97,3.29341934
1.98,3.286,1.98,2.992,1.98,3.293366998
1.99,3.293,1.99,3.041294902,1.99,3.28879251
2,3.299,2,3.209294902,2,3.308387445
2.01,3.296,2.01,3.383705098,2.01,3.296542594
2.02,3.292,2.02,3.527705098,2.02,3.28758066
2.03,3.284,2.03,3.579,2.03,3.277633002
2.04,3.302,2.04,3.530705098,2.04,3.28320749
2.05,3.291,2.05,3.390705098,2.05,3.291612555
2.06,3.285,2.06,3.194294902,2.06,3.281457406
2.07,3.279,2.07,3.046294902,2.07,3.28641934
2.08,3.288,2.08,2.999,2.08,3.300366998
2.09,3.298,2.09,3.050294902,2.09,3.29779251
2.1,3.287,2.1,3.192294902,2.1,3.291387445
2.11,3.289,2.11,3.386705098,2.11,3.299542594
2.12,3.299,2.12,3.545705098,2.12,3.30558066
2.13,3.293,2.13,3.595,2.13,3.293633002
2.14,3.285,2.14,3.536705098,2.14,3.28920749
2.15,3.294,2.15,3.373705098,2.15,3.274612555
2.16,3.303,2.16,3.186294902,2.16,3.273457406
2.17,3.295,2.17,3.043294902,2.17,3.28341934
2.18,3.294,2.18,2.989,2.18,3.290366998
2.19,3.281,2.19,3.052294902,2.19,3.29979251
2.2,3.279,2.2,3.209294902,2.2,3.308387445
2.21,3.286,2.21,3.392705098,2.21,3.305542594
2.22,3.289,2.22,3.530705098,2.22,3.29058066
2.23,3.295,2.23,3.585,2.23,3.283633002
2.24,3.302,2.24,3.524705098,2.24,3.27720749
2.25,3.3,2.25,3.377705098,2.25,3.278612555
2.26,3.288,2.26,3.196294902,2.26,3.283457406
2.27,3.285,2.27,3.054294902,2.27,3.29441934
2.28,3.282,2.28,2.99,2.28,3.291366998
2.29,3.285,2.29,3.048294902,2.29,3.29579251
2.3,3.289,2.3,3.161294902,2.3,3.260387445
2.31,3.297,2.31,3.335705098,2.31,3.248542594
2.32,3.29,2.32,3.531705098,2.32,3.29158066
2.33,3.291,2.33,3.759,2.33,3.457633002
2.34,3.254,2.34,3.710705098,2.34,3.46320749
2.35,3.243,2.35,3.368705098,2.35,3.269612555
2.36,3.289,2.36,3.041294902,2.36,3.128457406
2.37,3.459,2.37,2.917294902,2.37,3.15741934
2.38,3.468,2.38,2.952,2.38,3.253366998
2.39,3.276,2.39,3.042294902,2.39,3.28979251
2.4,3.134,2.4,3.187294902,2.4,3.286387445
2.41,3.16,2.41,3.389705098,2.41,3.302542594
2.42,3.252,2.42,3.547705098,2.42,3.30758066
2.43,3.285,2.43,3.609,2.43,3.307633002
2.44,3.28,2.44,3.537705098,2.44,3.29020749
2.45,3.297,2.45,3.389705098,2.45,3.290612555
2.46,3.305,2.46,3.197294902,2.46,3.284457406
2.47,3.309,2.47,3.048294902,2.47,3.28841934
2.48,3.295,2.48,2.999,2.48,3.300366998
2.49,3.297,2.49,3.041294902,2.49,3.28879251
2.5,3.29,2.5,3.186294902,2.5,3.285387445
2.51,3.291,2.51,3.370705098,2.51,3.283542594
2.52,3.299,2.52,3.533705098,2.52,3.29358066
2.53,3.284,2.53,3.587,2.53,3.285633002
2.54,3.279,2.54,3.530705098,2.54,3.28320749
2.55,3.278,2.55,3.399705098,2.55,3.300612555
2.56,3.291,2.56,3.219294902,2.56,3.306457406
2.57,3.287,2.57,3.075294902,2.57,3.31541934
2.58,3.288,2.58,3.019,2.58,3.320366998
2.59,3.307,2.59,3.062294902,2.59,3.30979251
2.6,3.312,2.6,3.199294902,2.6,3.298387445
2.61,3.318,2.61,3.382705098,2.61,3.295542594
2.62,3.319,2.62,3.526705098,2.62,3.28658066
2.63,3.305,2.63,3.581,2.63,3.279633002
2.64,3.292,2.64,3.526705098,2.64,3.27920749
2.65,3.29,2.65,3.386705098,2.65,3.287612555
2.66,3.284,2.66,3.192294902,2.66,3.279457406
2.67,3.281,2.67,3.034294902,2.67,3.27441934
2.68,3.284,2.68,2.98,2.68,3.281366998
2.69,3.294,2.69,3.056294902,2.69,3.30379251
2.7,3.285,2.7,3.197294902,2.7,3.296387445
2.71,3.277,2.71,3.373705098,2.71,3.286542594
2.72,3.28,2.72,3.535705098,2.72,3.29558066
2.73,3.299,2.73,3.588,2.73,3.286633002
2.74,3.29,2.74,3.528705098,2.74,3.28120749
2.75,3.281,2.75,3.380705098,2.75,3.281612555
2.76,3.293,2.76,3.190294902,2.76,3.277457406
2.77,3.288,2.77,3.053294902,2.77,3.29341934
2.78,3.286,2.78,3.006,2.78,3.307366998
2.79,3.288,2.79,3.054294902,2.79,3.30179251
2.8,3.283,2.8,3.207294902,2.8,3.306387445
2.81,3.296,2.81,3.386705098,2.81,3.299542594
2.82,3.306,2.82,3.528705098,2.82,3.28858066
2.83,3.297,2.83,3.586,2.83,3.284633002
2.84,3.3,2.84,3.525705098,2.84,3.27820749
2.85,3.294,2.85,3.380705098,2.85,3.281612555
2.86,3.286,2.86,3.188294902,2.86,3.275457406
2.87,3.286,2.87,3.042294902,2.87,3.28241934
2.88,3.283,2.88,2.996,2.88,3.297366998
2.89,3.288,2.89,3.050294902,2.89,3.29779251
2.9,3.281,2.9,3.202294902,2.9,3.301387445
2.91,3.285,2.91,3.384705098,2.91,3.297542594
2.92,3.296,2.92,3.530705098,2.92,3.29058066
2.93,3.293,2.93,3.587,2.93,3.285633002
2.94,3.295,2.94,3.531705098,2.94,3.28420749
2.95,3.292,2.95,3.388705098,2.95,3.289612555
2.96,3.288,2.96,3.205294902,2.96,3.292457406
2.97,3.287,2.97,3.042294902,2.97,3.28241934
2.98,3.289,2.98,2.99,2.98,3.291366998
2.99,3.296,2.99,3.049294902,2.99,3.29679251
3,3.298,3,3.201294902,3,3.300387445
3.01,3.285,3.01,3.387705098,3.01,3.300542594
3.02,3.29,3.02,3.533705098,3.02,3.29358066
3.03,3.292,3.03,3.579,3.03,3.277633002
3.04,3.294,3.04,3.524705098,3.04,3.27720749
3.05,3.295,3.05,3.381705098,3.05,3.282612555
3.06,3.291,3.06,3.186294902,3.06,3.273457406
3.07,3.279,3.07,3.046294902,3.07,3.28641934
3.08,3.282,3.08,2.974,3.08,3.275366998
3.09,3.289,3.09,2.999294902,3.09,3.24679251
3.1,3.279,3.1,3.163294902,3.1,3.262387445
3.11,3.289,3.11,3.513705098,3.11,3.426542594
3.12,3.274,3.12,3.732705098,3.12,3.49258066
3.13,3.242,3.13,3.619,3.13,3.317633002
3.14,3.256,3.14,3.403705098,3.14,3.15620749
3.15,3.421,3.15,3.252705098,3.15,3.153612555
3.16,3.49,3.16,3.128294902,3.16,3.215457406
3.17,3.319,3.17,3.029294902,3.17,3.26941934
3.18,3.161,3.18,3.007,3.18,3.308366998
3.19,3.16,3.19,3.073294902,3.19,3.32079251
3.2,3.221,3.2,3.220294902,3.2,3.319387445
3.21,3.272,3.21,3.402705098,3.21,3.315542594
3.22,3.307,3.22,3.544705098,3.22,3.30458066
3.23,3.316,3.23,3.59,3.23,3.288633002
3.24,3.313,3.24,3.529705098,3.24,3.28220749
3.25,3.31,3.25,3.373705098,3.25,3.274612555
3.26,3.302,3.26,3.190294902,3.26,3.277457406
3.27,3.29,3.27,3.043294902,3.27,3.28341934
3.28,3.287,3.28,2.991,3.28,3.292366998
3.29,3.281,3.29,3.036294902,3.29,3.28379251
3.3,3.283,3.3,3.206294902,3.3,3.305387445
3.31,3.286,3.31,3.397705098,3.31,3.310542594
3.32,3.291,3.32,3.534705098,3.32,3.29458066
3.33,3.279,3.33,3.592,3.33,3.290633002
3.34,3.299,3.34,3.549705098,3.34,3.30220749
3.35,3.305,3.35,3.404705098,3.35,3.305612555
3.36,3.292,3.36,3.213294902,3.36,3.300457406
3.37,3.292,3.37,3.061294902,3.37,3.30141934
3.38,3.307,3.38,2.994,3.38,3.295366998
3.39,3.312,3.39,3.048294902,3.39,3.29579251
3.4,3.306,3.4,3.188294902,3.4,3.287387445
3.41,3.304,3.41,3.378705098,3.41,3.291542594
3.42,3.294,3.42,3.524705098,3.42,3.28458066
3.43,3.291,3.43,3.583,3.43,3.281633002
3.44,3.281,3.44,3.531705098,3.44,3.28420749
3.45,3.286,3.45,3.384705098,3.45,3.285612555
3.46,3.282,3.46,3.185294902,3.46,3.272457406
3.47,3.283,3.47,3.038294902,3.47,3.27841934
3.48,3.289,3.48,3,3.48,3.301366998
3.49,3.292,3.49,3.053294902,3.49,3.30079251
3.5,3.278,3.5,3.193294902,3.5,3.292387445
3.51,3.281,3.51,3.377705098,3.51,3.290542594
3.52,3.3,3.52,3.538705098,3.52,3.29858066
3.53,3.296,3.53,3.593,3.53,3.291633002
3.54,3.286,3.54,3.533705098,3.54,3.28620749
3.55,3.285,3.55,3.380705098,3.55,3.281612555
3.56,3.296,3.56,3.195294902,3.56,3.282457406
3.57,3.293,3.57,3.046294902,3.57,3.28641934
3.58,3.291,3.58,2.989,3.58,3.290366998
3.59,3.288,3.59,3.051294902,3.59,3.29879251
3.6,3.288,3.6,3.207294902,3.6,3.306387445
3.61,3.289,3.61,3.383705098,3.61,3.296542594
3.62,3.289,3.62,3.533705098,3.62,3.29358066
3.63,3.294,3.63,3.595,3.63,3.293633002
3.64,3.3,3.64,3.532705098,3.64,3.28520749
3.65,3.291,3.65,3.378705098,3.65,3.279612555
3.66,3.291,3.66,3.211294902,3.66,3.298457406
3.67,3.295,3.67,3.054294902,3.67,3.29441934
3.68,3.29,3.68,2.996,3.68,3.297366998
3.69,3.286,3.69,3.044294902,3.69,3.29179251
3.7,3.304,3.7,3.197294902,3.7,3.296387445
3.71,3.297,3.71,3.375705098,3.71,3.288542594
3.72,3.296,3.72,3.535705098,3.72,3.29558066
3.73,3.287,3.73,3.59,3.73,3.288633002
3.74,3.29,3.74,3.530705098,3.74,3.28320749
3.75,3.283,3.75,3.378705098,3.75,3.279612555
3.76,3.293,3.76,3.202294902,3.76,3.289457406
3.77,3.29,3.77,3.061294902,3.77,3.30141934
3.78,3.288,3.78,2.998,3.78,3.299366998
3.79,3.286,3.79,3.050294902,3.79,3.29779251
3.8,3.295,3.8,3.197294902,3.8,3.296387445
3.81,3.304,3.81,3.370705098,3.81,3.283542594
3.82,3.298,3.82,3.521705098,3.82,3.28158066
3.83,3.293,3.83,3.593,3.83,3.291633002
3.84,3.29,3.84,3.525705098,3.84,3.27820749
3.85,3.278,3.85,3.377705098,3.85,3.278612555
3.86,3.279,3.86,3.174294902,3.86,3.261457406
3.87,3.293,3.87,3.000294902,3.87,3.24041934
3.88,3.283,3.88,2.963,3.88,3.264366998
3.89,3.285,3.89,3.160294902,3.89,3.40779251
3.9,3.267,3.9,3.403294902,3.9,3.502387445
3.91,3.243,3.91,3.448705098,3.91,3.361542594
3.92,3.263,3.92,3.403705098,3.92,3.16358066
3.93,3.403,3.93,3.437,3.93,3.135633002
3.94,3.496,3.94,3.461705098,3.94,3.21420749
3.95,3.356,3.95,3.361705098,3.95,3.262612555
3.96,3.161,3.96,3.195294902,3.96,3.282457406
3.97,3.137,3.97,3.062294902,3.97,3.30241934
3.98,3.219,3.98,3.005,3.98,3.306366998
3.99,3.269,3.99,3.066294902,3.99,3.31379251
4,3.288,4,3.202294902,4,3.301387445
4.01,3.305,4.01,3.380705098,4.01,3.293542594
4.02,3.305,4.02,3.524705098,4.02,3.28458066
4.03,3.309,4.03,3.586,4.03,3.284633002
4.04,3.295,4.04,3.536705098,4.04,3.28920749
4.05,3.288,4.05,3.389705098,4.05,3.290612555
4.06,3.282,4.06,3.195294902,4.06,3.282457406
4.07,3.286,4.07,3.036294902,4.07,3.27641934
4.08,3.294,4.08,2.971,4.08,3.272366998
4.09,3.297,4.09,3.034294902,4.09,3.28179251
4.1,3.288,4.1,3.187294902,4.1,3.286387445
4.11,3.279,4.11,3.394705098,4.11,3.307542594
4.12,3.271,4.12,3.565705098,4.12,3.32558066
4.13,3.277,4.13,3.627,4.13,3.325633002
4.14,3.28,4.14,3.557705098,4.14,3.31020749
4.15,3.302,4.15,3.395705098,4.15,3.296612555
4.16,3.323,4.16,3.206294902,4.16,3.293457406
4.17,3.327,4.17,3.055294902,4.17,3.29541934
4.18,3.315,4.18,2.994,4.18,3.295366998
4.19,3.303,4.19,3.041294902,4.19,3.28879251
4.2,3.299,4.2,3.186294902,4.2,3.285387445
4.21,3.298,4.21,3.371705098,4.21,3.284542594
4.22,3.294,4.22,3.533705098,4.22,3.29358066
4.23,3.284,4.23,3.593,4.23,3.291633002
4.24,3.279,4.24,3.528705098,4.24,3.28120749
4.25,3.279,4.25,3.376705098,4.25,3.277612555
4.26,3.291,4.26,3.200294902,4.26,3.287457406
4.27,3.293,4.27,3.047294902,4.27,3.28741934
4.28,3.286,4.28,2.98,4.28,3.281366998
4.29,3.284,4.29,3.048294902,4.29,3.29579251
4.3,3.293,4.3,3.201294902,4.3,3.300387445
4.31,3.29,4.31,3.379705098,4.31,3.292542594
4.32,3.28,4.32,3.534705098,4.32,3.29458066
4.33,3.291,4.33,3.588,4.33,3.286633002
4.34,3.294,4.34,3.532705098,4.34,3.28520749
4.35,3.287,4.35,3.399705098,4.35,3.300612555
4.36,3.292,4.36,3.217294902,4.36,3.304457406
4.37,3.288,4.37,3.049294902,4.37,3.28941934
4.38,3.29,4.38,2.995,4.38,3.296366998
4.39,3.307,4.39,3.042294902,4.39,3.28979251
4.4,3.31,4.4,3.194294902,4.4,3.293387445
4.41,3.292,4.41,3.377705098,4.41,3.290542594
4.42,3.295,4.42,3.534705098,4.42,3.29458066
4.43,3.285,4.43,3.598,4.43,3.296633002
4.44,3.287,4.44,3.539705098,4.44,3.29220749
4.45,3.285,4.45,3.379705098,4.45,3.280612555
4.46,3.292,4.46,3.195294902,4.46,3.282457406
4.47,3.298,4.47,3.051294902,4.47,3.29141934
4.48,3.297,4.48,2.993,4.48,3.294366998
4.49,3.287,4.49,3.040294902,4.49,3.28779251
4.5,3.288,4.5,3.190294902,4.5,3.289387445
4.51,3.294,4.51,3.380705098,4.51,3.293542594
4.52,3.293,4.52,3.529705098,4.52,3.28958066
4.53,3.283,4.53,3.59,4.53,3.288633002
4.54,3.283,4.54,3.529705098,4.54,3.28220749
4.55,3.288,4.55,3.386705098,4.55,3.287612555
4.56,3.287,4.56,3.201294902,4.56,3.288457406
4.57,3.29,4.57,3.038294902,4.57,3.27841934
4.58,3.287,4.58,2.986,4.58,3.287366998
4.59,3.294,4.59,3.051294902,4.59,3.29879251
4.6,3.294,4.6,3.200294902,4.6,3.299387445
4.61,3.281,4.61,3.392705098,4.61,3.305542594
4.62,3.286,4.62,3.539705098,4.62,3.29958066
4.63,3.294,4.63,3.586,4.63,3.284633002
4.64,3.293,4.64,3.518705098,4.64,3.27120749
4.65,3.3,4.65,3.339705098,4.65,3.240612555
4.66,3.297,4.66,3.149294902,4.66,3.236457406
4.67,3.286,4.67,3.106294902,4.67,3.34641934
4.68,3.276,4.68,3.183,4.68,3.484366998
4.69,3.247,4.69,3.162294902,4.69,3.40979251
4.7,3.242,4.7,3.115294902,4.7,3.214387445
4.71,3.349,4.71,3.237705098,4.71,3.150542594
4.72,3.483,4.72,3.445705098,4.72,3.20558066
4.73,3.405,4.73,3.561,4.73,3.259633002
4.74,3.208,4.74,3.525705098,4.74,3.27820749
4.75,3.145,4.75,3.395705098,4.75,3.296612555
4.76,3.203,4.76,3.216294902,4.76,3.303457406
4.77,3.261,4.77,3.059294902,4.77,3.29941934
4.78,3.283,4.78,3.001,4.78,3.302366998
4.79,3.303,4.79,3.048294902,4.79,3.29579251
4.8,3.309,4.8,3.206294902,4.8,3.305387445
4.81,3.302,4.81,3.384705098,4.81,3.297542594
4.82,3.301,4.82,3.532705098,4.82,3.29258066
4.83,3.291,4.83,3.593,4.83,3.291633002
4.84,3.299,4.84,3.518705098,4.84,3.27120749
4.85,3.292,4.85,3.368705098,4.85,3.269612555
4.86,3.29,4.86,3.194294902,4.86,3.281457406
4.87,3.293,4.87,3.046294902,4.87,3.28641934
4.88,3.276,4.88,2.996,4.88,3.297366998
4.89,3.276,4.89,3.061294902,4.89,3.30879251
4.9,3.287,4.9,3.212294902,4.9,3.311387445
4.91,3.289,4.91,3.404705098,4.91,3.317542594
4.92,3.296,4.92,3.546705098,4.92,3.30658066
4.93,3.304,4.93,3.596,4.93,3.294633002
4.94,3.305,4.94,3.542705098,4.94,3.29520749
4.95,3.312,4.95,3.385705098,4.95,3.286612555
4.96,3.304,4.96,3.192294902,4.96,3.279457406
4.97,3.296,4.97,3.041294902,4.97,3.28141934
4.98,3.3,4.98,2.991,4.98,3.292366998
4.99,3.293,4.99,3.050294902,4.99,3.29779251
5,3.285,5,3.190294902,5,3.289387445
5.01,3.284,5.01,3.375705098,5.01,3.288542594
5.02,3.291,5.02,3.529705098,5.02,3.28958066
5.03,3.293,5.03,3.582,5.03,3.280633002
5.04,3.283,5.04,3.536705098,5.04,3.28920749
5.05,3.283,5.05,3.388705098,5.05,3.289612555
5.06,3.287,5.06,3.202294902,5.06,3.289457406
5.07,3.282,5.07,3.047294902,5.07,3.28741934
5.08,3.294,5.08,2.998,5.08,3.299366998
5.09,3.296,5.09,3.058294902,5.09,3.30579251
5.1,3.295,5.1,3.209294902,5.1,3.308387445
5.11,3.29,5.11,3.382705098,5.11,3.295542594
5.12,3.298,5.12,3.522705098,5.12,3.28258066
5.13,3.301,5.13,3.577,5.13,3.275633002
5.14,3.302,5.14,3.529705098,5.14,3.28220749
5.15,3.29,5.15,3.389705098,5.15,3.290612555
5.16,3.28,5.16,3.201294902,5.16,3.288457406
5.17,3.277,5.17,3.040294902,5.17,3.28041934
5.18,3.287,5.18,2.983,5.18,3.284366998
5.19,3.297,5.19,3.058294902,5.19,3.30579251
5.2,3.294,5.2,3.208294902,5.2,3.307387445
5.21,3.283,5.21,3.383705098,5.21,3.296542594
5.22,3.283,5.22,3.532705098,5.22,3.29258066
5.23,3.301,5.23,3.585,5.23,3.283633002
5.24,3.301,5.24,3.525705098,5.24,3.27820749
5.25,3.291,5.25,3.379705098,5.25,3.280612555
5.26,3.29,5.26,3.199294902,5.26,3.286457406
5.27,3.285,5.27,3.050294902,5.27,3.29041934
5.28,3.283,5.28,2.976,5.28,3.277366998
5.29,3.287,5.29,3.050294902,5.29,3.29779251
5.3,3.292,5.3,3.211294902,5.3,3.310387445
5.31,3.293,5.31,3.387705098,5.31,3.300542594
5.32,3.276,5.32,3.530705098,5.32,3.29058066
5.33,3.293,5.33,3.592,5.33,3.290633002
5.34,3.304,5.34,3.535705098,5.34,3.28820749
5.35,3.295,5.35,3.384705098,5.35,3.285612555
5.36,3.288,5.36,3.190294902,5.36,3.277457406
5.37,3.292,5.37,3.044294902,5.37,3.28441934
5.38,3.293,5.38,2.982,5.38,3.283366998
5.39,3.292,5.39,3.052294902,5.39,3.29979251
5.4,3.283,5.4,3.194294902,5.4,3.293387445
5.41,3.287,5.41,3.331705098,5.41,3.244542594
5.42,3.282,5.42,3.490705098,5.42,3.25058066
5.43,3.295,5.43,3.646,5.43,3.344633002
5.44,3.287,5.44,3.725705098,5.44,3.47820749
5.45,3.239,5.45,3.513705098,5.45,3.414612555
5.46,3.248,5.46,3.118294902,5.46,3.205457406
5.47,3.346,5.47,2.902294902,5.47,3.14241934
5.48,3.483,5.48,2.898,5.48,3.199366998
5.49,3.421,5.49,3.012294902,5.49,3.25979251
5.5,3.211,5.5,3.195294902,5.5,3.294387445
5.51,3.145,5.51,3.390705098,5.51,3.303542594
5.52,3.198,5.52,3.551705098,5.52,3.31158066
5.53,3.255,5.53,3.614,5.53,3.312633002
5.54,3.288,5.54,3.548705098,5.54,3.30120749
5.55,3.298,5.55,3.384705098,5.55,3.285612555
5.56,3.309,5.56,3.200294902,5.56,3.287457406
5.57,3.314,5.57,3.064294902,5.57,3.30441934
5.58,3.306,5.58,2.99,5.58,3.291366998
5.59,3.292,5.59,3.032294902,5.59,3.27979251
5.6,3.293,5.6,3.179294902,5.6,3.278387445
5.61,3.307,5.61,3.374705098,5.61,3.287542594
5.62,3.29,5.62,3.527705098,5.62,3.28758066
5.63,3.275,5.63,3.594,5.63,3.292633002
5.64,3.272,5.64,3.541705098,5.64,3.29420749
5.65,3.282,5.65,3.394705098,5.65,3.295612555
5.66,3.285,5.66,3.211294902,5.66,3.298457406
5.67,3.294,5.67,3.066294902,5.67,3.30641934
5.68,3.299,5.68,3.014,5.68,3.315366998
5.69,3.302,5.69,3.060294902,5.69,3.30779251
5.7,3.304,5.7,3.198294902,5.7,3.297387445
5.71,3.309,5.71,3.392705098,5.71,3.305542594
5.72,3.314,5.72,3.531705098,5.72,3.29158066
5.73,3.303,5.73,3.59,5.73,3.288633002
5.74,3.291,5.74,3.526705098,5.74,3.27920749
5.75,3.3,5.75,3.363705098,5.75,3.264612555
5.76,3.289,5.76,3.187294902,5.76,3.274457406
5.77,3.29,5.77,3.046294902,5.77,3.28641934
5.78,3.284,5.78,2.991,5.78,3.292366998
5.79,3.271,5.79,3.050294902,5.79,3.29779251
5.8,3.28,5.8,3.205294902,5.8,3.304387445
5.81,3.289,5.81,3.381705098,5.81,3.294542594
5.82,3.291,5.82,3.527705098,5.82,3.28758066
5.83,3.293,5.83,3.591,5.83,3.289633002
5.84,3.298,5.84,3.540705098,5.84,3.29320749
5.85,3.289,5.85,3.379705098,5.85,3.280612555
5.86,3.285,5.86,3.184294902,5.86,3.271457406
5.87,3.291,5.87,3.042294902,5.87,3.28241934
5.88,3.298,5.88,2.99,5.88,3.291366998
5.89,3.287,5.89,3.051294902,5.89,3.29879251
5.9,3.277,5.9,3.211294902,5.9,3.310387445
5.91,3.285,5.91,3.386705098,5.91,3.299542594
5.92,3.29,5.92,3.533705098,5.92,3.29358066
5.93,3.294,5.93,3.596,5.93,3.294633002
5.94,3.304,5.94,3.539705098,5.94,3.29220749
5.95,3.294,5.95,3.389705098,5.95,3.290612555
5.96,3.291,5.96,3.200294902,5.96,3.287457406
5.97,3.296,5.97,3.043294902,5.97,3.28341934
5.98,3.297,5.98,2.984,5.98,3.285366998
5.99,3.297,5.99,3.040294902,5.99,3.28779251
6,3.293,6,3.200294902,6,3.299387445
6.01,3.286,6.01,3.385705098,6.01,3.298542594
6.02,3.284,6.02,3.534705098,6.02,3.29458066
6.03,3.283,6.03,3.591,6.03,3.289633002
6.04,3.293,6.04,3.535705098,6.04,3.28820749
6.05,3.293,6.05,3.389705098,6.05,3.290612555
6.06,3.292,6.06,3.203294902,6.06,3.290457406
6.07,3.291,6.07,3.054294902,6.07,3.29441934
6.08,3.293,6.08,2.985,6.08,3.286366998
6.09,3.297,6.09,3.040294902,6.09,3.28779251
6.1,3.296,6.1,3.198294902,6.1,3.297387445
6.11,3.297,6.11,3.374705098,6.11,3.287542594
6.12,3.285,6.12,3.527705098,6.12,3.28758066
6.13,3.283,6.13,3.595,6.13,3.293633002
6.14,3.291,6.14,3.539705098,6.14,3.29220749
6.15,3.282,6.15,3.388705098,6.15,3.289612555
6.16,3.285,6.16,3.197294902,6.16,3.284457406
6.17,3.295,6.17,3.021294902,6.17,3.26141934
6.18,3.297,6.18,2.93,6.18,3.231366998
6.19,3.296,6.19,2.997294902,6.19,3.24479251
6.2,3.29,6.2,3.277294902,6.2,3.376387445
6.21,3.264,6.21,3.596705098,6.21,3.509542594
6.22,3.23,6.22,3.650705098,6.22,3.41058066
6.23,3.24,6.23,3.501,6.23,3.199633002
6.24,3.37,6.24,3.385705098,6.24,3.13820749
6.25,3.504,6.25,3.295705098,6.25,3.196612555
6.26,3.408,6.26,3.164294902,6.26,3.251457406
6.27,3.201,6.27,3.048294902,6.27,3.28841934
6.28,3.143,6.28,3.001,6.28,3.302366998
6.29,3.203,6.29,3.063294902,6.29,3.31079251
6.3,3.257,6.3,3.210294902,6.3,3.309387445
6.31,3.291,6.31,3.392705098,6.31,3.305542594
6.32,3.301,6.32,3.537705098,6.32,3.29758066
6.33,3.306,6.33,3.597,6.33,3.295633002
6.34,3.303,6.34,3.532705098,6.34,3.28520749
6.35,3.3,6.35,3.375705098,6.35,3.276612555
6.36,3.295,6.36,3.184294902,6.36,3.271457406
6.37,3.297,6.37,3.035294902,6.37,3.27541934
6.38,3.29,6.38,2.996,6.38,3.297366998
6.39,3.283,6.39,3.054294902,6.39,3.30179251
6.4,3.277,6.4,3.204294902,6.4,3.303387445
6.41,3.278,6.41,3.395705098,6.41,3.308542594
6.42,3.296,6.42,3.542705098,6.42,3.30258066
6.43,3.297,6.43,3.603,6.43,3.301633002
6.44,3.297,6.44,3.555705098,6.44,3.30820749
6.45,3.303,6.45,3.404705098,6.45,3.305612555
6.46,3.3,6.46,3.208294902,6.46,3.295457406
6.47,3.303,6.47,3.054294902,6.47,3.29441934
6.48,3.313,6.48,2.989,6.48,3.290366998
6.49,3.312,6.49,3.036294902,6.49,3.28379251
6.5,3.301,6.5,3.182294902,6.5,3.281387445
6.51,3.297,6.51,3.373705098,6.51,3.286542594
6.52,3.289,6.52,3.529705098,6.52,3.28958066
6.53,3.279,6.53,3.591,6.53,3.289633002
6.54,3.275,6.54,3.533705098,6.54,3.28620749
6.55,3.281,6.55,3.395705098,6.55,3.296612555
6.56,3.287,6.56,3.199294902,6.56,3.286457406
6.57,3.291,6.57,3.040294902,6.57,3.28041934
6.58,3.291,6.58,2.997,6.58,3.298366998
6.59,3.303,6.59,3.053294902,6.59,3.30079251
6.6,3.292,6.6,3.196294902,6.6,3.295387445
6.61,3.283,6.61,3.378705098,6.61,3.291542594
6.62,3.297,6.62,3.525705098,6.62,3.28558066
6.63,3.296,6.63,3.586,6.63,3.284633002
6.64,3.289,6.64,3.541705098,6.64,3.29420749
6.65,3.286,6.65,3.391705098,6.65,3.292612555
6.66,3.283,6.66,3.192294902,6.66,3.279457406
6.67,3.286,6.67,3.044294902,6.67,3.28441934
6.68,3.299,6.68,2.987,6.68,3.288366998
6.69,3.299,6.69,3.041294902,6.69,3.28879251
6.7,3.285,6.7,3.193294902,6.7,3.292387445
6.71,3.287,6.71,3.388705098,6.71,3.301542594
6.72,3.287,6.72,3.540705098,6.72,3.30058066
6.73,3.284,6.73,3.592,6.73,3.290633002
6.74,3.286,6.74,3.527705098,6.74,3.28020749
6.75,3.296,6.75,3.377705098,6.75,3.278612555
6.76,3.298,6.76,3.198294902,6.76,3.285457406
6.77,3.292,6.77,3.048294902,6.77,3.28841934
6.78,3.285,6.78,2.994,6.78,3.295366998
6.79,3.285,6.79,3.051294902,6.79,3.29879251
6.8,3.291,6.8,3.197294902,6.8,3.296387445
6.81,3.291,6.81,3.389705098,6.81,3.302542594
6.82,3.294,6.82,3.534705098,6.82,3.29458066
6.83,3.294,6.83,3.591,6.83,3.289633002
6.84,3.29,6.84,3.528705098,6.84,3.28120749
6.85,3.297,6.85,3.369705098,6.85,3.270612555
6.86,3.292,6.86,3.196294902,6.86,3.283457406
6.87,3.291,6.87,3.058294902,6.87,3.29841934
6.88,3.286,6.88,3.003,6.88,3.304366998
6.89,3.277,6.89,3.049294902,6.89,3.29679251
6.9,3.289,6.9,3.202294902,6.9,3.301387445
6.91,3.301,6.91,3.380705098,6.91,3.293542594
6.92,3.303,6.92,3.535705098,6.92,3.29558066
6.93,3.292,6.93,3.591,6.93,3.289633002
6.94,3.295,6.94,3.512705098,6.94,3.26520749
6.95,3.288,6.95,3.375705098,6.95,3.276612555
6.96,3.293,6.96,3.194294902,6.96,3.281457406
6.97,3.291,6.97,3.009294902,6.97,3.24941934
6.98,3.27,6.98,2.943,6.98,3.244366998
6.99,3.283,6.99,3.116294902,6.99,3.36379251
7,3.287,7,3.405294902,7,3.504387445
7.01,3.252,7.01,3.488705098,7.01,3.401542594
7.02,3.243,7.02,3.425705098,7.02,3.18558066
7.03,3.359,7.03,3.432,7.03,3.130633002
7.04,3.498,7.04,3.446705098,7.04,3.19920749
7.05,3.396,7.05,3.354705098,7.05,3.255612555
7.06,3.183,7.06,3.207294902,7.06,3.294457406
7.07,3.132,7.07,3.071294902,7.07,3.31141934
7.08,3.204,7.08,3.012,7.08,3.313366998
7.09,3.262,7.09,3.056294902,7.09,3.30379251
7.1,3.3,7.1,3.200294902,7.1,3.299387445
7.11,3.314,7.11,3.394705098,7.11,3.307542594
7.12,3.312,7.12,3.537705098,7.12,3.29758066
7.13,3.299,7.13,3.595,7.13,3.293633002
7.14,3.293,7.14,3.535705098,7.14,3.28820749
7.15,3.302,7.15,3.378705098,7.15,3.279612555
7.16,3.295,7.16,3.184294902,7.16,3.271457406
7.17,3.295,7.17,3.056294902,7.17,3.29641934
7.18,3.293,7.18,2.992,7.18,3.293366998
7.19,3.286,7.19,3.042294902,7.19,3.28979251
7.2,3.277,7.2,3.194294902,7.2,3.293387445
7.21,3.299,7.21,3.381705098,7.21,3.294542594
7.22,3.292,7.22,3.549705098,7.22,3.30958066
7.23,3.285,7.23,3.612,7.23,3.310633002
7.24,3.287,7.24,3.555705098,7.24,3.30820749
7.25,3.289,7.25,3.405705098,7.25,3.306612555
7.26,3.307,7.26,3.217294902,7.26,3.304457406
7.27,3.312,7.27,3.051294902,7.27,3.29141934
7.28,3.313,7.28,2.982,7.28,3.283366998
7.29,3.313,7.29,3.037294902,7.29,3.28479251
7.3,3.31,7.3,3.190294902,7.3,3.289387445
7.31,3.294,7.31,3.369705098,7.31,3.282542594
7.32,3.282,7.32,3.520705098,7.32,3.28058066
7.33,3.28,7.33,3.59,7.33,3.288633002
7.34,3.283,7.34,3.536705098,7.34,3.28920749
7.35,3.277,7.35,3.377705098,7.35,3.278612555
7.36,3.278,7.36,3.192294902,7.36,3.279457406
7.37,3.29,7.37,3.055294902,7.37,3.29541934
7.38,3.294,7.38,2.996,7.38,3.297366998
7.39,3.285,7.39,3.052294902,7.39,3.29979251
7.4,3.285,7.4,3.200294902,7.4,3.299387445
7.41,3.298,7.41,3.379705098,7.41,3.292542594
7.42,3.296,7.42,3.525705098,7.42,3.28558066
7.43,3.295,7.43,3.591,7.43,3.289633002
7.44,3.293,7.44,3.536705098,7.44,3.28920749
7.45,3.287,7.45,3.384705098,7.45,3.285612555
7.46,3.283,7.46,3.197294902,7.46,3.284457406
7.47,3.291,7.47,3.052294902,7.47,3.29241934
7.48,3.294,7.48,2.981,7.48,3.282366998
7.49,3.292,7.49,3.047294902,7.49,3.29479251
7.5,3.29,7.5,3.198294902,7.5,3.297387445
7.51,3.295,7.51,3.381705098,7.51,3.294542594
7.52,3.281,7.52,3.534705098,7.52,3.29458066
7.53,3.29,7.53,3.593,7.53,3.291633002
7.54,3.291,7.54,3.535705098,7.54,3.28820749
7.55,3.289,7.55,3.379705098,7.55,3.280612555
7.56,3.292,7.56,3.178294902,7.56,3.265457406
7.57,3.293,7.57,3.048294902,7.57,3.28841934
7.58,3.293,7.58,2.997,7.58,3.298366998
7.59,3.287,7.59,3.059294902,7.59,3.30679251
7.6,3.271,7.6,3.211294902,7.6,3.310387445
7.61,3.291,7.61,3.388705098,7.61,3.301542594
7.62,3.297,7.62,3.537705098,7.62,3.29758066
7.63,3.302,7.63,3.587,7.63,3.285633002
7.64,3.304,7.64,3.518705098,7.64,3.27120749
7.65,3.296,7.65,3.392705098,7.65,3.293612555
7.66,3.295,7.66,3.198294902,7.66,3.285457406
7.67,3.287,7.67,3.038294902,7.67,3.27841934
7.68,3.276,7.68,2.989,7.68,3.290366998
7.69,3.3,7.69,3.047294902,7.69,3.29479251
7.7,3.291,7.7,3.198294902,7.7,3.297387445
7.71,3.281,7.71,3.379705098,7.71,3.292542594
7.72,3.289,7.72,3.528705098,7.72,3.28858066
7.73,3.29,7.73,3.591,7.73,3.289633002
7.74,3.291,7.74,3.541705098,7.74,3.29420749
7.75,3.287,7.75,3.381705098,7.75,3.282612555
7.76,3.286,7.76,3.160294902,7.76,3.247457406
7.77,3.291,7.77,2.997294902,7.77,3.23741934
7.78,3.299,7.78,3.015,7.78,3.316366998
7.79,3.289,7.79,3.219294902,7.79,3.46679251
7.8,3.253,7.8,3.356294902,7.8,3.455387445
7.81,3.24,7.81,3.344705098,7.81,3.257542594
7.82,3.315,7.82,3.381705098,7.82,3.14158066
7.83,3.462,7.83,3.484,7.83,3.182633002
7.84,3.449,7.84,3.494705098,7.84,3.24720749
7.85,3.252,7.85,3.376705098,7.85,3.277612555
7.86,3.139,7.86,3.206294902,7.86,3.293457406
7.87,3.184,7.87,3.047294902,7.87,3.28741934
7.88,3.252,7.88,2.994,7.88,3.295366998
7.89,3.284,7.89,3.062294902,7.89,3.30979251
7.9,3.299,7.9,3.208294902,7.9,3.307387445
7.91,3.29,7.91,3.401705098,7.91,3.314542594
7.92,3.294,7.92,3.552705098,7.92,3.31258066
7.93,3.305,7.93,3.599,7.93,3.297633002
7.94,3.301,7.94,3.525705098,7.94,3.27820749
7.95,3.309,7.95,3.372705098,7.95,3.273612555
7.96,3.31,7.96,3.182294902,7.96,3.269457406
7.97,3.299,7.97,3.040294902,7.97,3.28041934
7.98,3.283,7.98,2.992,7.98,3.293366998
7.99,3.28,7.99,3.045294902,7.99,3.29279251
8,3.275,8,3.206294902,8,3.305387445
8.01,3.283,8.01,3.403705098,8.01,3.316542594
8.02,3.292,8.02,3.565705098,8.02,3.32558066
8.03,3.288,8.03,3.619,8.03,3.317633002
8.04,3.299,8.04,3.541705098,8.04,3.29420749
8.05,3.311,8.05,3.382705098,8.05,3.283612555
8.06,3.323,8.06,3.201294902,8.06,3.288457406
8.07,3.319,8.07,3.051294902,8.07,3.29141934
8.08,3.299,8.08,2.987,8.08,3.288366998
8.09,3.29,8.09,3.039294902,8.09,3.28679251
8.1,3.294,8.1,3.181294902,8.1,3.280387445
8.11,3.294,8.11,3.374705098,8.11,3.287542594
8.12,3.287,8.12,3.536705098,8.12,3.29658066
8.13,3.282,8.13,3.592,8.13,3.290633002
8.14,3.274,8.14,3.522705098,8.14,3.27520749
8.15,3.282,8.15,3.371705098,8.15,3.272612555
8.16,3.294,8.16,3.186294902,8.16,3.273457406
8.17,3.292,8.17,3.045294902,8.17,3.28541934
8.18,3.28,8.18,2.995,8.18,3.296366998
8.19,3.279,8.19,3.052294902,8.19,3.29979251
8.2,3.279,8.2,3.211294902,8.2,3.310387445
8.21,3.288,8.21,3.394705098,8.21,3.307542594
8.22,3.295,8.22,3.542705098,8.22,3.30258066
8.23,3.295,8.23,3.593,8.23,3.291633002
8.24,3.304,8.24,3.536705098,8.24,3.28920749
8.25,3.302,8.25,3.370705098,8.25,3.271612555
8.26,3.3,8.26,3.184294902,8.26,3.271457406
8.27,3.293,8.27,3.049294902,8.27,3.28941934
8.28,3.294,8.28,2.99,8.28,3.291366998
8.29,3.278,8.29,3.046294902,8.29,3.29379251
8.3,3.277,8.3,3.194294902,8.3,3.293387445
8.31,3.292,8.31,3.380705098,8.31,3.293542594
8.32,3.29,8.32,3.539705098,8.32,3.29958066
8.33,3.289,8.33,3.597,8.33,3.295633002
8.34,3.287,8.34,3.528705098,8.34,3.28120749
8.35,3.288,8.35,3.369705098,8.35,3.270612555
8.36,3.297,8.36,3.193294902,8.36,3.280457406
8.37,3.297,8.37,3.055294902,8.37,3.29541934
8.38,3.286,8.38,3.001,8.38,3.302366998
8.39,3.277,8.39,3.044294902,8.39,3.29179251
8.4,3.286,8.4,3.203294902,8.4,3.302387445
8.41,3.298,8.41,3.382705098,8.41,3.295542594
8.42,3.301,8.42,3.543705098,8.42,3.30358066
8.43,3.287,8.43,3.595,8.43,3.293633002
8.44,3.296,8.44,3.527705098,8.44,3.28020749
8.45,3.29,8.45,3.372705098,8.45,3.273612555
8.46,3.301,8.46,3.186294902,8.46,3.273457406
8.47,3.295,8.47,3.050294902,8.47,3.29041934
8.48,3.285,8.48,2.997,8.48,3.298366998
8.49,3.28,8.49,3.052294902,8.49,3.29979251
8.5,3.279,8.5,3.188294902,8.5,3.287387445
8.51,3.293,8.51,3.380705098,8.51,3.293542594
8.52,3.297,8.52,3.518705098,8.52,3.27858066
8.53,3.295,8.53,3.543,8.53,3.241633002
8.54,3.281,8.54,3.491705098,8.54,3.24420749
8.55,3.288,8.55,3.481705098,8.55,3.382612555
8.56,3.276,8.56,3.395294902,8.56,3.482457406
8.57,3.243,8.57,3.124294902,8.57,3.36441934
8.58,3.249,8.58,2.884,8.58,3.185366998
8.59,3.389,8.59,2.903294902,8.59,3.15079251
8.6,3.488,8.6,3.128294902,8.6,3.227387445
8.61,3.367,8.61,3.366705098,8.61,3.279542594
8.62,3.184,8.62,3.531705098,8.62,3.29158066
8.63,3.146,8.63,3.597,8.63,3.295633002
8.64,3.221,8.64,3.540705098,8.64,3.29320749
8.65,3.274,8.65,3.395705098,8.65,3.296612555
8.66,3.289,8.66,3.206294902,8.66,3.293457406
8.67,3.297,8.67,3.059294902,8.67,3.29941934
8.68,3.298,8.68,3.002,8.68,3.303366998
8.69,3.303,8.69,3.046294902,8.69,3.29379251
8.7,3.299,8.7,3.196294902,8.7,3.295387445
8.71,3.302,8.71,3.380705098,8.71,3.293542594
8.72,3.302,8.72,3.529705098,8.72,3.28958066
8.73,3.289,8.73,3.584,8.73,3.282633002
8.74,3.289,8.74,3.520705098,8.74,3.27320749
8.75,3.288,8.75,3.383705098,8.75,3.284612555
8.76,3.287,8.76,3.218294902,8.76,3.305457406
8.77,3.284,8.77,3.065294902,8.77,3.30541934
8.78,3.278,8.78,3.009,8.78,3.310366998
8.79,3.291,8.79,3.070294902,8.79,3.31779251
8.8,3.311,8.8,3.217294902,8.8,3.316387445
8.81,3.308,8.81,3.392705098,8.81,3.305542594
8.82,3.309,8.82,3.535705098,8.82,3.29558066
8.83,3.313,8.83,3.572,8.83,3.270633002
8.84,3.31,8.84,3.519705098,8.84,3.27220749
8.85,3.3,8.85,3.370705098,8.85,3.271612555
8.86,3.293,8.86,3.189294902,8.86,3.276457406
8.87,3.272,8.87,3.049294902,8.87,3.28941934
8.88,3.277,8.88,2.996,8.88,3.297366998
8.89,3.278,8.89,3.047294902,8.89,3.29479251
8.9,3.282,8.9,3.198294902,8.9,3.297387445
8.91,3.292,8.91,3.388705098,8.91,3.301542594
8.92,3.296,8.92,3.532705098,8.92,3.29258066
8.93,3.29,8.93,3.592,8.93,3.290633002
8.94,3.291,8.94,3.533705098,8.94,3.28620749
8.95,3.296,8.95,3.369705098,8.95,3.270612555
8.96,3.29,8.96,3.195294902,8.96,3.282457406
8.97,3.292,8.97,3.058294902,8.97,3.29841934
8.98,3.291,8.98,2.987,8.98,3.288366998
8.99,3.277,8.99,3.047294902,8.99,3.29479251
9,3.288,9,3.203294902,9,3.302387445
9.01,3.301,9.01,3.390705098,9.01,3.303542594
9.02,3.287,9.02,3.526705098,9.02,3.28658066
9.03,3.29,9.03,3.584,9.03,3.282633002
9.04,3.296,9.04,3.533705098,9.04,3.28620749
9.05,3.298,9.05,3.387705098,9.05,3.288612555
9.06,3.284,9.06,3.211294902,9.06,3.298457406
9.07,3.284,9.07,3.052294902,9.07,3.29241934
9.08,3.291,9.08,2.988,9.08,3.289366998
9.09,3.295,9.09,3.043294902,9.09,3.29079251
9.1,3.304,9.1,3.196294902,9.1,3.295387445
9.11,3.295,9.11,3.382705098,9.11,3.295542594
9.12,3.288,9.12,3.526705098,9.12,3.28658066
9.13,3.286,9.13,3.592,9.13,3.290633002
9.14,3.289,9.14,3.537705098,9.14,3.29020749
9.15,3.29,9.15,3.379705098,9.15,3.280612555
9.16,3.284,9.16,3.190294902,9.16,3.277457406
9.17,3.292,9.17,3.049294902,9.17,3.28941934
9.18,3.295,9.18,2.994,9.18,3.295366998
9.19,3.287,9.19,3.041294902,9.19,3.28879251
9.2,3.283,9.2,3.193294902,9.2,3.292387445
9.21,3.292,9.21,3.386705098,9.21,3.299542594
9.22,3.294,9.22,3.538705098,9.22,3.29858066
9.23,3.284,9.23,3.593,9.23,3.291633002
9.24,3.286,9.24,3.532705098,9.24,3.28520749
9.25,3.294,9.25,3.384705098,9.25,3.285612555
9.26,3.296,9.26,3.191294902,9.26,3.278457406
9.27,3.293,9.27,3.039294902,9.27,3.27941934
9.28,3.29,9.28,2.996,9.28,3.297366998
9.29,3.292,9.29,3.056294902,9.29,3.30379251
9.3,3.284,9.3,3.197294902,9.3,3.296387445
9.31,3.282,9.31,3.344705098,9.31,3.257542594
9.32,3.296,9.32,3.477705098,9.32,3.23758066
9.33,3.299,9.33,3.605,9.33,3.303633002
9.34,3.29,9.34,3.703705098,9.34,3.45620749
9.35,3.252,9.35,3.552705098,9.35,3.453612555
9.36,3.235,9.36,3.168294902,9.36,3.255457406
9.37,3.305,9.37,2.898294902,9.37,3.13841934
9.38,3.461,9.38,2.874,9.38,3.175366998
9.39,3.46,9.39,3.002294902,9.39,3.24979251
9.4,3.261,9.4,3.193294902,9.4,3.292387445
9.41,3.141,9.41,3.379705098,9.41,3.292542594
9.42,3.174,9.42,3.539705098,9.42,3.29958066
9.43,3.245,9.43,3.615,9.43,3.313633002
9.44,3.286,9.44,3.546705098,9.44,3.29920749
9.45,3.287,9.45,3.394705098,9.45,3.295612555
9.46,3.297,9.46,3.208294902,9.46,3.295457406
9.47,3.315,9.47,3.053294902,9.47,3.29341934
9.48,3.304,9.48,2.995,9.48,3.296366998
9.49,3.302,9.49,3.034294902,9.49,3.28179251
9.5,3.301,9.5,3.188294902,9.5,3.287387445
9.51,3.296,9.51,3.377705098,9.51,3.290542594
9.52,3.295,9.52,3.516705098,9.52,3.27658066
9.53,3.277,9.53,3.573,9.53,3.271633002
9.54,3.281,9.54,3.531705098,9.54,3.28420749
9.55,3.285,9.55,3.394705098,9.55,3.295612555
9.56,3.274,9.56,3.224294902,9.56,3.311457406
9.57,3.273,9.57,3.085294902,9.57,3.32541934
9.58,3.289,9.58,3.021,9.58,3.322366998
9.59,3.302,9.59,3.073294902,9.59,3.32079251
9.6,3.317,9.6,3.206294902,9.6,3.305387445
9.61,3.328,9.61,3.378705098,9.61,3.291542594
9.62,3.321,9.62,3.523705098,9.62,3.28358066
9.63,3.316,9.63,3.58,9.63,3.278633002
9.64,3.299,9.64,3.521705098,9.64,3.27420749
9.65,3.286,9.65,3.370705098,9.65,3.271612555
9.66,3.281,9.66,3.183294902,9.66,3.270457406
9.67,3.28,9.67,3.048294902,9.67,3.28841934
9.68,3.279,9.68,2.994,9.68,3.295366998
9.69,3.278,9.69,3.051294902,9.69,3.29879251
9.7,3.276,9.7,3.197294902,9.7,3.296387445
9.71,3.291,9.71,3.381705098,9.71,3.294542594
9.72,3.294,9.72,3.530705098,9.72,3.29058066
9.73,3.294,9.73,3.586,9.73,3.284633002
9.74,3.29,9.74,3.533705098,9.74,3.28620749
9.75,3.289,9.75,3.384705098,9.75,3.285612555
9.76,3.288,9.76,3.201294902,9.76,3.288457406
9.77,3.286,9.77,3.040294902,9.77,3.28041934
9.78,3.291,9.78,2.989,9.78,3.290366998
9.79,3.292,9.79,3.054294902,9.79,3.30179251
9.8,3.294,9.8,3.203294902,9.8,3.302387445
9.81,3.283,9.81,3.376705098,9.81,3.289542594
9.82,3.289,9.82,3.536705098,9.82,3.29658066
9.83,3.297,9.83,3.595,9.83,3.293633002
9.84,3.296,9.84,3.535705098,9.84,3.28820749
9.85,3.284,9.85,3.375705098,9.85,3.276612555
9.86,3.294,9.86,3.196294902,9.86,3.283457406
9.87,3.295,9.87,3.059294902,9.87,3.29941934
9.88,3.293,9.88,2.996,9.88,3.297366998
9.89,3.283,9.89,3.038294902,9.89,3.28579251
9.9,3.289,9.9,3.187294902,9.9,3.286387445
9.91,3.302,9.91,3.381705098,9.91,3.294542594
9.92,3.296,9.92,3.540705098,9.92,3.30058066
9.93,3.281,9.93,3.586,9.93,3.284633002
9.94,3.28,9.94,3.532705098,9.94,3.28520749
9.95,3.289,9.95,3.388705098,9.95,3.289612555
9.96,3.298,9.96,3.210294902,9.96,3.297457406
9.97,3.286,9.97,3.041294902,9.97,3.28141934
9.98,3.29,9.98,2.99,9.98,3.291366998
9.99,3.296,9.99,3.054294902,9.99,3.30179251
10,3.303,10,3.190294902,10,3.289387445
10.01,3.284,10.01,3.379705098,10.01,3.292542594
10.02,3.29,10.02,3.535705098,10.02,3.29558066
10.03,3.297,10.03,3.599,10.03,3.297633002
10.04,3.283,10.04,3.527705098,10.04,3.28020749
10.05,3.287,10.05,3.373705098,10.05,3.274612555
10.06,3.293,10.06,3.200294902,10.06,3.287457406
10.07,3.299,10.07,3.047294902,10.07,3.28741934
10.08,3.285,10.08,2.988,10.08,3.289366998
10.09,3.281,10.09,3.045294902,10.09,3.29279251
10.1,3.293,10.1,3.211294902,10.1,3.310387445
10.11,3.29,10.11,3.359705098,10.11,3.272542594
10.12,3.288,10.12,3.480705098,10.12,3.24058066
10.13,3.288,10.13,3.623,10.13,3.321633002
10.14,3.304,10.14,3.722705098,10.14,3.47520749
10.15,3.267,10.15,3.528705098,10.15,3.429612555
10.16,3.238,10.16,3.125294902,10.16,3.212457406
10.17,3.323,10.17,2.877294902,10.17,3.11741934
10.18,3.48,10.18,2.885,10.18,3.186366998
10.19,3.436,10.19,3.008294902,10.19,3.25579251
10.2,3.218,10.2,3.196294902,10.2,3.295387445
10.21,3.12,10.21,3.399705098,10.21,3.312542594
10.22,3.185,10.22,3.542705098,10.22,3.30258066
10.23,3.251,10.23,3.605,10.23,3.303633002
10.24,3.289,10.24,3.553705098,10.24,3.30620749
10.25,3.307,10.25,3.390705098,10.25,3.291612555
10.26,3.3,10.26,3.197294902,10.26,3.284457406
10.27,3.305,10.27,3.052294902,10.27,3.29241934
10.28,3.311,10.28,2.991,10.28,3.292366998
10.29,3.298,10.29,3.046294902,10.29,3.29379251
10.3,3.29,10.3,3.189294902,10.3,3.288387445
10.31,3.295,10.31,3.378705098,10.31,3.291542594
10.32,3.291,10.32,3.527705098,10.32,3.28758066
10.33,3.289,10.33,3.588,10.33,3.286633002
10.34,3.282,10.34,3.537705098,10.34,3.29020749
10.35,3.286,10.35,3.398705098,10.35,3.299612555
10.36,3.285,10.36,3.216294902,10.36,3.303457406
10.37,3.288,10.37,3.082294902,10.37,3.32241934
10.38,3.295,10.38,3.019,10.38,3.320366998
10.39,3.306,10.39,3.063294902,10.39,3.31079251
10.4,3.309,10.4,3.195294902,10.4,3.294387445
10.41,3.325,10.41,3.374705098,10.41,3.287542594
10.42,3.319,10.42,3.521705098,10.42,3.28158066
10.43,3.306,10.43,3.578,10.43,3.276633002
10.44,3.288,10.44,3.521705098,10.44,3.27420749
10.45,3.282,10.45,3.380705098,10.45,3.281612555
10.46,3.279,10.46,3.202294902,10.46,3.289457406
10.47,3.278,10.47,3.045294902,10.47,3.28541934
10.48,3.279,10.48,2.987,10.48,3.288366998
10.49,3.288,10.49,3.049294902,10.49,3.29679251
10.5,3.295,10.5,3.190294902,10.5,3.289387445
10.51,3.288,10.51,3.375705098,10.51,3.288542594
10.52,3.287,10.52,3.533705098,10.52,3.29358066
10.53,3.292,10.53,3.603,10.53,3.301633002
10.54,3.283,10.54,3.536705098,10.54,3.28920749
10.55,3.283,10.55,3.382705098,10.55,3.283612555
10.56,3.291,10.56,3.199294902,10.56,3.286457406
10.57,3.303,10.57,3.051294902,10.57,3.29141934
10.58,3.294,10.58,2.983,10.58,3.284366998
10.59,3.29,10.59,3.039294902,10.59,3.28679251
10.6,3.292,10.6,3.199294902,10.6,3.298387445
10.61,3.294,10.61,3.384705098,10.61,3.297542594
10.62,3.283,10.62,3.536705098,10.62,3.29658066
10.63,3.282,10.63,3.6,10.63,3.298633002
10.64,3.292,10.64,3.531705098,10.64,3.28420749
10.65,3.292,10.65,3.378705098,10.65,3.279612555
10.66,3.294,10.66,3.205294902,10.66,3.292457406
10.67,3.3,10.67,3.048294902,10.67,3.28841934
10.68,3.289,10.68,2.987,10.68,3.288366998
10.69,3.286,10.69,3.037294902,10.69,3.28479251
10.7,3.298,10.7,3.198294902,10.7,3.297387445
10.71,3.291,10.71,3.401705098,10.71,3.314542594
10.72,3.287,10.72,3.530705098,10.72,3.29058066
10.73,3.28,10.73,3.588,10.73,3.286633002
10.74,3.291,10.74,3.531705098,10.74,3.28420749
10.75,3.309,10.75,3.388705098,10.75,3.289612555
10.76,3.288,10.76,3.210294902,10.76,3.297457406
10.77,3.288,10.77,3.045294902,10.77,3.28541934
10.78,3.289,10.78,2.985,10.78,3.286366998
10.79,3.296,10.79,3.044294902,10.79,3.29179251
10.8,3.303,10.8,3.198294902,10.8,3.297387445
10.81,3.288,10.81,3.384705098,10.81,3.297542594
10.82,3.285,10.82,3.529705098,10.82,3.28958066
10.83,3.287,10.83,3.586,10.83,3.284633002
10.84,3.291,10.84,3.532705098,10.84,3.28520749
10.85,3.292,10.85,3.386705098,10.85,3.287612555
10.86,3.287,10.86,3.194294902,10.86,3.281457406
10.87,3.286,10.87,3.041294902,10.87,3.28141934
10.88,3.29,10.88,2.984,10.88,3.285366998
10.89,3.294,10.89,3.016294902,10.89,3.26379251
10.9,3.287,10.9,3.150294902,10.9,3.249387445
10.91,3.284,10.91,3.377705098,10.91,3.290542594
10.92,3.284,10.92,3.688705098,10.92,3.44858066
10.93,3.259,10.93,3.775,10.93,3.473633002
10.94,3.243,10.94,3.530705098,10.94,3.28320749
10.95,3.285,10.95,3.230705098,10.95,3.131612555
10.96,3.446,10.96,3.062294902,10.96,3.149457406
10.97,3.475,10.97,2.998294902,10.97,3.23841934
10.98,3.288,10.98,2.985,10.98,3.286366998
10.99,3.138,10.99,3.057294902,10.99,3.30479251
11,3.155,11,3.215294902,11,3.314387445
11.01,3.241,11.01,3.394705098,11.01,3.307542594
11.02,3.285,11.02,3.545705098,11.02,3.30558066
11.03,3.3,11.03,3.604,11.03,3.302633002
11.04,3.308,11.04,3.540705098,11.04,3.29320749
11.05,3.302,11.05,3.395705098,11.05,3.296612555
11.06,3.303,11.06,3.205294902,11.06,3.292457406
11.07,3.304,11.07,3.050294902,11.07,3.29041934
11.08,3.298,11.08,2.983,11.08,3.284366998
11.09,3.303,11.09,3.045294902,11.09,3.29279251
11.1,3.298,11.1,3.195294902,11.1,3.294387445
11.11,3.293,11.11,3.386705098,11.11,3.299542594
11.12,3.283,11.12,3.535705098,11.12,3.29558066
11.13,3.288,11.13,3.579,11.13,3.277633002
11.14,3.288,11.14,3.529705098,11.14,3.28220749
11.15,3.294,11.15,3.395705098,11.15,3.296612555
11.16,3.293,11.16,3.215294902,11.16,3.302457406
11.17,3.279,11.17,3.068294902,11.17,3.30841934
11.18,3.287,11.18,3.002,11.18,3.303366998
11.19,3.303,11.19,3.057294902,11.19,3.30479251
11.2,3.308,11.2,3.201294902,11.2,3.300387445
11.21,3.311,11.21,3.373705098,11.21,3.286542594
11.22,3.302,11.22,3.515705098,11.22,3.27558066
11.23,3.3,11.23,3.575,11.23,3.273633002
11.24,3.294,11.24,3.521705098,11.24,3.27420749
11.25,3.281,11.25,3.386705098,11.25,3.287612555
11.26,3.273,11.26,3.197294902,11.26,3.284457406
11.27,3.275,11.27,3.061294902,11.27,3.30141934
11.28,3.279,11.28,2.998,11.28,3.299366998
11.29,3.294,11.29,3.042294902,11.29,3.28979251
11.3,3.29,11.3,3.197294902,11.3,3.296387445
11.31,3.304,11.31,3.387705098,11.31,3.300542594
11.32,3.298,11.32,3.535705098,11.32,3.29558066
11.33,3.285,11.33,3.584,11.33,3.282633002
11.34,3.29,11.34,3.531705098,11.34,3.28420749
11.35,3.295,11.35,3.382705098,11.35,3.283612555
11.36,3.293,11.36,3.205294902,11.36,3.292457406
11.37,3.284,11.37,3.046294902,11.37,3.28641934
11.38,3.289,11.38,2.984,11.38,3.285366998
11.39,3.29,11.39,3.049294902,11.39,3.29679251
11.4,3.298,11.4,3.202294902,11.4,3.301387445
11.41,3.289,11.41,3.386705098,11.41,3.299542594
11.42,3.284,11.42,3.536705098,11.42,3.29658066
11.43,3.292,11.43,3.591,11.43,3.289633002
11.44,3.295,11.44,3.528705098,11.44,3.28120749
11.45,3.294,11.45,3.375705098,11.45,3.276612555
11.46,3.294,11.46,3.202294902,11.46,3.289457406
11.47,3.291,11.47,3.052294902,11.47,3.29241934
11.48,3.286,11.48,2.992,11.48,3.293366998
11.49,3.283,11.49,3.044294902,11.49,3.29179251
11.5,3.295,11.5,3.201294902,11.5,3.300387445
11.51,3.295,11.51,3.388705098,11.51,3.301542594
11.52,3.292,11.52,3.535705098,11.52,3.29558066
11.53,3.287,11.53,3.597,11.53,3.295633002
11.54,3.294,11.54,3.532705098,11.54,3.28520749
11.55,3.296,11.55,3.374705098,11.55,3.275612555
11.56,3.293,11.56,3.195294902,11.56,3.282457406
11.57,3.297,11.57,3.050294902,11.57,3.29041934
11.58,3.29,11.58,2.986,11.58,3.287366998
11.59,3.282,11.59,3.050294902,11.59,3.29779251
11.6,3.288,11.6,3.197294902,11.6,3.296387445
11.61,3.293,11.61,3.377705098,11.61,3.290542594
11.62,3.286,11.62,3.534705098,11.62,3.29458066
11.63,3.293,11.63,3.582,11.63,3.280633002
11.64,3.29,11.64,3.520705098,11.64,3.27320749
11.65,3.285,11.65,3.344705098,11.65,3.245612555
11.66,3.292,11.66,3.162294902,11.66,3.249457406
11.67,3.282,11.67,3.109294902,11.67,3.34941934
11.68,3.278,11.68,3.162,11.68,3.463366998
11.69,3.252,11.69,3.155294902,11.69,3.40279251
11.7,3.255,11.7,3.126294902,11.7,3.225387445
11.71,3.352,11.71,3.240705098,11.71,3.153542594
11.72,3.462,11.72,3.445705098,11.72,3.20558066
11.73,3.398,11.73,3.565,11.73,3.263633002
11.74,3.219,11.74,3.538705098,11.74,3.29120749
11.75,3.148,11.75,3.384705098,11.75,3.285612555
11.76,3.203,11.76,3.205294902,11.76,3.292457406
11.77,3.265,11.77,3.067294902,11.77,3.30741934
11.78,3.296,11.78,2.996,11.78,3.297366998
11.79,3.292,11.79,3.053294902,11.79,3.30079251
11.8,3.298,11.8,3.210294902,11.8,3.309387445
11.81,3.31,11.81,3.385705098,11.81,3.298542594
11.82,3.296,11.82,3.536705098,11.82,3.29658066
11.83,3.296,11.83,3.589,11.83,3.287633002
11.84,3.303,11.84,3.528705098,11.84,3.28120749
11.85,3.293,11.85,3.377705098,11.85,3.278612555
11.86,3.294,11.86,3.204294902,11.86,3.291457406
11.87,3.289,11.87,3.057294902,11.87,3.29741934
11.88,3.286,11.88,2.998,11.88,3.299366998
11.89,3.285,11.89,3.054294902,11.89,3.30179251
11.9,3.297,11.9,3.211294902,11.9,3.310387445
11.91,3.3,11.91,3.395705098,11.91,3.308542594
11.92,3.298,11.92,3.538705098,11.92,3.29858066
11.93,3.297,11.93,3.6,11.93,3.298633002
11.94,3.304,11.94,3.542705098,11.94,3.29520749
11.95,3.303,11.95,3.381705098,11.95,3.282612555
11.96,3.296,11.96,3.198294902,11.96,3.285457406
11.97,3.3,11.97,3.039294902,11.97,3.27941934
11.98,3.3,11.98,2.988,11.98,3.289366998
11.99,3.289,11.99,3.049294902,11.99,3.29679251
12,3.291,12,3.185294902,12,3.284387445
12.01,3.282,12.01,3.376705098,12.01,3.289542594
12.02,3.288,12.02,3.531705098,12.02,3.29158066
12.03,3.292,12.03,3.583,12.03,3.281633002
12.04,3.278,12.04,3.535705098,12.04,3.28820749
12.05,3.284,12.05,3.384705098,12.05,3.285612555
12.06,3.289,12.06,3.186294902,12.06,3.273457406
12.07,3.283,12.07,3.038294902,12.07,3.27841934
12.08,3.293,12.08,2.99,12.08,3.291366998
12.09,3.292,12.09,3.055294902,12.09,3.30279251
12.1,3.279,12.1,3.201294902,12.1,3.300387445
12.11,3.281,12.11,3.383705098,12.11,3.296542594
12.12,3.29,12.12,3.543705098,12.12,3.30358066
12.13,3.298,12.13,3.591,12.13,3.289633002
12.14,3.294,12.14,3.527705098,12.14,3.28020749
12.15,3.291,12.15,3.384705098,12.15,3.285612555
12.16,3.301,12.16,3.201294902,12.16,3.288457406
12.17,3.291,12.17,3.053294902,12.17,3.29341934
12.18,3.285,12.18,2.991,12.18,3.292366998
12.19,3.292,12.19,3.053294902,12.19,3.30079251
12.2,3.294,12.2,3.189294902,12.2,3.288387445
12.21,3.296,12.21,3.379705098,12.21,3.292542594
12.22,3.291,12.22,3.536705098,12.22,3.29658066
12.23,3.296,12.23,3.601,12.23,3.299633002
12.24,3.282,12.24,3.532705098,12.24,3.28520749
12.25,3.287,12.25,3.378705098,12.25,3.279612555
12.26,3.294,12.26,3.194294902,12.26,3.281457406
12.27,3.301,12.27,3.050294902,12.27,3.29041934
12.28,3.29,12.28,2.991,12.28,3.292366998
12.29,3.286,12.29,3.048294902,12.29,3.29579251
12.3,3.287,12.3,3.195294902,12.3,3.294387445
12.31,3.293,12.31,3.384705098,12.31,3.297542594
12.32,3.291,12.32,3.526705098,12.32,3.28658066
12.33,3.291,12.33,3.588,12.33,3.286633002
12.34,3.288,12.34,3.539705098,12.34,3.29220749
12.35,3.292,12.35,3.382705098,12.35,3.283612555
12.36,3.284,12.36,3.195294902,12.36,3.282457406
12.37,3.288,12.37,3.028294902,12.37,3.26841934
12.38,3.297,12.38,2.938,12.38,3.239366998
12.39,3.29,12.39,3.016294902,12.39,3.26379251
12.4,3.288,12.4,3.323294902,12.4,3.422387445
12.41,3.271,12.41,3.581705098,12.41,3.494542594
12.42,3.238,12.42,3.572705098,12.42,3.33258066
12.43,3.259,12.43,3.453,12.43,3.151633002
12.44,3.416,12.44,3.397705098,12.44,3.15020749
12.45,3.489,12.45,3.311705098,12.45,3.212612555
12.46,3.33,12.46,3.186294902,12.46,3.273457406
12.47,3.153,12.47,3.059294902,12.47,3.29941934
12.48,3.155,12.48,2.999,12.48,3.300366998
12.49,3.219,12.49,3.060294902,12.49,3.30779251
12.5,3.279,12.5,3.215294902,12.5,3.314387445
12.51,3.302,12.51,3.390705098,12.51,3.303542594
12.52,3.299,12.52,3.556705098,12.52,3.31658066
12.53,3.303,12.53,3.597,12.53,3.295633002
12.54,3.308,12.54,3.529705098,12.54,3.28220749
12.55,3.298,12.55,3.376705098,12.55,3.277612555
12.56,3.314,12.56,3.199294902,12.56,3.286457406
12.57,3.297,12.57,3.046294902,12.57,3.28641934
12.58,3.287,12.58,2.982,12.58,3.283366998
12.59,3.284,12.59,3.039294902,12.59,3.28679251
12.6,3.292,12.6,3.201294902,12.6,3.300387445
12.61,3.289,12.61,3.394705098,12.61,3.307542594
12.62,3.282,12.62,3.544705098,12.62,3.30458066
12.63,3.282,12.63,3.604,12.63,3.302633002
12.64,3.294,12.64,3.554705098,12.64,3.30720749
12.65,3.302,12.65,3.403705098,12.65,3.304612555
12.66,3.302,12.66,3.206294902,12.66,3.293457406
12.67,3.304,12.67,3.052294902,12.67,3.29241934
12.68,3.312,12.68,2.985,12.68,3.286366998
12.69,3.311,12.69,3.040294902,12.69,3.28779251
12.7,3.299,12.7,3.184294902,12.7,3.283387445
12.71,3.295,12.71,3.370705098,12.71,3.283542594
12.72,3.285,12.72,3.525705098,12.72,3.28558066
12.73,3.283,12.73,3.596,12.73,3.294633002
12.74,3.277,12.74,3.530705098,12.74,3.28320749
12.75,3.278,12.75,3.380705098,12.75,3.281612555
12.76,3.283,12.76,3.195294902,12.76,3.282457406
12.77,3.296,12.77,3.055294902,12.77,3.29541934
12.78,3.288,12.78,2.995,12.78,3.296366998
12.79,3.288,12.79,3.054294902,12.79,3.30179251
12.8,3.288,12.8,3.193294902,12.8,3.292387445
12.81,3.298,12.81,3.366705098,12.81,3.279542594
12.82,3.295,12.82,3.531705098,12.82,3.29158066
12.83,3.297,12.83,3.596,12.83,3.294633002
12.84,3.286,12.84,3.536705098,12.84,3.28920749
12.85,3.274,12.85,3.375705098,12.85,3.276612555
12.86,3.289,12.86,3.195294902,12.86,3.282457406
12.87,3.296,12.87,3.046294902,12.87,3.28641934
12.88,3.294,12.88,2.994,12.88,3.295366998
12.89,3.283,12.89,3.051294902,12.89,3.29879251
12.9,3.288,12.9,3.200294902,12.9,3.299387445
12.91,3.289,12.91,3.383705098,12.91,3.296542594
12.92,3.294,12.92,3.535705098,12.92,3.29558066
12.93,3.294,12.93,3.592,12.93,3.290633002
12.94,3.293,12.94,3.531705098,12.94,3.28420749
12.95,3.291,12.95,3.384705098,12.95,3.285612555
12.96,3.293,12.96,3.206294902,12.96,3.293457406
12.97,3.292,12.97,3.051294902,12.97,3.29141934
12.98,3.289,12.98,2.995,12.98,3.296366998
12.99,3.292,12.99,3.048294902,12.99,3.29579251
13,3.299,13,3.203294902,13,3.302387445
13.01,3.294,13.01,3.383705098,13.01,3.296542594
13.02,3.295,13.02,3.520705098,13.02,3.28058066
13.03,3.291,13.03,3.59,13.03,3.288633002
13.04,3.296,13.04,3.541705098,13.04,3.29420749
13.05,3.291,13.05,3.385705098,13.05,3.286612555
13.06,3.278,13.06,3.197294902,13.06,3.284457406
13.07,3.29,13.07,3.045294902,13.07,3.28541934
13.08,3.299,13.08,2.988,13.08,3.289366998
13.09,3.293,13.09,3.037294902,13.09,3.28479251
13.1,3.29,13.1,3.163294902,13.1,3.262387445
13.11,3.288,13.11,3.323705098,13.11,3.236542594
13.12,3.288,13.12,3.506705098,13.12,3.26658066
13.13,3.28,13.13,3.738,13.13,3.436633002
13.14,3.256,13.14,3.726705098,13.14,3.47920749
13.15,3.231,13.15,3.420705098,13.15,3.321612555
13.16,3.264,13.16,3.073294902,13.16,3.160457406
13.17,3.438,13.17,2.919294902,13.17,3.15941934
13.18,3.484,13.18,2.927,13.18,3.228366998
13.19,3.328,13.19,3.028294902,13.19,3.27579251
13.2,3.166,13.2,3.204294902,13.2,3.303387445
13.21,3.162,13.21,3.401705098,13.21,3.314542594
13.22,3.227,13.22,3.543705098,13.22,3.30358066
13.23,3.271,13.23,3.599,13.23,3.297633002
13.24,3.297,13.24,3.539705098,13.24,3.29220749
13.25,3.309,13.25,3.386705098,13.25,3.287612555
13.26,3.301,13.26,3.200294902,13.26,3.287457406
13.27,3.299,13.27,3.044294902,13.27,3.28441934
13.28,3.297,13.28,2.978,13.28,3.279366998
13.29,3.294,13.29,3.049294902,13.29,3.29679251
13.3,3.293,13.3,3.193294902,13.3,3.292387445
13.31,3.287,13.31,3.381705098,13.31,3.294542594
13.32,3.278,13.32,3.534705098,13.32,3.29458066
13.33,3.292,13.33,3.588,13.33,3.286633002
13.34,3.286,13.34,3.542705098,13.34,3.29520749
13.35,3.289,13.35,3.398705098,13.35,3.299612555
13.36,3.292,13.36,3.224294902,13.36,3.311457406
13.37,3.288,13.37,3.069294902,13.37,3.30941934
13.38,3.3,13.38,3.012,13.38,3.313366998
13.39,3.306,13.39,3.060294902,13.39,3.30779251
13.4,3.317,13.4,3.206294902,13.4,3.305387445
13.41,3.312,13.41,3.377705098,13.41,3.290542594
13.42,3.312,13.42,3.517705098,13.42,3.27758066
13.43,3.303,13.43,3.577,13.43,3.275633002
13.44,3.299,13.44,3.529705098,13.44,3.28220749
13.45,3.285,13.45,3.376705098,13.45,3.277612555
13.46,3.275,13.46,3.186294902,13.46,3.273457406
13.47,3.277,13.47,3.053294902,13.47,3.29341934
13.48,3.287,13.48,3.002,13.48,3.303366998
13.49,3.284,13.49,3.046294902,13.49,3.29379251
13.5,3.279,13.5,3.192294902,13.5,3.291387445
13.51,3.296,13.51,3.375705098,13.51,3.288542594
13.52,3.302,13.52,3.535705098,13.52,3.29558066
13.53,3.289,13.53,3.577,13.53,3.275633002
13.54,3.285,13.54,3.533705098,13.54,3.28620749
13.55,3.283,13.55,3.387705098,13.55,3.288612555
13.56,3.293,13.56,3.201294902,13.56,3.288457406
13.57,3.277,13.57,3.048294902,13.57,3.28841934
13.58,3.291,13.58,2.991,13.58,3.292366998
13.59,3.295,13.59,3.040294902,13.59,3.28779251
13.6,3.294,13.6,3.205294902,13.6,3.304387445
13.61,3.291,13.61,3.392705098,13.61,3.305542594
13.62,3.291,13.62,3.536705098,13.62,3.29658066
13.63,3.283,13.63,3.587,13.63,3.285633002
13.64,3.298,13.64,3.529705098,13.64,3.28220749
13.65,3.3,13.65,3.378705098,13.65,3.279612555
13.66,3.294,13.66,3.204294902,13.66,3.291457406
13.67,3.287,13.67,3.048294902,13.67,3.28841934
13.68,3.287,13.68,2.988,13.68,3.289366998
13.69,3.286,13.69,3.043294902,13.69,3.29079251
13.7,3.297,13.7,3.200294902,13.7,3.299387445
13.71,3.291,13.71,3.386705098,13.71,3.299542594
13.72,3.288,13.72,3.537705098,13.72,3.29758066
13.73,3.286,13.73,3.584,13.73,3.282633002
13.74,3.293,13.74,3.530705098,13.74,3.28320749
13.75,3.294,13.75,3.382705098,13.75,3.283612555
13.76,3.295,13.76,3.197294902,13.76,3.284457406
13.77,3.284,13.77,3.059294902,13.77,3.29941934
13.78,3.288,13.78,2.995,13.78,3.296366998
13.79,3.29,13.79,3.051294902,13.79,3.29879251
13.8,3.29,13.8,3.196294902,13.8,3.295387445
13.81,3.302,13.81,3.372705098,13.81,3.285542594
13.82,3.295,13.82,3.530705098,13.82,3.29058066
13.83,3.294,13.83,3.588,13.83,3.286633002
13.84,3.289,13.84,3.520705098,13.84,3.27320749
13.85,3.28,13.85,3.336705098,13.85,3.237612555
13.86,3.288,13.86,3.145294902,13.86,3.232457406
13.87,3.288,13.87,3.091294902,13.87,3.33141934
13.88,3.278,13.88,3.192,13.88,3.493366998
13.89,3.244,13.89,3.197294902,13.89,3.44479251
13.9,3.238,13.9,3.132294902,13.9,3.231387445
13.91,3.334,13.91,3.232705098,13.91,3.145542594
13.92,3.492,13.92,3.423705098,13.92,3.18358066
13.93,3.44,13.93,3.542,13.93,3.240633002
13.94,3.225,13.94,3.524705098,13.94,3.27720749
13.95,3.14,13.95,3.394705098,13.95,3.295612555
13.96,3.181,13.96,3.209294902,13.96,3.296457406
13.97,3.242,13.97,3.061294902,13.97,3.30141934
13.98,3.282,13.98,3.012,13.98,3.313366998
13.99,3.302,13.99,3.057294902,13.99,3.30479251
14,3.302,14,3.210294902,14,3.309387445
14.01,3.304,14.01,3.395705098,14.01,3.308542594
14.02,3.312,14.02,3.528705098,14.02,3.28858066
14.03,3.3,14.03,3.572,14.03,3.270633002
14.04,3.303,14.04,3.525705098,14.04,3.27820749
14.05,3.303,14.05,3.383705098,14.05,3.284612555
14.06,3.286,14.06,3.191294902,14.06,3.278457406
14.07,3.272,14.07,3.043294902,14.07,3.28341934
14.08,3.283,14.08,2.986,14.08,3.287366998
14.09,3.291,14.09,3.039294902,14.09,3.28679251
14.1,3.284,14.1,3.217294902,14.1,3.316387445
14.11,3.286,14.11,3.414705098,14.11,3.327542594
14.12,3.286,14.12,3.562705098,14.12,3.32258066
14.13,3.282,14.13,3.599,14.13,3.297633002
14.14,3.31,14.14,3.543705098,14.14,3.29620749
14.15,3.322,14.15,3.395705098,14.15,3.296612555
14.16,3.32,14.16,3.204294902,14.16,3.291457406
14.17,3.299,14.17,3.036294902,14.17,3.27641934
14.18,3.301,14.18,2.986,14.18,3.287366998
14.19,3.303,14.19,3.045294902,14.19,3.29279251
14.2,3.297,14.2,3.194294902,14.2,3.293387445
14.21,3.279,14.21,3.376705098,14.21,3.289542594
14.22,3.286,14.22,3.525705098,14.22,3.28558066
14.23,3.288,14.23,3.585,14.23,3.283633002
14.24,3.287,14.24,3.528705098,14.24,3.28120749
14.25,3.284,14.25,3.382705098,14.25,3.283612555
14.26,3.283,14.26,3.193294902,14.26,3.280457406
14.27,3.285,14.27,3.041294902,14.27,3.28141934
14.28,3.286,14.28,2.993,14.28,3.294366998
14.29,3.29,14.29,3.050294902,14.29,3.29779251
14.3,3.286,14.3,3.195294902,14.3,3.294387445
14.31,3.284,14.31,3.383705098,14.31,3.296542594
14.32,3.293,14.32,3.531705098,14.32,3.29158066
14.33,3.293,14.33,3.596,14.33,3.294633002
14.34,3.288,14.34,3.545705098,14.34,3.29820749
14.35,3.291,14.35,3.388705098,14.35,3.289612555
14.36,3.289,14.36,3.190294902,14.36,3.277457406
14.37,3.296,14.37,3.048294902,14.37,3.28841934
14.38,3.303,14.38,2.995,14.38,3.296366998
14.39,3.296,14.39,3.037294902,14.39,3.28479251
14.4,3.283,14.4,3.194294902,14.4,3.293387445
14.41,3.291,14.41,3.389705098,14.41,3.302542594
14.42,3.295,14.42,3.537705098,14.42,3.29758066
14.43,3.28,14.43,3.587,14.43,3.285633002
14.44,3.287,14.44,3.535705098,14.44,3.28820749
14.45,3.297,14.45,3.388705098,14.45,3.289612555
14.46,3.295,14.46,3.196294902,14.46,3.283457406
14.47,3.287,14.47,3.035294902,14.47,3.27541934
14.48,3.293,14.48,2.983,14.48,3.284366998
14.49,3.296,14.49,3.055294902,14.49,3.30279251
14.5,3.289,14.5,3.209294902,14.5,3.308387445
14.51,3.278,14.51,3.385705098,14.51,3.298542594
14.52,3.283,14.52,3.524705098,14.52,3.28458066
14.53,3.298,14.53,3.581,14.53,3.279633002
14.54,3.302,14.54,3.530705098,14.54,3.28320749
14.55,3.293,14.55,3.390705098,14.55,3.291612555
14.56,3.282,14.56,3.199294902,14.56,3.286457406
14.57,3.281,14.57,3.057294902,14.57,3.29741934
14.58,3.288,14.58,2.988,14.58,3.289366998
14.59,3.298,14.59,3.054294902,14.59,3.30179251
14.6,3.292,14.6,3.201294902,14.6,3.300387445
14.61,3.3,14.61,3.378705098,14.61,3.291542594
14.62,3.288,14.62,3.488705098,14.62,3.24858066
14.63,3.297,14.63,3.521,14.63,3.219633002
14.64,3.294,14.64,3.549705098,14.64,3.30220749
14.65,3.286,14.65,3.571705098,14.65,3.472612555
14.66,3.246,14.66,3.365294902,14.66,3.452457406
14.67,3.221,14.67,3.010294902,14.67,3.25041934
14.68,3.307,14.68,2.829,14.68,3.130366998
14.69,3.479,14.69,2.932294902,14.69,3.17979251
14.7,3.458,14.7,3.150294902,14.7,3.249387445
14.71,3.253,14.71,3.381705098,14.71,3.294542594
14.72,3.129,14.72,3.541705098,14.72,3.30158066
14.73,3.175,14.73,3.607,14.73,3.305633002
14.74,3.243,14.74,3.552705098,14.74,3.30520749
14.75,3.289,14.75,3.398705098,14.75,3.299612555
14.76,3.299,14.76,3.207294902,14.76,3.294457406
14.77,3.307,14.77,3.044294902,14.77,3.28441934
14.78,3.31,14.78,2.987,14.78,3.288366998
14.79,3.306,14.79,3.053294902,14.79,3.30079251
14.8,3.3,14.8,3.196294902,14.8,3.295387445
14.81,3.287,14.81,3.376705098,14.81,3.289542594
14.82,3.287,14.82,3.536705098,14.82,3.29658066
14.83,3.296,14.83,3.582,14.83,3.280633002
14.84,3.289,14.84,3.523705098,14.84,3.27620749
14.85,3.284,14.85,3.376705098,14.85,3.277612555
14.86,3.294,14.86,3.212294902,14.86,3.299457406
14.87,3.282,14.87,3.063294902,14.87,3.30341934
14.88,3.281,14.88,3.01,14.88,3.311366998
14.89,3.284,14.89,3.072294902,14.89,3.31979251
14.9,3.305,14.9,3.213294902,14.9,3.312387445
14.91,3.306,14.91,3.390705098,14.91,3.303542594
14.92,3.31,14.92,3.536705098,14.92,3.29658066
14.93,3.315,14.93,3.588,14.93,3.286633002
14.94,3.306,14.94,3.519705098,14.94,3.27220749
14.95,3.298,14.95,3.369705098,14.95,3.270612555
14.96,3.294,14.96,3.187294902,14.96,3.274457406
14.97,3.288,14.97,3.049294902,14.97,3.28941934
14.98,3.277,14.98,2.989,14.98,3.290366998
14.99,3.277,14.99,3.043294902,14.99,3.29079251
15,3.28,15,3.201294902,15,3.300387445
15.01,3.292,15.01,3.383705098,15.01,3.296542594
15.02,3.289,15.02,3.527705098,15.02,3.28758066
15.03,3.286,15.03,3.577,15.03,3.275633002
15.04,3.294,15.04,3.521705098,15.04,3.27420749
15.05,3.291,15.05,3.370705098,15.05,3.271612555
15.06,3.285,15.06,3.207294902,15.06,3.294457406
15.07,3.277,15.07,3.071294902,15.07,3.31141934
15.08,3.279,15.08,2.997,15.08,3.298366998
15.09,3.278,15.09,3.053294902,15.09,3.30079251
15.1,3.3,15.1,3.200294902,15.1,3.299387445
15.11,3.314,15.11,3.390705098,15.11,3.303542594
15.12,3.297,15.12,3.535705098,15.12,3.29558066
15.13,3.296,15.13,3.584,15.13,3.282633002
15.14,3.293,15.14,3.530705098,15.14,3.28320749
15.15,3.298,15.15,3.387705098,15.15,3.288612555
15.16,3.293,15.16,3.199294902,15.16,3.286457406
15.17,3.284,15.17,3.037294902,15.17,3.27741934
15.18,3.288,15.18,2.992,15.18,3.293366998
15.19,3.295,15.19,3.055294902,15.19,3.30279251
15.2,3.292,15.2,3.204294902,15.2,3.303387445
15.21,3.28,15.21,3.388705098,15.21,3.301542594
15.22,3.292,15.22,3.530705098,15.22,3.29058066
15.23,3.298,15.23,3.59,15.23,3.288633002
15.24,3.297,15.24,3.526705098,15.24,3.27920749
15.25,3.296,15.25,3.373705098,15.25,3.274612555
15.26,3.288,15.26,3.203294902,15.26,3.290457406
15.27,3.29,15.27,3.048294902,15.27,3.28841934
15.28,3.284,15.28,2.992,15.28,3.293366998
15.29,3.281,15.29,3.051294902,15.29,3.29879251
15.3,3.296,15.3,3.198294902,15.3,3.297387445
15.31,3.291,15.31,3.380705098,15.31,3.293542594
15.32,3.292,15.32,3.527705098,15.32,3.28758066
15.33,3.294,15.33,3.587,15.33,3.285633002
15.34,3.291,15.34,3.532705098,15.34,3.28520749
15.35,3.288,15.35,3.385705098,15.35,3.286612555
15.36,3.285,15.36,3.195294902,15.36,3.282457406
15.37,3.287,15.37,3.049294902,15.37,3.28941934
15.38,3.29,15.38,2.999,15.38,3.300366998
15.39,3.293,15.39,3.046294902,15.39,3.29379251
15.4,3.288,15.4,3.181294902,15.4,3.280387445
15.41,3.292,15.41,3.352705098,15.41,3.265542594
15.42,3.299,15.42,3.480705098,15.42,3.24058066
15.43,3.289,15.43,3.585,15.43,3.283633002
15.44,3.274,15.44,3.700705098,15.44,3.45320749
15.45,3.26,15.45,3.566705098,15.45,3.467612555
15.46,3.238,15.46,3.188294902,15.46,3.275457406
15.47,3.285,15.47,2.900294902,15.47,3.14041934
15.48,3.458,15.48,2.862,15.48,3.163366998
15.49,3.474,15.49,2.991294902,15.49,3.23879251
15.5,3.281,15.5,3.193294902,15.5,3.292387445
15.51,3.143,15.51,3.395705098,15.51,3.308542594
15.52,3.162,15.52,3.548705098,15.52,3.30858066
15.53,3.234,15.53,3.616,15.53,3.314633002
15.54,3.286,15.54,3.560705098,15.54,3.31320749
15.55,3.303,15.55,3.392705098,15.55,3.293612555
15.56,3.306,15.56,3.196294902,15.56,3.283457406
15.57,3.316,15.57,3.060294902,15.57,3.30041934
15.58,3.318,15.58,2.988,15.58,3.289366998
15.59,3.3,15.59,3.039294902,15.59,3.28679251
15.6,3.289,15.6,3.198294902,15.6,3.297387445
15.61,3.303,15.61,3.378705098,15.61,3.291542594
15.62,3.288,15.62,3.525705098,15.62,3.28558066
15.63,3.282,15.63,3.59,15.63,3.288633002
15.64,3.291,15.64,3.532705098,15.64,3.28520749
15.65,3.286,15.65,3.375705098,15.65,3.276612555
15.66,3.283,15.66,3.210294902,15.66,3.297457406
15.67,3.29,15.67,3.075294902,15.67,3.31541934
15.68,3.29,15.68,3.017,15.68,3.318366998
15.69,3.283,15.69,3.057294902,15.69,3.30479251
15.7,3.303,15.7,3.200294902,15.7,3.299387445
15.71,3.318,15.71,3.381705098,15.71,3.294542594
15.72,3.317,15.72,3.540705098,15.72,3.30058066
15.73,3.3,15.73,3.585,15.73,3.283633002
15.74,3.293,15.74,3.516705098,15.74,3.26920749
15.75,3.289,15.75,3.370705098,15.75,3.271612555
15.76,3.298,15.76,3.188294902,15.76,3.275457406
15.77,3.285,15.77,3.031294902,15.77,3.27141934
15.78,3.274,15.78,2.99,15.78,3.291366998
15.79,3.278,15.79,3.056294902,15.79,3.30379251
15.8,3.281,15.8,3.203294902,15.8,3.302387445
15.81,3.274,15.81,3.383705098,15.81,3.296542594
15.82,3.29,15.82,3.531705098,15.82,3.29158066
15.83,3.299,15.83,3.592,15.83,3.290633002
15.84,3.296,15.84,3.540705098,15.84,3.29320749
15.85,3.291,15.85,3.381705098,15.85,3.282612555
15.86,3.289,15.86,3.197294902,15.86,3.284457406
15.87,3.292,15.87,3.041294902,15.87,3.28141934
15.88,3.298,15.88,2.992,15.88,3.293366998
15.89,3.289,15.89,3.049294902,15.89,3.29679251
15.9,3.29,15.9,3.200294902,15.9,3.299387445
15.91,3.284,15.91,3.378705098,15.91,3.291542594
15.92,3.292,15.92,3.539705098,15.92,3.29958066
15.93,3.292,15.93,3.589,15.93,3.287633002
15.94,3.293,15.94,3.525705098,15.94,3.27820749
15.95,3.286,15.95,3.379705098,15.95,3.280612555
15.96,3.297,15.96,3.204294902,15.96,3.291457406
15.97,3.289,15.97,3.057294902,15.97,3.29741934
15.98,3.283,15.98,2.996,15.98,3.297366998
15.99,3.287,15.99,3.048294902,15.99,3.29579251
16,3.297,16,3.193294902,16,3.292387445
16.01,3.3,16.01,3.388705098,16.01,3.301542594
16.02,3.296,16.02,3.538705098,16.02,3.29858066
16.03,3.291,16.03,3.588,16.03,3.286633002
16.04,3.286,16.04,3.525705098,16.04,3.27820749
16.05,3.296,16.05,3.373705098,16.05,3.274612555
16.06,3.296,16.06,3.192294902,16.06,3.279457406
16.07,3.288,16.07,3.046294902,16.07,3.28641934
16.08,3.283,16.08,2.995,16.08,3.296366998
16.09,3.281,16.09,3.052294902,16.09,3.29979251
16.1,3.285,16.1,3.184294902,16.1,3.283387445
16.11,3.289,16.11,3.375705098,16.11,3.288542594
16.12,3.295,16.12,3.537705098,16.12,3.29758066
16.13,3.295,16.13,3.594,16.13,3.292633002
16.14,3.277,16.14,3.538705098,16.14,3.29120749
16.15,3.283,16.15,3.383705098,16.15,3.284612555
16.16,3.295,16.16,3.201294902,16.16,3.288457406
16.17,3.294,16.17,3.045294902,16.17,3.28541934
16.18,3.296,16.18,2.947,16.18,3.248366998
16.19,3.291,16.19,2.998294902,16.19,3.24579251
16.2,3.294,16.2,3.238294902,16.2,3.337387445
16.21,3.288,16.21,3.555705098,16.21,3.468542594
16.22,3.247,16.22,3.662705098,16.22,3.42258066
16.23,3.241,16.23,3.53,16.23,3.228633002
16.24,3.331,16.24,3.389705098,16.24,3.14220749
16.25,3.463,16.25,3.295705098,16.25,3.196612555
16.26,3.42,16.26,3.160294902,16.26,3.247457406
16.27,3.23,16.27,3.035294902,16.27,3.27541934
16.28,3.147,16.28,2.983,16.28,3.284366998
16.29,3.203,16.29,3.061294902,16.29,3.30879251
16.3,3.253,16.3,3.225294902,16.3,3.324387445
16.31,3.278,16.31,3.397705098,16.31,3.310542594
16.32,3.283,16.32,3.546705098,16.32,3.30658066
16.33,3.304,16.33,3.591,16.33,3.289633002
16.34,3.318,16.34,3.536705098,16.34,3.28920749
16.35,3.305,16.35,3.380705098,16.35,3.281612555
16.36,3.304,16.36,3.201294902,16.36,3.288457406
16.37,3.291,16.37,3.053294902,16.37,3.29341934
16.38,3.294,16.38,2.988,16.38,3.289366998
16.39,3.288,16.39,3.035294902,16.39,3.28279251
16.4,3.294,16.4,3.195294902,16.4,3.294387445
16.41,3.296,16.41,3.389705098,16.41,3.302542594
16.42,3.288,16.42,3.538705098,16.42,3.29858066
16.43,3.278,16.43,3.608,16.43,3.306633002
16.44,3.288,16.44,3.554705098,16.44,3.30720749
16.45,3.297,16.45,3.409705098,16.45,3.310612555
16.46,3.296,16.46,3.206294902,16.46,3.293457406
16.47,3.308,16.47,3.048294902,16.47,3.28841934
16.48,3.312,16.48,2.988,16.48,3.289366998
16.49,3.317,16.49,3.046294902,16.49,3.29379251
16.5,3.299,16.5,3.193294902,16.5,3.292387445
16.51,3.291,16.51,3.366705098,16.51,3.279542594
16.52,3.288,16.52,3.511705098,16.52,3.27158066
16.53,3.289,16.53,3.58,16.53,3.278633002
16.54,3.286,16.54,3.543705098,16.54,3.29620749
16.55,3.274,16.55,3.394705098,16.55,3.295612555
16.56,3.269,16.56,3.204294902,16.56,3.291457406
16.57,3.28,16.57,3.053294902,16.57,3.29341934
16.58,3.301,16.58,2.993,16.58,3.294366998
16.59,3.302,16.59,3.043294902,16.59,3.29079251
16.6,3.297,16.6,3.195294902,16.6,3.294387445
16.61,3.296,16.61,3.377705098,16.61,3.290542594
16.62,3.293,16.62,3.526705098,16.62,3.28658066
16.63,3.286,16.63,3.589,16.63,3.287633002
16.64,3.288,16.64,3.537705098,16.64,3.29020749
16.65,3.285,16.65,3.391705098,16.65,3.292612555
16.66,3.284,16.66,3.203294902,16.66,3.290457406
16.67,3.289,16.67,3.044294902,16.67,3.28441934
16.68,3.295,16.68,2.985,16.68,3.286366998
16.69,3.299,16.69,3.044294902,16.69,3.29179251
16.7,3.296,16.7,3.187294902,16.7,3.286387445
16.71,3.287,16.71,3.385705098,16.71,3.298542594
16.72,3.285,16.72,3.539705098,16.72,3.29958066
16.73,3.287,16.73,3.597,16.73,3.295633002
16.74,3.28,16.74,3.547705098,16.74,3.30020749
16.75,3.293,16.75,3.388705098,16.75,3.289612555
16.76,3.297,16.76,3.191294902,16.76,3.278457406
16.77,3.297,16.77,3.036294902,16.77,3.27641934
16.78,3.305,16.78,2.987,16.78,3.288366998
16.79,3.296,16.79,3.053294902,16.79,3.30079251
16.8,3.284,16.8,3.203294902,16.8,3.302387445
16.81,3.279,16.81,3.380705098,16.81,3.293542594
16.82,3.287,16.82,3.532705098,16.82,3.29258066
16.83,3.296,16.83,3.592,16.83,3.290633002
16.84,3.296,16.84,3.526705098,16.84,3.27920749
16.85,3.288,16.85,3.374705098,16.85,3.275612555
16.86,3.29,16.86,3.191294902,16.86,3.278457406
16.87,3.292,16.87,3.053294902,16.87,3.29341934
16.88,3.284,16.88,2.996,16.88,3.297366998
16.89,3.282,16.89,3.046294902,16.89,3.29379251
16.9,3.284,16.9,3.202294902,16.9,3.301387445
16.91,3.296,16.91,3.386705098,16.91,3.299542594
16.92,3.296,16.92,3.518705098,16.92,3.27858066
16.93,3.289,16.93,3.535,16.93,3.233633002
16.94,3.295,16.94,3.493705098,16.94,3.24620749
16.95,3.294,16.95,3.480705098,16.95,3.381612555
16.96,3.276,16.96,3.384294902,16.96,3.471457406
16.97,3.235,16.97,3.115294902,16.97,3.35541934
16.98,3.251,16.98,2.874,16.98,3.175366998
16.99,3.388,16.99,2.912294902,16.99,3.15979251
17,3.477,17,3.132294902,17,3.231387445
17.01,3.358,17.01,3.366705098,17.01,3.279542594
17.02,3.174,17.02,3.534705098,17.02,3.29458066
17.03,3.155,17.03,3.597,17.03,3.295633002
17.04,3.225,17.04,3.539705098,17.04,3.29220749
17.05,3.274,17.05,3.393705098,17.05,3.294612555
17.06,3.292,17.06,3.209294902,17.06,3.296457406
17.07,3.297,17.07,3.065294902,17.07,3.30541934
17.08,3.297,17.08,3,17.08,3.301366998
17.09,3.301,17.09,3.041294902,17.09,3.28879251
17.1,3.302,17.1,3.178294902,17.1,3.277387445
17.11,3.308,17.11,3.374705098,17.11,3.287542594
17.12,3.3,17.12,3.539705098,17.12,3.29958066
17.13,3.284,17.13,3.597,17.13,3.295633002
17.14,3.271,17.14,3.539705098,17.14,3.29220749
17.15,3.282,17.15,3.384705098,17.15,3.285612555
17.16,3.297,17.16,3.193294902,17.16,3.280457406
17.17,3.297,17.17,3.057294902,17.17,3.29741934
17.18,3.297,17.18,3.009,17.18,3.310366998
17.19,3.292,17.19,3.075294902,17.19,3.32279251
17.2,3.286,17.2,3.219294902,17.2,3.318387445
17.21,3.3,17.21,3.393705098,17.21,3.306542594
17.22,3.309,17.22,3.537705098,17.22,3.29758066
17.23,3.318,17.23,3.584,17.23,3.282633002
17.24,3.312,17.24,3.526705098,17.24,3.27920749
17.25,3.301,17.25,3.371705098,17.25,3.272612555
17.26,3.295,17.26,3.191294902,17.26,3.278457406
17.27,3.284,17.27,3.050294902,17.27,3.29041934
17.28,3.284,17.28,2.992,17.28,3.293366998
17.29,3.279,17.29,3.039294902,17.29,3.28679251
17.3,3.284,17.3,3.183294902,17.3,3.282387445
17.31,3.293,17.31,3.368705098,17.31,3.281542594
17.32,3.292,17.32,3.525705098,17.32,3.28558066
17.33,3.282,17.33,3.591,17.33,3.289633002
17.34,3.276,17.34,3.539705098,17.34,3.29220749
17.35,3.276,17.35,3.388705098,17.35,3.289612555
17.36,3.283,17.36,3.201294902,17.36,3.288457406
17.37,3.291,17.37,3.044294902,17.37,3.28441934
17.38,3.297,17.38,2.99,17.38,3.291366998
17.39,3.296,17.39,3.050294902,17.39,3.29779251
17.4,3.294,17.4,3.201294902,17.4,3.300387445
17.41,3.287,17.41,3.383705098,17.41,3.296542594
17.42,3.29,17.42,3.548705098,17.42,3.30858066
17.43,3.293,17.43,3.595,17.43,3.293633002
17.44,3.294,17.44,3.524705098,17.44,3.27720749
17.45,3.291,17.45,3.373705098,17.45,3.274612555
17.46,3.306,17.46,3.194294902,17.46,3.281457406
17.47,3.295,17.47,3.053294902,17.47,3.29341934
17.48,3.282,17.48,2.998,17.48,3.299366998
17.49,3.281,17.49,3.057294902,17.49,3.30479251
17.5,3.287,17.5,3.200294902,17.5,3.299387445
17.51,3.296,17.51,3.380705098,17.51,3.293542594
17.52,3.298,17.52,3.528705098,17.52,3.28858066
17.53,3.3,17.53,3.579,17.53,3.277633002
17.54,3.293,17.54,3.518705098,17.54,3.27120749
17.55,3.288,17.55,3.381705098,17.55,3.282612555
17.56,3.286,17.56,3.200294902,17.56,3.287457406
17.57,3.279,17.57,3.045294902,17.57,3.28541934
17.58,3.276,17.58,2.991,17.58,3.292366998
17.59,3.289,17.59,3.061294902,17.59,3.30879251
17.6,3.293,17.6,3.204294902,17.6,3.303387445
17.61,3.288,17.61,3.380705098,17.61,3.293542594
17.62,3.291,17.62,3.530705098,17.62,3.29058066
17.63,3.304,17.63,3.595,17.63,3.293633002
17.64,3.297,17.64,3.539705098,17.64,3.29220749
17.65,3.288,17.65,3.383705098,17.65,3.284612555
17.66,3.288,17.66,3.188294902,17.66,3.275457406
17.67,3.295,17.67,3.031294902,17.67,3.27141934
17.68,3.297,17.68,2.941,17.68,3.242366998
17.69,3.291,17.69,2.992294902,17.69,3.23979251
17.7,3.281,17.7,3.251294902,17.7,3.350387445
17.71,3.274,17.71,3.584705098,17.71,3.497542594
17.72,3.241,17.72,3.665705098,17.72,3.42558066
17.73,3.235,17.73,3.504,17.73,3.202633002
17.74,3.344,17.74,3.385705098,17.74,3.13820749
17.75,3.492,17.75,3.299705098,17.75,3.200612555
17.76,3.423,17.76,3.170294902,17.76,3.257457406
17.77,3.204,17.77,3.056294902,17.77,3.29641934
17.78,3.143,17.78,3.002,17.78,3.303366998
17.79,3.207,17.79,3.057294902,17.79,3.30479251
17.8,3.263,17.8,3.206294902,17.8,3.305387445
17.81,3.299,17.81,3.375705098,17.81,3.288542594
17.82,3.302,17.82,3.541705098,17.82,3.30158066
17.83,3.3,17.83,3.608,17.83,3.306633002
17.84,3.299,17.84,3.537705098,17.84,3.29020749
17.85,3.283,17.85,3.379705098,17.85,3.280612555
17.86,3.299,17.86,3.193294902,17.86,3.280457406
17.87,3.308,17.87,3.038294902,17.87,3.27841934
17.88,3.295,17.88,2.994,17.88,3.295366998
17.89,3.287,17.89,3.054294902,17.89,3.30179251
17.9,3.286,17.9,3.195294902,17.9,3.294387445
17.91,3.281,17.91,3.374705098,17.91,3.287542594
17.92,3.294,17.92,3.529705098,17.92,3.28958066
17.93,3.297,17.93,3.614,17.93,3.312633002
17.94,3.288,17.94,3.556705098,17.94,3.30920749
17.95,3.282,17.95,3.409705098,17.95,3.310612555
17.96,3.287,17.96,3.214294902,17.96,3.301457406
17.97,3.314,17.97,3.056294902,17.97,3.29641934
17.98,3.314,17.98,2.992,17.98,3.293366998
17.99,3.317,17.99,3.036294902,17.99,3.28379251
18,3.307,18,3.185294902,18,3.284387445
18.01,3.299,18.01,3.377705098,18.01,3.290542594
18.02,3.292,18.02,3.519705098,18.02,3.27958066
18.03,3.279,18.03,3.586,18.03,3.284633002
18.04,3.278,18.04,3.531705098,18.04,3.28420749
18.05,3.285,18.05,3.383705098,18.05,3.284612555
18.06,3.277,18.06,3.202294902,18.06,3.289457406
18.07,3.286,18.07,3.044294902,18.07,3.28441934
18.08,3.289,18.08,2.978,18.08,3.279366998
18.09,3.291,18.09,3.036294902,18.09,3.28379251
18.1,3.295,18.1,3.209294902,18.1,3.308387445
18.11,3.287,18.11,3.397705098,18.11,3.310542594
18.12,3.278,18.12,3.540705098,18.12,3.30058066
18.13,3.279,18.13,3.587,18.13,3.285633002
18.14,3.302,18.14,3.535705098,18.14,3.28820749
18.15,3.305,18.15,3.378705098,18.15,3.279612555
18.16,3.298,18.16,3.196294902,18.16,3.283457406
18.17,3.287,18.17,3.047294902,18.17,3.28741934
18.18,3.293,18.18,2.985,18.18,3.286366998
18.19,3.286,18.19,3.047294902,18.19,3.29479251
18.2,3.289,18.2,3.199294902,18.2,3.298387445
18.21,3.29,18.21,3.388705098,18.21,3.301542594
18.22,3.285,18.22,3.541705098,18.22,3.30158066
18.23,3.29,18.23,3.588,18.23,3.286633002
18.24,3.292,18.24,3.531705098,18.24,3.28420749
18.25,3.296,18.25,3.378705098,18.25,3.279612555
18.26,3.299,18.26,3.193294902,18.26,3.280457406
18.27,3.288,18.27,3.052294902,18.27,3.29241934
18.28,3.289,18.28,2.995,18.28,3.296366998
18.29,3.286,18.29,3.052294902,18.29,3.29979251
18.3,3.286,18.3,3.198294902,18.3,3.297387445
18.31,3.295,18.31,3.390705098,18.31,3.303542594
18.32,3.295,18.32,3.536705098,18.32,3.29658066
18.33,3.295,18.33,3.586,18.33,3.284633002
18.34,3.291,18.34,3.523705098,18.34,3.27620749
18.35,3.298,18.35,3.377705098,18.35,3.278612555
18.36,3.294,18.36,3.190294902,18.36,3.277457406
18.37,3.286,18.37,3.041294902,18.37,3.28141934
18.38,3.281,18.38,2.985,18.38,3.286366998
18.39,3.285,18.39,3.055294902,18.39,3.30279251
18.4,3.283,18.4,3.210294902,18.4,3.309387445
18.41,3.284,18.41,3.375705098,18.41,3.288542594
18.42,3.285,18.42,3.525705098,18.42,3.28558066
18.43,3.298,18.43,3.59,18.43,3.288633002
18.44,3.303,18.44,3.529705098,18.44,3.28220749
18.45,3.283,18.45,3.357705098,18.45,3.258612555
18.46,3.283,18.46,3.150294902,18.46,3.237457406
18.47,3.29,18.47,3.024294902,18.47,3.26441934
18.48,3.287,18.48,3.136,18.48,3.437366998
18.49,3.265,18.49,3.236294902,18.49,3.48379251
18.5,3.243,18.5,3.217294902,18.5,3.316387445
18.51,3.267,18.51,3.239705098,18.51,3.152542594
18.52,3.436,18.52,3.398705098,18.52,3.15858066
18.53,3.479,18.53,3.536,18.53,3.234633002
18.54,3.31,18.54,3.518705098,18.54,3.27120749
18.55,3.147,18.55,3.388705098,18.55,3.289612555
18.56,3.156,18.56,3.210294902,18.56,3.297457406
18.57,3.236,18.57,3.054294902,18.57,3.29441934
18.58,3.276,18.58,3.003,18.58,3.304366998
18.59,3.296,18.59,3.064294902,18.59,3.31179251
18.6,3.303,18.6,3.208294902,18.6,3.307387445
18.61,3.297,18.61,3.383705098,18.61,3.296542594
18.62,3.303,18.62,3.528705098,18.62,3.28858066
18.63,3.307,18.63,3.59,18.63,3.288633002
18.64,3.301,18.64,3.539705098,18.64,3.29220749
18.65,3.291,18.65,3.378705098,18.65,3.279612555
18.66,3.286,18.66,3.184294902,18.66,3.271457406
18.67,3.29,18.67,3.041294902,18.67,3.28141934
18.68,3.297,18.68,2.991,18.68,3.292366998
18.69,3.286,18.69,3.057294902,18.69,3.30479251
18.7,3.277,18.7,3.210294902,18.7,3.309387445
18.71,3.284,18.71,3.394705098,18.71,3.307542594
18.72,3.291,18.72,3.546705098,18.72,3.30658066
18.73,3.3,18.73,3.607,18.73,3.305633002
18.74,3.303,18.74,3.550705098,18.74,3.30320749
18.75,3.302,18.75,3.398705098,18.75,3.299612555
18.76,3.304,18.76,3.194294902,18.76,3.281457406
18.77,3.307,18.77,3.045294902,18.77,3.28541934
18.78,3.308,18.78,2.982,18.78,3.283366998
18.79,3.306,18.79,3.042294902,18.79,3.28979251
18.8,3.287,18.8,3.195294902,18.8,3.294387445
18.81,3.288,18.81,3.380705098,18.81,3.293542594
18.82,3.282,18.82,3.536705098,18.82,3.29658066
18.83,3.285,18.83,3.589,18.83,3.287633002
18.84,3.288,18.84,3.523705098,18.84,3.27620749
18.85,3.288,18.85,3.378705098,18.85,3.279612555
18.86,3.294,18.86,3.191294902,18.86,3.278457406
18.87,3.289,18.87,3.047294902,18.87,3.28741934
18.88,3.281,18.88,2.995,18.88,3.296366998
18.89,3.286,18.89,3.046294902,18.89,3.29379251
18.9,3.284,18.9,3.193294902,18.9,3.292387445
18.91,3.29,18.91,3.380705098,18.91,3.293542594
18.92,3.295,18.92,3.527705098,18.92,3.28758066
18.93,3.289,18.93,3.599,18.93,3.297633002
18.94,3.286,18.94,3.545705098,18.94,3.29820749
18.95,3.288,18.95,3.381705098,18.95,3.282612555
18.96,3.285,18.96,3.190294902,18.96,3.277457406
18.97,3.299,18.97,3.037294902,18.97,3.27741934
18.98,3.303,18.98,2.996,18.98,3.297366998
18.99,3.289,18.99,3.050294902,18.99,3.29779251
19,3.283,19,3.200294902,19,3.299387445
19.01,3.28,19.01,3.384705098,19.01,3.297542594
19.02,3.296,19.02,3.536705098,19.02,3.29658066
19.03,3.293,19.03,3.59,19.03,3.288633002
19.04,3.293,19.04,3.532705098,19.04,3.28520749
19.05,3.292,19.05,3.383705098,19.05,3.284612555
19.06,3.294,19.06,3.203294902,19.06,3.290457406
19.07,3.29,19.07,3.046294902,19.07,3.28641934
19.08,3.29,19.08,2.984,19.08,3.285366998
19.09,3.291,19.09,3.047294902,19.09,3.29479251
19.1,3.296,19.1,3.209294902,19.1,3.308387445
19.11,3.289,19.11,3.384705098,19.11,3.297542594
19.12,3.284,19.12,3.524705098,19.12,3.28458066
19.13,3.29,19.13,3.582,19.13,3.280633002
19.14,3.302,19.14,3.525705098,19.14,3.27820749
19.15,3.292,19.15,3.385705098,19.15,3.286612555
19.16,3.282,19.16,3.199294902,19.16,3.286457406
19.17,3.282,19.17,3.045294902,19.17,3.28541934
19.18,3.283,19.18,2.992,19.18,3.293366998
19.19,3.293,19.19,3.048294902,19.19,3.29579251
19.2,3.292,19.2,3.200294902,19.2,3.299387445
19.21,3.288,19.21,3.389705098,19.21,3.302542594
19.22,3.292,19.22,3.535705098,19.22,3.29558066
19.23,3.291,19.23,3.59,19.23,3.288633002
19.24,3.293,19.24,3.534705098,19.24,3.28720749
19.25,3.297,19.25,3.366705098,19.25,3.267612555
19.26,3.293,19.26,3.144294902,19.26,3.231457406
19.27,3.29,19.27,3.023294902,19.27,3.26341934
19.28,3.292,19.28,3.13,19.28,3.431366998
19.29,3.274,19.29,3.243294902,19.29,3.49079251
19.3,3.237,19.3,3.216294902,19.3,3.315387445
19.31,3.266,19.31,3.242705098,19.31,3.155542594
19.32,3.43,19.32,3.399705098,19.32,3.15958066
19.33,3.486,19.33,3.52,19.33,3.218633002
19.34,3.309,19.34,3.514705098,19.34,3.26720749
19.35,3.15,19.35,3.392705098,19.35,3.293612555
19.36,3.157,19.36,3.209294902,19.36,3.296457406
19.37,3.22,19.37,3.055294902,19.37,3.29541934
19.38,3.272,19.38,3.01,19.38,3.311366998
19.39,3.3,19.39,3.062294902,19.39,3.30979251
19.4,3.302,19.4,3.214294902,19.4,3.313387445
19.41,3.298,19.41,3.391705098,19.41,3.304542594
19.42,3.31,19.42,3.529705098,19.42,3.28958066
19.43,3.305,19.43,3.584,19.43,3.282633002
19.44,3.307,19.44,3.529705098,19.44,3.28220749
19.45,3.299,19.45,3.376705098,19.45,3.277612555
19.46,3.287,19.46,3.194294902,19.46,3.281457406
19.47,3.284,19.47,3.052294902,19.47,3.29241934
19.48,3.287,19.48,2.991,19.48,3.292366998
19.49,3.284,19.49,3.045294902,19.49,3.29279251
19.5,3.287,19.5,3.212294902,19.5,3.311387445
19.51,3.295,19.51,3.399705098,19.51,3.312542594
19.52,3.291,19.52,3.558705098,19.52,3.31858066
19.53,3.288,19.53,3.606,19.53,3.304633002
19.54,3.305,19.54,3.541705098,19.54,3.29420749
19.55,3.307,19.55,3.384705098,19.55,3.285612555
19.56,3.316,19.56,3.198294902,19.56,3.285457406
19.57,3.306,19.57,3.042294902,19.57,3.28241934
19.58,3.299,19.58,2.979,19.58,3.280366998
19.59,3.292,19.59,3.042294902,19.59,3.28979251
19.6,3.291,19.6,3.189294902,19.6,3.288387445
19.61,3.285,19.61,3.374705098,19.61,3.287542594
19.62,3.279,19.62,3.530705098,19.62,3.29058066
19.63,3.285,19.63,3.587,19.63,3.285633002
19.64,3.282,19.64,3.533705098,19.64,3.28620749
19.65,3.282,19.65,3.384705098,19.65,3.285612555
19.66,3.288,19.66,3.196294902,19.66,3.283457406
19.67,3.287,19.67,3.045294902,19.67,3.28541934
19.68,3.291,19.68,2.985,19.68,3.286366998
19.69,3.292,19.69,3.059294902,19.69,3.30679251
19.7,3.289,19.7,3.201294902,19.7,3.300387445
19.71,3.288,19.71,3.373705098,19.71,3.286542594
19.72,3.285,19.72,3.538705098,19.72,3.29858066
19.73,3.302,19.73,3.606,19.73,3.304633002
19.74,3.294,19.74,3.533705098,19.74,3.28620749
19.75,3.281,19.75,3.377705098,19.75,3.278612555
19.76,3.296,19.76,3.197294902,19.76,3.284457406
19.77,3.306,19.77,3.048294902,19.77,3.28841934
