0.01,3.29,0.01,4.147409534,0.01,2.838918604
0.02,3.302,0.02,3.762002533,0.02,2.834779117
0.03,3.308,0.03,4.385092628,0.03,2.837890562
0.04,3.306,0.04,4.399728813,0.04,2.837197215
0.05,3.299,0.05,4.446903055,0.05,2.831615387
0.06,3.295,0.06,4.13361736,0.06,2.822117121
0.07,3.298,0.07,4.261490985,0.07,2.825423686
0.08,3.297,0.08,4.138264771,0.08,2.820953314
0.09,3.291,0.09,4.319861063,0.09,2.826315741
0.1,3.281,0.1,4.482301858,0.1,2.833315798
0.11,3.284,0.11,4.156255404,0.11,2.830120703
0.12,3.279,0.12,3.880591334,0.12,2.829037098
0.13,3.284,0.13,3.663689321,0.13,2.833674671
0.14,3.291,0.14,4.337782035,0.14,2.829563153
0.15,3.288,0.15,4.028312242,0.15,2.827702543
0.16,3.287,0.16,4.116342018,0.16,2.835535276
0.17,3.292,0.17,4.689718924,0.17,2.831451653
0.18,3.288,0.18,4.349780042,0.18,2.83734019
0.19,3.286,0.19,4.198647936,0.19,2.830312311
0.2,3.294,0.2,4.685018983,0.2,2.825368014
0.21,3.29,0.21,4.271628457,0.21,2.833423743
0.22,3.296,0.22,3.909054025,0.22,2.830451617
0.23,3.289,0.23,4.26502086,0.23,2.824814046
0.24,3.284,0.24,3.939430236,0.24,2.824981276
0.25,3.292,0.25,3.957549068,0.25,2.835702484
0.26,3.289,0.26,4.320523707,0.26,2.837591055
0.27,3.283,0.27,4.037854228,0.27,2.832535366
0.28,3.283,0.28,4.021511179,0.28,2.832312326
0.29,3.294,0.29,4.520757435,0.29,2.828200747
0.3,3.296,0.3,3.98219951,0.3,2.825479482
0.31,3.291,0.31,4.50887978,0.31,2.828730367
0.32,3.291,0.32,3.935028722,0.32,2.832730383
0.33,3.287,0.33,4.419309845,0.33,2.830786182
0.34,3.284,0.34,4.068839383,0.34,2.824897688
0.35,3.287,0.35,3.983799675,0.35,2.822009135
0.36,3.291,0.36,4.584431035,0.36,2.818315716
0.37,3.289,0.37,4.371452612,0.37,2.822622349
0.38,3.283,0.38,4.073666993,0.38,2.829678148
0.39,3.28,0.39,3.862051493,0.39,2.833455211
0.4,3.276,0.4,4.146574596,0.4,2.832176502
0.41,3.28,0.41,4.760933384,0.41,2.848312357
0.42,3.287,0.42,4.237881245,0.42,2.849503991
0.43,3.291,0.43,4.310308367,0.43,2.841113763
0.44,3.29,0.44,4.480927441,0.44,2.846667707
0.45,3.307,0.45,4.252506727,0.45,2.842305234
0.46,3.309,0.46,4.318236137,0.46,2.829779109
0.47,3.301,0.47,4.380852921,0.47,2.824475954
0.48,3.307,0.48,4.145647226,0.48,2.829810384
0.49,3.303,0.49,3.641593634,0.49,2.846838329
0.5,3.29,0.5,4.242970992,0.5,2.85355974
0.51,3.284,0.51,3.755506766,0.51,2.832504058
0.52,3.289,0.52,4.324905791,0.52,2.832280933
0.53,3.306,0.53,3.956228927,0.53,2.829280771
0.54,3.313,0.54,4.573548405,0.54,2.831698902
0.55,3.292,0.55,4.053759396,0.55,2.837172895
0.56,3.292,0.56,4.289490578,0.56,2.835117172
0.57,3.289,0.57,4.37024789,0.57,2.839922067
0.58,3.291,0.58,4.389947229,0.58,2.834782678
0.59,3.296,0.59,4.929369633,0.59,2.823033516
0.6,3.294,0.6,4.57373301,0.6,2.82147946
0.61,3.299,0.61,4.433468203,0.61,2.825758163
0.62,3.294,0.62,4.6819285,0.62,2.82714848
0.63,3.282,0.63,4.044900535,0.63,2.823510935
0.64,3.28,0.64,4.091697208,0.64,2.818678171
0.65,3.284,0.65,4.1548035,0.65,2.802263482
0.66,3.285,0.66,4.113816864,0.66,2.782545651
0.67,3.281,0.67,4.421658802,0.67,2.808158843
0.68,3.276,0.68,3.860771243,0.68,2.977810581
0.69,3.259,0.69,4.762832697,0.69,3.037483804
0.7,3.238,0.7,4.183764132,0.7,2.864449485
0.71,3.263,0.71,4.083147116,0.71,2.681984968
0.72,3.437,0.72,3.855326915,0.72,2.677439319
0.73,3.503,0.73,3.936685669,0.73,2.766432116
0.74,3.332,0.74,4.452488371,0.74,2.824817186
0.75,3.147,0.75,4.125858718,0.75,2.837128715
0.76,3.139,0.76,3.944269121,0.76,2.842031092
0.77,3.222,0.77,4.022060081,0.77,2.840626321
0.78,3.274,0.78,4.389416321,0.78,2.852145178
0.79,3.285,0.79,3.902186878,0.79,2.854030153
0.8,3.294,0.8,4.308108026,0.8,2.839612005
0.81,3.297,0.81,4.368137462,0.81,2.84236104
0.82,3.311,0.82,4.12707549,0.82,2.835388803
0.83,3.314,0.83,4.405910754,0.83,2.829974176
0.84,3.3,0.84,4.044944521,0.84,2.826754704
0.85,3.303,0.85,4.561913865,0.85,2.81742367
0.86,3.296,0.86,4.195937507,0.86,2.824009059
0.87,3.29,0.87,4.561292991,0.87,2.8263436
0.88,3.286,0.88,4.146363246,0.88,2.829427295
0.89,3.276,0.89,4.353021671,0.89,2.839120732
0.9,3.282,0.9,4.716137267,0.9,2.848256618
0.91,3.284,0.91,3.863458604,0.91,2.847559782
0.92,3.287,0.92,4.565319537,0.92,2.852751394
0.93,3.297,0.93,3.935269836,0.93,2.849110208
0.94,3.307,0.94,3.737639273,0.94,2.840970777
0.95,3.307,0.95,4.515697432,0.95,2.848887108
0.96,3.313,0.96,4.176200518,0.96,2.8274167
0.97,3.31,0.97,4.113649929,0.97,2.827141429
0.98,3.302,0.98,4.250668226,0.98,2.817089139
0.99,3.31,0.99,4.761514487,0.99,2.82267449
1,3.288,1,4.410384846,1,2.83903699
1.01,3.287,1.01,3.903886878,1.01,2.834897711
1.02,3.276,1.02,3.889896869,1.02,2.829869904
1.03,3.281,1.03,3.930500245,1.03,2.812037046
1.04,3.297,1.04,4.619004142,1.04,2.825953282
1.05,3.293,1.05,4.009776232,1.05,2.823399319
1.06,3.288,1.06,4.09910093,1.06,2.838315801
1.07,3.27,1.07,4.269166213,1.07,2.829343775
1.08,3.284,1.08,4.27473227,1.08,2.834702591
1.09,3.281,1.09,4.408698105,1.09,2.833479568
1.1,3.296,1.1,4.181560969,1.1,2.835117147
1.11,3.287,1.11,4.225791965,1.11,2.835172935
1.12,3.293,1.12,4.195739862,1.12,2.836922036
1.13,3.292,1.13,3.939186423,1.13,2.830033538
1.14,3.294,1.14,3.778120842,1.14,2.831089259
1.15,3.294,1.15,4.740947539,1.15,2.832172867
1.16,3.296,1.16,4.279741225,1.16,2.828368001
1.17,3.289,1.17,4.170076624,1.17,2.833479529
1.18,3.29,1.18,4.751145957,1.18,2.838256532
1.19,3.291,1.19,4.306469411,1.19,2.844866321
1.2,3.287,1.2,4.449486851,1.2,2.835754859
1.21,3.292,1.21,4.290217958,1.21,2.820949919
1.22,3.297,1.22,4.641989852,1.22,2.829061308
1.23,3.304,1.23,4.336325957,1.23,2.833200663
1.24,3.295,1.24,4.269905331,1.24,2.817981269
1.25,3.28,1.25,4.363439858,1.25,2.827260042
1.26,3.288,1.26,4.51225034,1.26,2.830036984
1.27,3.292,1.27,3.984761486,1.27,2.83100916
1.28,3.276,1.28,4.284165165,1.28,2.836925614
1.29,3.285,1.29,4.108830171,1.29,2.83542383
1.3,3.288,1.3,4.813989952,1.3,2.833228695
1.31,3.289,1.31,4.489512353,1.31,2.834089291
1.32,3.295,1.32,3.959897058,1.32,2.833005634
1.33,3.294,1.33,4.661283305,1.33,2.831145017
1.34,3.292,1.34,3.988351782,1.34,2.826395887
1.35,3.293,1.35,4.461236281,1.35,2.82367461
1.36,3.292,1.36,4.074445718,1.36,2.83856311
1.37,3.29,1.37,4.900807716,1.37,2.835507426
1.38,3.285,1.38,4.331325588,1.38,2.838312363
1.39,3.282,1.39,4.467358063,1.39,2.844782725
1.4,3.297,1.4,4.072510799,1.4,2.840280929
1.41,3.294,1.41,4.54540213,1.41,2.828531806
1.42,3.297,1.42,3.812062298,1.42,2.811200708
1.43,3.304,1.43,4.255319391,1.43,2.814869593
1.44,3.3,1.44,4.163054481,1.44,2.829343498
1.45,3.288,1.45,4.284326473,1.45,2.837483044
1.46,3.27,1.46,4.146553516,1.46,2.834371692
1.47,3.273,1.47,4.327998209,1.47,2.84056328
1.48,3.287,1.48,4.645851538,1.48,2.828172942
1.49,3.295,1.49,3.84527825,1.49,2.830117133
1.5,3.292,1.5,4.19920218,1.5,2.836117115
1.51,3.299,1.51,4.138705767,1.51,2.811730363
1.52,3.287,1.52,4.006231609,1.52,2.780458577
1.53,3.289,1.53,4.42157871,1.53,2.799350393
1.54,3.295,1.54,3.926160424,1.54,2.921813877
1.55,3.27,1.55,4.532210489,1.55,3.024434772
1.56,3.237,1.56,4.300366755,1.56,2.929895375
1.57,3.255,1.57,4.009409541,1.57,2.732954006
1.58,3.38,1.58,4.028314409,1.58,2.670352867
1.59,3.488,1.59,4.311955739,1.59,2.729731734
1.6,3.397,1.6,4.055904151,1.6,2.803255554
1.61,3.199,1.61,4.400048214,1.61,2.850016808
1.62,3.133,1.62,4.127766525,1.62,2.858923222
1.63,3.187,1.63,3.993768785,1.63,2.853016905
1.64,3.254,1.64,4.836639046,1.64,2.851559958
1.65,3.298,1.65,4.342410162,1.65,2.84511019
1.66,3.31,1.66,4.593774985,1.66,2.838082235
1.67,3.309,1.67,3.974737172,1.67,2.83255607
1.68,3.311,1.68,4.879679846,1.68,2.825225029
1.69,3.306,1.69,3.944725603,1.69,2.822061279
1.7,3.299,1.7,3.852987178,1.7,2.835395809
1.71,3.293,1.71,4.450431487,1.71,2.832618894
1.72,3.285,1.72,4.350549507,1.72,2.83461897
1.73,3.281,1.73,4.361948496,1.73,2.820786198
1.74,3.294,1.74,4.378156634,1.74,2.826674596
1.75,3.291,1.75,4.507283133,1.75,2.832758225
1.76,3.293,1.76,4.696561989,1.76,2.836646787
1.77,3.279,1.77,4.432229318,1.77,2.844368131
1.78,3.285,1.78,4.477385983,1.78,2.846615498
1.79,3.291,1.79,3.954075472,1.79,2.854779241
1.8,3.295,1.8,4.358356148,1.8,2.840500477
1.81,3.303,1.81,4.465223609,1.81,2.837416772
1.82,3.306,1.82,4.329348265,1.82,2.827834807
1.83,3.315,1.83,4.102689534,1.83,2.825420125
1.84,3.301,1.84,4.231752041,1.84,2.837921934
1.85,3.298,1.85,4.127709993,1.85,2.835117132
1.86,3.288,1.86,4.256593745,1.86,2.827451705
1.87,3.285,1.87,4.761433313,1.87,2.820702527
1.88,3.297,1.88,4.545284,1.88,2.832535186
1.89,3.294,1.89,4.173369291,1.89,2.832702496
1.9,3.286,1.9,4.781182723,1.9,2.835702588
1.91,3.279,1.91,4.201220175,1.91,2.832563229
1.92,3.291,1.92,3.782665437,1.92,2.823479529
1.93,3.291,1.93,4.197144504,1.93,2.81886973
1.94,3.294,1.94,4.243801747,1.94,2.828009064
1.95,3.291,1.95,4.076171884,1.95,2.835037003
1.96,3.282,1.96,4.023052847,1.96,2.840814114
1.97,3.277,1.97,4.276196445,1.97,2.837423903
1.98,3.286,1.98,4.319797082,1.98,2.833005712
1.99,3.293,1.99,4.598958252,1.99,2.825061382
2,3.299,2,3.763951957,2,2.842810459
2.01,3.296,2.01,4.24979289,2.01,2.83203352
2.02,3.292,2.02,4.690117272,2.02,2.826340187
2.03,3.284,2.03,4.301118845,2.03,2.820702509
2.04,3.302,2.04,3.716908231,2.04,2.829590911
2.05,3.291,2.05,4.005180831,2.05,2.83970251
2.06,3.285,2.06,4.197544861,2.06,2.828814105
2.07,3.279,2.07,4.150356728,2.07,2.830702602
2.08,3.288,2.08,4.531026089,2.08,2.840145017
2.09,3.298,2.09,4.212461806,2.09,2.83400565
2.1,3.287,2.1,3.790816088,2.1,2.826368076
2.11,3.289,2.11,4.085284761,2.11,2.835172881
2.12,3.299,2.12,4.733844224,2.12,2.84378261
2.13,3.293,2.13,4.222704244,2.13,2.835894209
2.14,3.285,2.14,4.026671357,2.14,2.834866348
2.15,3.294,2.15,3.797006262,2.15,2.821977744
2.16,3.303,2.16,4.150915542,2.16,2.820395792
2.17,3.295,2.17,4.110756493,2.17,2.827869681
2.18,3.294,2.18,4.100968486,2.18,2.83103699
2.19,3.281,2.19,3.55112812,2.19,2.837009222
2.2,3.279,2.2,4.681479548,2.2,2.843423873
2.21,3.286,2.21,4.30706741,2.21,2.840838489
2.22,3.289,2.22,4.533387935,2.22,2.828782709
2.23,3.295,2.23,4.048363015,2.23,2.825894111
2.24,3.302,2.24,4.37420888,2.24,2.823256412
2.25,3.3,2.25,4.461230198,2.25,2.826730313
2.26,3.288,2.26,4.18818896,2.26,2.831037017
2.27,3.285,2.27,4.529971604,2.27,2.838786192
2.28,3.282,2.28,4.510710143,2.28,2.831646857
2.29,3.285,2.29,4.237623496,2.29,2.832395952
2.3,3.289,2.3,3.773418617,2.3,2.796259994
2.31,3.297,2.31,3.705666612,2.31,2.786542085
2.32,3.29,2.32,4.186056171,2.32,2.832765031
2.33,3.291,2.33,4.562488422,2.33,2.998054505
2.34,3.254,2.34,3.468,2.34,3.002121553
2.35,3.243,2.35,4.153274119,2.35,2.809508532
2.36,3.289,2.36,4.044420288,2.36,2.670545488
2.37,3.459,2.37,3.874693098,2.37,2.700139502
2.38,3.468,2.38,3.863650559,2.38,2.797909885
2.39,3.276,2.39,4.097629102,2.39,2.836012808
2.4,3.134,2.4,4.052235815,2.4,2.830902337
2.41,3.16,2.41,4.244859642,2.41,2.843358414
2.42,3.252,2.42,4.168108683,2.42,2.84731601
2.43,3.285,2.43,3.833406632,2.43,2.849727039
2.44,3.28,2.44,3.642949987,2.44,2.835448295
2.45,3.297,2.45,4.192008435,2.45,2.836974271
2.46,3.305,2.46,4.269029491,2.46,2.830169312
2.47,3.309,2.47,4.735040755,2.47,2.831559557
2.48,3.295,2.48,4.477435913,2.48,2.83983837
2.49,3.297,2.49,4.527339769,2.49,2.82514502
2.5,3.29,2.5,4.079539983,2.5,2.82064677
2.51,3.291,2.51,4.032112543,2.51,2.819981191
2.52,3.299,2.52,4.085426329,2.52,2.83298118
2.53,3.284,2.53,4.51808175,2.53,2.829315813
2.54,3.279,2.54,4.611239223,2.54,2.83020436
2.55,3.278,2.55,4.515525366,2.55,2.848423841
2.56,3.291,2.56,4.080363499,2.56,2.852476102
2.57,3.287,2.57,4.339771124,2.57,2.857723563
2.58,3.288,2.58,4.211324085,2.58,2.857831543
2.59,3.307,2.59,4.652317926,2.59,2.843357559
2.6,3.312,2.6,4.5701199,2.6,2.830775586
2.61,3.318,2.61,4.395103284,2.61,2.829388722
2.62,3.319,2.62,3.958519341,2.62,2.82433646
2.63,3.305,2.63,4.42109734,2.63,2.822395791
2.64,3.292,2.64,4.364137142,2.64,2.82598122
2.65,3.29,2.65,4.556325342,2.65,2.835925506
2.66,3.284,2.66,4.14461831,2.66,2.827064956
2.67,3.281,2.67,3.908756448,2.67,2.819260076
2.68,3.284,2.68,4.281938343,2.68,2.822287864
2.69,3.294,2.69,3.97336359,2.69,2.840869713
2.7,3.285,2.7,4.433252092,2.7,2.831981347
2.71,3.277,2.71,4.51602763,2.71,2.82309289
2.72,3.28,2.72,3.965357746,2.72,2.834646783
2.73,3.299,2.73,4.265241116,2.73,2.829423719
2.74,3.29,2.74,4.246521842,2.74,2.827786175
2.75,3.281,2.75,3.940997949,2.75,2.829841926
2.76,3.293,2.76,4.96827596,2.76,2.824786122
2.77,3.288,2.77,4.281172427,2.77,2.837702527
2.78,3.286,2.78,4.587354521,2.78,2.847200823
2.79,3.288,2.79,4.389577597,2.79,2.837894257
2.8,3.283,2.8,4.231464754,2.8,2.840559747
2.81,3.296,2.81,4.366366007,2.81,2.834253011
2.82,3.306,2.82,4.389923961,2.82,2.82653171
2.83,3.297,2.83,3.608539538,2.83,2.82708921
2.84,3.3,2.84,4.69406498,2.84,2.824479437
2.85,3.294,2.85,4.188929192,2.85,2.829813983
2.86,3.286,2.86,4.366742571,2.86,2.823176406
2.87,3.286,2.87,4.154833523,2.87,2.82720428
2.88,3.283,2.88,4.420435476,2.88,2.837925539
2.89,3.288,2.89,4.078426136,2.89,2.834646824
2.9,3.281,2.9,4.412599492,2.9,2.836451744
2.91,3.285,2.91,4.157858051,2.91,2.833145068
2.92,3.296,2.92,4.245548005,2.92,2.829061382
2.93,3.293,2.93,4.186513828,2.93,2.828312247
2.94,3.295,2.94,5.100611956,2.94,2.830423732
2.95,3.292,2.95,4.349618584,2.95,2.837395893
2.96,3.288,2.96,4.42795055,2.96,2.839228697
2.97,3.287,2.97,4.538582491,2.97,2.826312336
2.98,3.289,2.98,4.282275022,2.98,2.831228647
2.99,3.296,2.99,3.805705502,2.99,2.833144967
3,3.298,3,3.929559557,3,2.835200759
3.01,3.285,3.01,4.627536527,3.01,2.836284454
3.02,3.29,3.02,3.759460176,3.02,2.832117177
3.03,3.292,3.03,4.327371324,3.03,2.820423766
3.04,3.294,3.04,4.489679249,3.04,2.823702454
3.05,3.295,3.05,4.257186909,3.05,2.830841821
3.06,3.291,3.06,4.697263668,3.06,2.821287896
3.07,3.279,3.07,3.827236933,3.07,2.831343694
3.08,3.282,3.08,4.110823172,3.08,2.816483034
3.09,3.289,3.09,4.342454019,3.09,2.785597969
3.1,3.279,3.1,4.081319821,3.1,2.800517739
3.11,3.289,3.11,4.220660502,3.11,2.961559571
3.12,3.274,3.12,4.797322766,3.12,3.024957507
3.13,3.242,3.13,4.646491623,3.13,2.852703764
3.14,3.256,3.14,3.996681921,3.14,2.696960607
3.15,3.421,3.15,4.044172992,3.15,2.698634597
3.16,3.49,3.16,3.70461587,3.16,2.765209323
3.17,3.319,3.17,4.050755531,3.17,2.822287641
3.18,3.161,3.18,3.987632706,3.18,2.857623344
3.19,3.16,3.19,4.146929605,3.19,2.862302818
3.2,3.221,3.2,4.716266899,3.2,2.855037595
3.21,3.272,3.21,4.213320698,3.21,2.849556365
3.22,3.307,3.22,3.676471311,3.22,2.840719879
3.23,3.316,3.23,4.131113388,3.23,2.829193669
3.24,3.313,3.24,3.963632352,3.24,2.827002006
3.25,3.31,3.25,4.116537009,3.25,2.821893999
3.26,3.302,3.26,4.482858175,3.26,2.824646672
3.27,3.29,3.27,4.432754916,3.27,2.828092739
3.28,3.287,3.28,4.286805073,3.28,2.833064914
3.29,3.281,3.29,4.108472858,3.29,2.821287957
3.3,3.283,3.3,4.093801704,3.3,2.840786175
3.31,3.286,3.31,4.320309535,3.31,2.84617294
3.32,3.291,3.32,4.211031971,3.32,2.833005751
3.33,3.279,3.33,4.249723098,3.33,2.832977861
3.34,3.299,3.34,3.745692155,3.34,2.847197218
3.35,3.305,3.35,4.471537335,3.35,2.851834898
3.36,3.292,3.36,3.983572479,3.36,2.845807141
3.37,3.292,3.37,4.136086716,3.37,2.843472593
3.38,3.307,3.38,4.43697394,3.38,2.833416721
3.39,3.312,3.39,4.146290455,3.39,2.830862668
3.4,3.306,3.4,4.189720932,3.4,2.821726789
3.41,3.304,3.41,4.337224264,3.41,2.827284288
3.42,3.294,3.42,4.249902641,3.42,2.82389759
3.43,3.291,3.43,3.809913084,3.43,2.825204255
3.44,3.281,3.44,4.619814904,3.44,2.831260045
3.45,3.286,3.45,4.024900221,3.45,2.833953428
3.46,3.282,3.46,4.04136189,3.46,2.820176461
3.47,3.283,3.47,3.444390488,3.47,2.823204277
3.48,3.289,3.48,4.233279191,3.48,2.841730354
3.49,3.292,3.49,4.458159263,3.49,2.837535317
3.5,3.278,3.5,4.549724198,3.5,2.827702658
3.51,3.281,3.51,4.145597548,3.51,2.826507425
3.52,3.3,3.52,3.941159459,3.52,2.837089189
3.53,3.296,3.53,3.882112294,3.53,2.834284393
3.54,3.286,3.54,3.867698174,3.54,2.832423839
3.55,3.285,3.55,4.781172781,3.55,2.829368051
3.56,3.296,3.56,4.349693741,3.56,2.829284359
3.57,3.293,3.57,4.613898978,3.57,2.830479499
3.58,3.291,3.58,4.660603411,3.58,2.830591021
3.59,3.288,3.59,4.340843028,3.59,2.835507418
3.6,3.288,3.6,4.38495172,3.6,2.841172937
3.61,3.289,3.61,4.356511201,3.61,2.832089332
3.62,3.289,3.62,4.243352657,3.62,2.832033553
3.63,3.294,3.63,4.189584791,3.63,2.835866243
3.64,3.3,3.64,4.618678275,3.64,2.830977743
3.65,3.291,3.65,4.571582251,3.65,2.827368031
3.66,3.291,3.66,3.899067793,3.66,2.845005634
3.67,3.295,3.67,4.542581802,3.67,2.837838421
3.68,3.29,3.68,4.457650872,3.68,2.836810601
3.69,3.286,3.69,4.005759001,3.69,2.827894176
3.7,3.304,3.7,4.181502385,3.7,2.830782565
3.71,3.297,3.71,4.855380184,3.71,2.824367964
3.72,3.296,3.72,4.317196173,3.72,2.834479483
3.73,3.287,3.73,3.912574488,3.73,2.83164679
3.74,3.29,3.74,3.797561144,3.74,2.829618928
3.75,3.283,3.75,4.714641698,3.75,2.827730425
3.76,3.293,3.76,4.62478696,3.76,2.836395874
3.77,3.29,3.77,4.359424128,3.77,2.845089303
3.78,3.288,3.78,4.433774478,3.78,2.838866366
3.79,3.286,3.79,4.087787668,3.79,2.833726977
3.8,3.295,3.8,4.154026017,3.8,2.830615372
3.81,3.304,3.81,4.432959466,3.81,2.819089182
3.82,3.298,3.82,4.571301419,3.82,2.820786055
3.83,3.293,3.83,4.215980428,3.83,2.83492545
3.84,3.29,3.84,4.070259929,3.84,2.825204289
3.85,3.278,3.85,4.238172901,3.85,2.827343727
3.86,3.279,3.86,4.568140023,3.86,2.809650281
3.87,3.293,3.87,4.084767636,3.87,2.786653655
3.88,3.283,3.88,4.293238117,3.88,2.807489845
3.89,3.285,3.89,4.225355602,3.89,2.944144998
3.9,3.267,3.9,4.562267946,3.9,3.031264127
3.91,3.243,3.91,4.445404407,3.91,2.888783872
3.92,3.263,3.92,3.677920753,3.92,2.696068755
3.93,3.403,3.93,4.541992749,3.93,2.675578999
3.94,3.496,3.94,4.022240133,3.94,2.762707367
3.95,3.356,3.95,4.458897882,3.95,2.819036502
3.96,3.161,3.96,4.126646523,3.96,2.839933498
3.97,3.137,3.97,4.501134939,3.97,2.852919617
3.98,3.219,3.98,4.24984187,3.98,2.84823615
3.99,3.269,3.99,4.368183681,3.99,2.849727125
4,3.288,4,4.111252123,4,2.835002232
4.01,3.305,4.01,4.105330428,4.01,2.828002096
4.02,3.305,4.02,4.345263623,4.02,2.82264315
4.03,3.309,4.03,3.904562343,4.03,2.827172754
4.04,3.295,4.04,4.420103091,4.04,2.835590978
4.05,3.288,4.05,3.655032937,4.05,2.83853532
4.06,3.282,4.06,4.338158987,4.06,2.829535365
4.07,3.286,4.07,4.521274345,4.07,2.820618918
4.08,3.294,4.08,4.300439341,4.08,2.813036934
4.09,3.297,4.09,3.998902364,4.09,2.819510771
4.1,3.288,4.1,4.312824646,4.1,2.822984722
4.11,3.279,4.11,4.069747491,4.11,2.844594582
4.12,3.271,4.12,4.305497334,4.12,2.864368208
4.13,3.277,4.13,4.771938993,4.13,2.866807295
4.14,3.28,4.14,3.814447458,4.14,2.853748027
4.15,3.302,4.15,4.545414306,4.15,2.841106689
4.16,3.323,4.16,4.596907372,4.16,2.837190118
4.17,3.327,4.17,4.423887191,4.17,2.836886959
4.18,3.315,4.18,4.326360452,4.18,2.833806913
4.19,3.303,4.19,4.21259844,4.19,2.82467109
4.2,3.299,4.2,3.993971369,4.2,2.820340067
4.21,3.298,4.21,4.124653481,4.21,2.820897541
4.22,3.294,4.22,3.890027857,4.22,2.833092711
4.23,3.284,4.23,4.464130909,4.23,2.835120695
4.24,3.279,4.24,4.573359869,4.24,2.828065002
4.25,3.279,4.25,4.139170905,4.25,2.825925576
4.26,3.291,4.26,4.187213071,4.26,2.834535239
4.27,3.293,4.27,3.985509952,4.27,2.831563145
4.28,3.286,4.28,4.605895938,4.28,2.821925566
4.29,3.284,4.29,4.071567654,4.29,2.832786146
4.3,3.293,4.3,4.336702405,4.3,2.835507372
4.31,3.29,4.31,4.500136185,4.31,2.828674694
4.32,3.28,4.32,4.380430624,4.32,2.833618957
4.33,3.291,4.33,4.54620316,4.33,2.829395888
4.34,3.294,4.34,4.312981843,4.34,2.831423764
4.35,3.287,4.35,4.161336073,4.35,2.848061424
4.36,3.292,4.36,4.379737614,4.36,2.850420347
4.37,3.288,4.37,4.606530286,4.37,2.832420401
4.38,3.29,4.38,4.205062635,4.38,2.83522517
4.39,3.307,4.39,4.654440698,4.39,2.825364405
4.4,3.31,4.4,4.429816977,4.4,2.827921909
4.41,3.292,4.41,4.189935105,4.41,2.826618856
4.42,3.295,4.42,4.361346398,4.42,2.833618868
4.43,3.285,4.43,4.27152685,4.43,2.839535316
4.44,3.287,4.44,4.325766958,4.44,2.838200846
4.45,3.285,4.45,4.124566747,4.45,2.828200842
4.46,3.292,4.46,4.681043352,4.46,2.829117129
4.47,3.298,4.47,4.323324021,4.47,2.835061333
4.48,3.297,4.48,4.308497205,4.48,2.834200761
4.49,3.287,4.49,4.030190003,4.49,2.824591065
4.5,3.288,4.5,4.084354322,4.5,2.824702508
4.51,3.294,4.51,3.533660591,4.51,2.829702459
4.52,3.293,4.52,4.268726434,4.52,2.828897631
4.53,3.283,4.53,4.329749885,4.53,2.83198132
4.54,3.283,4.54,3.860084758,4.54,2.828869813
4.55,3.288,4.55,4.201685386,4.55,2.835563166
4.56,3.287,4.56,4.793140719,4.56,2.835395931
4.57,3.29,4.57,4.550427767,4.57,2.822563179
4.58,3.287,4.58,4.621527302,4.58,2.827674637
4.59,3.294,4.59,4.713190971,4.59,2.835479466
4.6,3.294,4.6,4.549443955,4.6,2.834507412
4.61,3.281,4.61,4.038717586,4.61,2.841340241
4.62,3.286,4.62,3.888760482,4.62,2.837894213
4.63,3.294,4.63,3.865910904,4.63,2.82689417
4.64,3.293,4.64,4.277142399,4.64,2.817395856
4.65,3.3,4.65,4.34247687,4.65,2.789677993
4.66,3.297,4.66,4.11954434,4.66,2.786294661
4.67,3.286,4.67,4.214877745,4.67,2.891845242
4.68,3.276,4.68,4.362823635,4.68,3.020354449
4.69,3.247,4.69,3.83732742,4.69,2.938759394
4.7,3.242,4.7,3.657559541,4.7,2.742846176
4.71,3.349,4.71,4.427557748,4.71,2.682548231
4.72,3.483,4.72,4.514214211,4.72,2.744616816
4.73,3.405,4.73,4.035900677,4.73,2.808806077
4.74,3.208,4.74,4.267803713,4.74,2.834208404
4.75,3.145,4.75,4.465287668,4.75,2.851560702
4.76,3.203,4.76,4.19149835,4.76,2.852988867
4.77,3.261,4.77,4.676294972,4.77,2.843228934
4.78,3.283,4.78,3.925792513,4.78,2.841113754
4.79,3.303,4.79,4.594489389,4.79,2.830890603
4.8,3.309,4.8,3.951399837,4.8,2.839002058
4.81,3.302,4.81,4.285742025,4.81,2.832475972
4.82,3.301,4.82,4.045336774,4.82,2.830810496
4.83,3.291,4.83,3.705068912,4.83,2.834033509
4.84,3.299,4.84,4.077522108,4.84,2.817451601
4.85,3.292,4.85,4.2552075,4.85,2.818092718
4.86,3.29,4.86,4.094045901,4.86,2.829232064
4.87,3.293,4.87,4.165063121,4.87,2.831260005
4.88,3.276,4.88,3.871158695,4.88,2.83817651
4.89,3.276,4.89,3.671194586,4.89,2.845396017
4.9,3.287,4.9,4.164122896,4.9,2.845587622
4.91,3.289,4.91,4.206233644,4.91,2.851890746
4.92,3.296,4.92,4.22157469,4.92,2.843472583
4.93,3.304,4.93,4.010476479,4.93,2.835472521
4.94,3.305,4.94,4.29547022,4.94,2.839583954
4.95,3.312,4.95,3.704839686,4.95,2.832918426
4.96,3.304,4.96,4.707160046,4.96,2.825671094
4.97,3.296,4.97,4.581809027,4.97,2.825228583
4.98,3.3,4.98,4.075848722,4.98,2.832367937
4.99,3.293,4.99,4.191079304,4.99,2.834563143
5,3.285,5,4.318995179,5,2.824841954
5.01,3.284,5.01,5.070431126,5.01,2.824897663
5.02,3.291,5.02,4.114668329,5.02,2.828813974
5.03,3.293,5.03,4.002354716,5.03,2.824064873
5.04,3.283,5.04,4.502700448,5.04,2.836037054
5.05,3.283,5.05,4.152283492,5.05,2.8376747
5.06,3.287,5.06,4.825222812,5.06,2.836340225
5.07,3.282,5.07,4.371152149,5.07,2.831256594
5.08,3.294,5.08,3.88352212,5.08,2.838810511
5.09,3.296,5.09,4.262688124,5.09,2.841615396
5.1,3.295,5.1,4.876398568,5.1,2.842448193
5.11,3.29,5.11,3.988320953,5.11,2.830587577
5.12,3.298,5.12,4.287011236,5.12,2.82086623
5.13,3.301,5.13,4.083005015,5.13,2.818451521
5.14,3.302,5.14,4.040974905,5.14,2.82884177
5.15,3.29,5.15,4.316102465,5.15,2.838981269
5.16,3.28,5.16,4.070097634,5.16,2.835869887
5.17,3.277,5.17,4.038446823,5.17,2.824786258
5.18,3.287,5.18,4.456804796,5.18,2.824618884
5.19,3.297,5.19,3.928929628,5.19,2.842228575
5.2,3.294,5.2,4.028860933,5.2,2.84211718
5.21,3.283,5.21,4.431507841,5.21,2.8322009
5.22,3.283,5.22,4.30100859,5.22,2.831005695
5.23,3.301,5.23,4.540805271,5.23,2.825949816
5.24,3.301,5.24,4.72611216,5.24,2.82445157
5.25,3.291,5.25,4.094264562,5.25,2.828841861
5.26,3.29,5.26,4.094910099,5.26,2.833814017
5.27,3.285,5.27,4.482695157,5.27,2.834730452
5.28,3.283,5.28,4.361548556,5.28,2.81798133
5.29,3.287,5.29,4.298461103,5.29,2.834702503
5.3,3.292,5.3,4.546024128,5.3,2.845228624
5.31,3.293,5.31,4.331421225,5.31,2.836145107
5.32,3.276,5.32,4.398106581,5.32,2.829284522
5.33,3.293,5.33,4.142419319,5.33,2.83283836
5.34,3.304,5.34,4.231429373,5.34,2.833838321
5.35,3.295,5.35,4.478737294,5.35,2.833172899
5.36,3.288,5.36,3.836374454,5.36,2.824507419
5.37,3.292,5.37,4.644678456,5.37,2.82853524
5.38,3.293,5.38,4.148234765,5.38,2.823813976
5.39,3.292,5.39,4.063717433,5.39,2.836758256
5.4,3.283,5.4,4.393406158,5.4,2.828897696
5.41,3.287,5.41,4.381875788,5.41,2.782124154
5.42,3.282,5.42,4.552154113,5.42,2.792211097
5.43,3.295,5.43,4.012672116,5.43,2.88842704
5.44,3.287,5.44,4.435222448,5.44,3.020187164
5.45,3.239,5.45,3.955753765,5.45,2.954452802
5.46,3.248,5.46,4.440123334,5.46,2.745232958
5.47,3.346,5.47,4.731204054,5.47,2.682102295
5.48,3.483,5.48,4.530568009,5.48,2.739226529
5.49,3.421,5.49,4.154720179,5.49,2.802582961
5.5,3.211,5.5,4.712891741,5.5,2.839291984
5.51,3.145,5.51,4.236664736,5.51,2.846867338
5.52,3.198,5.52,4.225591776,5.52,2.853295528
5.53,3.255,5.53,4.923944467,5.53,2.855061702
5.54,3.288,5.54,4.02739391,5.54,2.84563991
5.55,3.298,5.55,3.959756676,5.55,2.831528301
5.56,3.309,5.56,4.883248656,5.56,2.832667538
5.57,3.314,5.57,4.346472956,5.57,2.846723263
5.58,3.306,5.58,4.36862983,5.58,2.830392378
5.59,3.292,5.59,3.736709917,5.59,2.81625654
5.6,3.293,5.6,4.158375393,5.6,2.813813906
5.61,3.307,5.61,4.003647983,5.61,2.82412046
5.62,3.29,5.62,4.466496538,5.62,2.827733869
5.63,3.275,5.63,4.331161272,5.63,2.836622498
5.64,3.272,5.64,3.931763026,5.64,2.840953531
5.65,3.282,5.65,4.28015108,5.65,2.84311726
5.66,3.285,5.66,4.426875908,5.66,2.844503995
5.67,3.294,5.67,4.415835382,5.67,2.848834951
5.68,3.299,5.68,4.290667567,5.68,2.853277442
5.69,3.302,5.69,5.042254772,5.69,2.842165941
5.7,3.304,5.7,4.544100333,5.7,2.830472508
5.71,3.309,5.71,4.361956028,5.71,2.839583908
5.72,3.314,5.72,4.599687955,5.72,2.829141403
5.73,3.303,5.73,4.297202482,5.73,2.830810477
5.74,3.291,5.74,3.990267539,5.74,2.825340117
5.75,3.3,5.75,4.012144197,5.75,2.812897568
5.76,3.289,5.76,4.517125499,5.76,2.822455074
5.77,3.29,5.77,4.153876264,5.77,2.83145509
5.78,3.284,5.78,4.674620958,5.78,2.833427334
5.79,3.271,5.79,4.363024187,5.79,2.835176536
5.8,3.28,5.8,4.54068139,5.8,2.839423855
5.81,3.289,5.81,4.11015483,5.81,2.830172941
5.82,3.291,5.82,4.583081861,5.82,2.826284404
5.83,3.293,5.83,4.394281839,5.83,2.83228435
5.84,3.298,5.84,4.130574124,5.84,2.839144987
5.85,3.289,5.85,4.586590009,5.85,2.8284517
5.86,3.285,5.86,4.319987786,5.86,2.818786178
5.87,3.291,5.87,4.203622177,5.87,2.826786074
5.88,3.298,5.88,3.788994094,5.88,2.831813946
5.89,3.287,5.89,4.105155931,5.89,2.83592557
5.9,3.277,5.9,4.112018241,5.9,2.845451762
5.91,3.285,5.91,4.139378775,5.91,2.834977867
5.92,3.29,5.92,4.207504257,5.92,2.831810567
5.93,3.294,5.93,3.865998358,5.93,2.83664324
5.94,3.304,5.94,4.445683438,5.94,2.837559597
5.95,3.294,5.95,4.267573552,5.95,2.837754799
5.96,3.291,5.96,4.314455086,5.96,2.833782677
5.97,3.296,5.97,4.376499713,5.97,2.826922003
5.98,3.297,5.98,4.164920861,5.98,2.825256463
5.99,3.297,5.99,4.731291077,5.99,2.824646699
6,3.293,6,4.08009727,6,2.834758238
6.01,3.286,6.01,4.110591571,6.01,2.834758313
6.02,3.284,6.02,4.118909372,6.02,2.833591099
6.03,3.283,6.03,4.219136232,6.03,2.83239595
6.04,3.293,6.04,4.198691981,6.04,2.834117141
6.05,3.293,6.05,4.703715282,6.05,2.838005652
6.06,3.292,6.06,4.025724644,6.06,2.836922052
6.07,3.291,6.07,4.320089894,6.07,2.837782684
6.08,3.293,6.08,3.866135923,6.08,2.825949905
6.09,3.297,6.09,4.228816322,6.09,2.824228596
6.1,3.296,6.1,4.261344587,6.1,2.83239582
6.11,3.297,6.11,4.386068988,6.11,2.82378611
6.12,3.285,6.12,4.639136419,6.12,2.827120671
6.13,3.283,6.13,4.066225874,6.13,2.836841908
6.14,3.291,6.14,3.969378026,6.14,2.83845168
6.15,3.282,6.15,3.917467781,6.15,2.837312376
6.16,3.285,6.16,3.831859255,6.16,2.831089331
6.17,3.295,6.17,4.110372569,6.17,2.805674604
6.18,3.297,6.18,4.56777852,6.18,2.773486342
6.19,3.296,6.19,4.391141487,6.19,2.785075068
6.2,3.29,6.2,4.203316992,6.2,2.913012469
6.21,3.264,6.21,4.583139238,6.21,3.041048015
6.22,3.23,6.22,4.246509463,6.22,2.941034865
6.23,3.24,6.23,4.407965176,6.23,2.734842689
6.24,3.37,6.24,4.274917694,6.24,2.679544546
6.25,3.504,6.25,3.783694569,6.25,2.744198546
6.26,3.408,6.26,3.828726759,6.26,2.80508482
6.27,3.201,6.27,4.82990203,6.27,2.842347814
6.28,3.143,6.28,3.841907525,6.28,2.849560729
6.29,3.203,6.29,4.782719173,6.29,2.850016761
6.3,3.257,6.3,3.961901615,6.3,2.844228922
6.31,3.291,6.31,4.542594849,6.31,2.840030087
6.32,3.301,6.32,4.336218363,6.32,2.834918499
6.33,3.306,6.33,4.146841789,6.33,2.837029956
6.34,3.303,6.34,4.081092096,6.34,2.83047597
6.35,3.3,6.35,3.986324076,6.35,2.824033474
6.36,3.295,6.36,4.386937966,6.36,2.818674576
6.37,3.297,6.37,4.62042392,6.37,2.820148422
6.38,3.29,6.38,3.884377553,6.38,2.838176355
6.39,3.283,6.39,4.378867387,6.39,2.838981348
6.4,3.277,6.4,4.596630795,6.4,2.838591174
6.41,3.278,6.41,4.201813718,6.41,2.84386638
6.42,3.296,6.42,4.156620149,6.42,2.840253048
6.43,3.297,6.43,4.539559158,6.43,2.843057924
6.44,3.297,6.44,3.911056923,6.44,2.85261192
6.45,3.303,6.45,4.412329423,6.45,2.85119381
6.46,3.3,6.46,3.803361563,6.46,2.840249581
6.47,3.303,6.47,4.483638986,6.47,2.836333121
6.48,3.313,6.48,4.666389754,6.48,2.828723274
6.49,3.312,6.49,4.010555928,6.49,2.819671013
6.5,3.301,6.5,4.495470009,6.5,2.816702401
6.51,3.297,6.51,4.083043342,6.51,2.82325991
6.52,3.289,6.52,4.445036532,6.52,2.829538745
6.53,3.279,6.53,4.076084804,6.53,2.833483096
6.54,3.275,6.54,4.21377975,6.54,2.833148631
6.55,3.281,6.55,4.109352903,6.55,2.844368102
6.56,3.287,6.56,4.009878326,6.56,2.833061467
6.57,3.291,6.57,4.343596928,6.57,2.824172929
6.58,3.291,6.58,4.488714282,6.58,2.838005603
6.59,3.303,6.59,4.20362561,6.59,2.836866216
6.6,3.292,6.6,4.034146721,6.6,2.830256573
6.61,3.283,6.61,3.964634044,6.61,2.827423808
6.62,3.297,6.62,4.195900832,6.62,2.824423706
6.63,3.296,6.63,4.219283182,6.63,2.827730338
6.64,3.289,6.64,4.676460483,6.64,2.840646772
6.65,3.286,6.65,3.998807321,6.65,2.840368097
6.66,3.283,6.66,3.697089237,6.66,2.826396001
6.67,3.286,6.67,4.018115154,6.67,2.828284406
6.68,3.299,6.68,4.100433527,6.68,2.828256434
6.69,3.299,6.69,4.281559603,6.69,2.825674597
6.7,3.285,6.7,4.618057179,6.7,2.828037034
6.71,3.287,6.71,4.390174335,6.71,2.837730405
6.72,3.287,6.72,4.577582338,6.72,2.839423828
6.73,3.284,6.73,4.853738813,6.73,2.83328449
6.74,3.286,6.74,4.606679105,6.74,2.826256558
6.75,3.296,6.75,4.321460985,6.75,2.826284336
6.76,3.298,6.76,4.225060995,6.76,2.832423703
6.77,3.292,6.77,4.431844278,6.77,2.832618899
6.78,3.285,6.78,4.081820746,6.78,2.835563203
6.79,3.285,6.79,4.549646564,6.79,2.835312324
6.8,3.291,6.8,4.379660552,6.8,2.83117292
6.81,3.291,6.81,4.322940384,6.81,2.838005654
6.82,3.294,6.82,4.508830416,6.82,2.832977774
6.83,3.294,6.83,4.315865072,6.83,2.832061407
6.84,3.29,6.84,4.202012751,6.84,2.827284392
6.85,3.297,6.85,4.004068535,6.85,2.818646716
6.86,3.292,6.86,3.930197977,6.86,2.830869712
6.87,3.291,6.87,4.364564872,6.87,2.842618884
6.88,3.286,6.88,3.976482342,6.88,2.844284504
6.89,3.277,6.89,4.397998562,6.89,2.8331173
6.9,3.289,6.9,4.17166128,6.9,2.835615424
6.91,3.301,6.91,4.381376408,6.91,2.828643208
6.92,3.303,6.92,4.23847224,6.92,2.833866212
6.93,3.292,6.93,3.898828305,6.93,2.832200763
6.94,3.295,6.94,4.276023751,6.94,2.811814003
6.95,3.288,6.95,4.146240125,6.95,2.825148462
6.96,3.293,6.96,4.359408882,6.96,2.829176313
6.97,3.291,6.97,4.335852488,6.97,2.795319269
6.98,3.27,6.98,4.080257178,6.98,2.787657233
6.99,3.283,6.99,4.458927159,6.99,2.901176253
7,3.287,7,4.507360692,7,3.034183675
7.01,3.252,7.01,4.377598735,7.01,2.929146182
7.02,3.243,7.02,4.102111498,7.02,2.718069131
7.03,3.359,7.03,4.416286473,7.03,2.670161273
7.04,3.498,7.04,4.325910329,7.04,2.746480779
7.05,3.396,7.05,3.296575871,7.05,2.811060537
7.06,3.183,7.06,4.479001735,7.06,2.851738216
7.07,3.132,7.07,4.289820893,7.07,2.862086964
7.08,3.204,7.08,4.484928895,7.08,2.855069064
7.09,3.262,7.09,4.215302253,7.09,2.839420545
7.1,3.3,7.1,3.517835307,7.1,2.832556125
7.11,3.314,7.11,4.704358807,7.11,2.84150026
7.12,3.312,7.12,3.845788351,7.12,2.83502994
7.13,3.299,7.13,4.143931767,7.13,2.835503898
7.14,3.293,7.14,4.047165354,7.14,2.83367114
7.15,3.302,7.15,4.284149332,7.15,2.826866221
7.16,3.295,7.16,4.456451991,7.16,2.818563099
7.17,3.295,7.17,4.642841753,7.17,2.840451573
7.18,3.293,7.18,4.2900194,7.18,2.833535275
7.19,3.286,7.19,4.309524264,7.19,2.826758358
7.2,3.277,7.2,4.723405475,7.2,2.828730438
7.21,3.299,7.21,3.674225199,7.21,2.830395828
7.22,3.292,7.22,4.290429348,7.22,2.848172909
7.23,3.285,7.23,4.569186942,7.23,2.852615512
7.24,3.287,7.24,4.450484599,7.24,2.852835056
7.25,3.289,7.25,4.195214543,7.25,2.852110266
7.26,3.307,7.26,4.434905901,7.26,2.84852478
7.27,3.312,7.27,4.85503829,7.27,2.832887103
7.28,3.313,7.28,4.448105442,7.28,2.821723277
7.29,3.313,7.29,4.429187621,7.29,2.820643079
7.3,3.31,7.3,3.943982991,7.3,2.824479353
7.31,3.294,7.31,4.497830186,7.31,2.819399346
7.32,3.282,7.32,4.370957246,7.32,2.820845403
7.33,3.28,7.33,3.873125698,7.33,2.832622405
7.34,3.283,7.34,4.663552364,7.34,2.8362322
7.35,3.277,7.35,4.088893266,7.35,2.827176515
7.36,3.278,7.36,4.433957959,7.36,2.826953458
7.37,3.29,7.37,3.909564814,7.37,2.839395872
7.38,3.294,7.38,4.479082468,7.38,2.837228666
7.39,3.285,7.39,4.420738101,7.39,2.836200863
7.4,3.285,7.4,5.104274652,7.4,2.83397782
7.41,3.298,7.41,4.561501449,7.41,2.827921991
7.42,3.296,7.42,4.082790334,7.42,2.824340101
7.43,3.295,7.43,4.518947665,7.43,2.832479465
7.44,3.293,7.44,4.176497587,7.44,2.835507386
7.45,3.287,7.45,4.211610329,7.45,2.833535331
7.46,3.283,7.46,4.415424223,7.46,2.831451707
7.47,3.291,7.47,4.337698989,7.47,2.836117148
7.48,3.294,7.48,4.257334148,7.48,2.822395888
7.49,3.292,7.49,4.041296361,7.49,2.831507375
7.5,3.29,7.5,3.937892161,7.5,2.832535247
7.51,3.295,7.51,4.418001107,7.51,2.830563153
7.52,3.281,7.52,4.209426693,7.52,2.833646829
7.53,3.29,7.53,4.394829247,7.53,2.834312284
7.54,3.291,7.54,4.41658023,7.54,2.834228669
7.55,3.289,7.55,4.159070991,7.55,2.82834017
7.56,3.292,7.56,4.084261821,7.56,2.812841869
7.57,3.293,7.57,3.693429153,7.57,2.832869685
7.58,3.293,7.58,3.881071353,7.58,2.838758235
7.59,3.287,7.59,4.77899104,7.59,2.843507504
7.6,3.271,7.6,4.206485709,7.6,2.845033698
7.61,3.291,7.61,4.758894594,7.61,2.836336713
7.62,3.297,7.62,4.422554446,7.62,2.835225144
7.63,3.302,7.63,4.338616581,7.63,2.827503834
7.64,3.304,7.64,4.04499408,7.64,2.817228555
7.65,3.296,7.65,4.24915629,7.65,2.841340063
7.66,3.295,7.66,4.290644392,7.66,2.832479512
7.67,3.287,7.67,4.265107345,7.67,2.822869851
7.68,3.276,7.68,4.624317251,7.68,2.830814052
7.69,3.3,7.69,4.056438061,7.69,2.831423699
7.7,3.291,7.7,3.737729561,7.7,2.83267467
7.71,3.281,7.71,3.637539173,7.71,2.828786207
7.72,3.289,7.72,3.512162321,7.72,2.827646774
7.73,3.29,7.73,4.316278463,7.73,2.832591007
7.74,3.291,7.74,4.774319787,7.74,2.840340158
7.75,3.287,7.75,4.397426924,7.75,2.830395963
7.76,3.286,7.76,3.859681964,7.76,2.795343664
7.77,3.291,7.77,3.660543984,7.77,2.78362571
7.78,3.299,7.78,3.980778142,7.78,2.85795662
7.79,3.289,7.79,4.319005227,7.79,3.000413477
7.8,3.253,7.8,3.96344131,7.8,2.982954373
7.81,3.24,7.81,4.263527359,7.81,2.785982282
7.82,3.315,7.82,4.266354163,7.82,2.675796092
7.83,3.462,7.83,3.856777233,7.83,2.724446138
7.84,3.449,7.84,4.332926149,7.84,2.798300392
7.85,3.252,7.85,4.496685981,7.85,2.834901481
7.86,3.139,7.86,3.952257175,7.86,2.848592136
7.87,3.184,7.87,4.07059392,7.87,2.835382716
7.88,3.252,7.88,4.292167424,7.88,2.836316025
7.89,3.284,7.89,4.565556185,7.89,2.84583844
7.9,3.299,7.9,4.930426691,7.9,2.84136455
7.91,3.29,7.91,4.457152243,7.91,2.849085857
7.92,3.294,7.92,4.404774951,7.92,2.849528327
7.93,3.305,7.93,4.3781945,7.93,2.838388916
7.94,3.301,7.94,4.248468149,7.94,2.82300212
7.95,3.309,7.95,3.93330071,7.95,2.820587366
7.96,3.31,7.96,4.448821183,7.96,2.816535087
7.97,3.299,7.97,4.059280417,7.97,2.825287794
7.98,3.283,7.98,3.58060525,7.98,2.834483035
7.99,3.28,7.99,3.815222003,7.99,2.830343736
8,3.275,8,3.98597783,8,2.840814133
8.01,3.283,8.01,3.954188595,8.01,2.851810605
8.02,3.292,8.02,4.417929097,8.02,2.862695642
8.03,3.288,8.03,4.237439037,8.03,2.857943077
8.04,3.299,8.04,4.311013006,8.04,2.837636362
8.05,3.311,8.05,4.457765509,8.05,2.828887057
8.06,3.323,8.06,4.316699963,8.06,2.833360802
8.07,3.319,8.07,3.830934275,8.07,2.834169242
8.08,3.299,8.08,4.618795848,8.08,2.828061377
8.09,3.29,8.09,3.958976275,8.09,2.823535263
8.1,3.294,8.1,4.303468525,8.1,2.815981202
8.11,3.294,8.11,3.925435807,8.11,2.824315686
8.12,3.287,8.12,4.350312569,8.12,2.836315754
8.13,3.282,8.13,4.682722366,8.13,2.834176485
8.14,3.274,8.14,4.600268573,8.14,2.82223227
8.15,3.282,8.15,3.658275036,8.15,2.821092775
8.16,3.294,8.16,4.38151968,8.16,2.821176309
8.17,3.292,8.17,4.156315484,8.17,2.830343604
8.18,3.28,8.18,3.874496651,8.18,2.837260083
8.19,3.279,8.19,4.224135204,8.19,2.836842008
8.2,3.279,8.2,3.63895515,8.2,2.845145134
8.21,3.288,8.21,3.657426837,8.21,2.842503972
8.22,3.295,8.22,4.535454578,8.22,2.840169447
8.23,3.295,8.23,4.724939566,8.23,2.833225157
8.24,3.304,8.24,4.31438029,8.24,2.834252961
8.25,3.302,8.25,4.210614288,8.25,2.818977701
8.26,3.3,8.26,4.130634893,8.26,2.818674552
8.27,3.293,8.27,4.255255182,8.27,2.833897557
8.28,3.294,8.28,4.132830233,8.28,2.831981265
8.29,3.278,8.29,4.71929924,8.29,2.831120756
8.3,3.277,8.3,4.575446043,8.3,2.82886984
8.31,3.292,8.31,3.785416111,8.31,2.82956313
8.32,3.29,8.32,4.332454318,8.32,2.838423774
8.33,3.289,8.33,3.905462493,8.33,2.838228692
8.34,3.287,8.34,3.873454213,8.34,2.827312338
8.35,3.288,8.35,4.371155932,8.35,2.818591016
8.36,3.297,8.36,4.352312411,8.36,2.827646667
8.37,3.297,8.37,4.302576374,8.37,2.839618839
8.38,3.286,8.38,3.818171702,8.38,2.842507485
8.39,3.277,8.39,4.111674275,8.39,2.828479664
8.4,3.286,8.4,4.46567022,8.4,2.836949927
8.41,3.298,8.41,3.891703255,8.41,2.830838347
8.42,3.301,8.42,3.82724191,8.42,2.84175475
8.43,3.287,8.43,4.021920615,8.43,2.835922072
8.44,3.296,8.44,4.831083844,8.44,2.825977786
8.45,3.29,8.45,4.010506718,8.45,2.821423739
8.46,3.301,8.46,4.38982201,8.46,2.820730278
8.47,3.295,8.47,3.895196514,8.47,2.834953331
8.48,3.285,8.48,4.596899288,8.48,2.838897697
8.49,3.28,8.49,3.985354506,8.49,2.836619021
8.5,3.279,8.5,3.9668339,8.5,2.822591109
8.51,3.293,8.51,4.625010233,8.51,2.829340101
8.52,3.297,8.52,3.839722877,8.52,2.817813941
8.53,3.295,8.53,4.695768469,8.53,2.786319187
8.54,3.281,8.54,4.030963519,8.54,2.793601359
8.55,3.288,8.55,4.725638546,8.55,2.930590901
8.56,3.276,8.56,4.389860793,8.56,3.024016616
8.57,3.243,8.57,4.373110775,8.57,2.90048073
8.58,3.249,8.58,4.427269957,8.58,2.719124652
8.59,3.389,8.59,4.182033055,8.59,2.683993831
8.6,3.488,8.6,4.095742022,8.6,2.763676095
8.61,3.367,8.61,4.547762204,8.61,2.822642667
8.62,3.184,8.62,4.196168507,8.62,2.839818373
8.63,3.146,8.63,4.734667003,8.63,2.844668698
8.64,3.221,8.64,3.939481586,8.64,2.841431222
8.65,3.274,8.65,4.535022611,8.65,2.844145173
8.66,3.289,8.66,3.433808513,8.66,2.839448213
8.67,3.297,8.67,3.729159602,8.67,2.842085792
8.68,3.298,8.68,3.625717183,8.68,2.8419464
8.69,3.303,8.69,4.383141576,8.69,2.829197255
8.7,3.299,8.7,4.163920709,8.7,2.829587475
8.71,3.302,8.71,4.403737446,8.71,2.828894052
8.72,3.302,8.72,4.232120283,8.72,2.828312206
8.73,3.289,8.73,4.243030358,8.73,2.825814018
8.74,3.289,8.74,4.134948248,8.74,2.820120629
8.75,3.288,8.75,4.360637737,8.75,2.833064869
8.76,3.287,8.76,4.651757559,8.76,2.852423802
8.77,3.284,8.77,4.25626283,8.77,2.848838555
8.78,3.278,8.78,4.103729026,8.78,2.849141718
8.79,3.291,8.79,4.598773314,8.79,2.852165972
8.8,3.311,8.8,4.012588777,8.8,2.848636259
8.81,3.308,8.81,4.586278139,8.81,2.83894289
8.82,3.309,8.82,4.585876804,8.82,2.832360953
8.83,3.313,8.83,3.801618326,8.83,2.81239225
8.84,3.31,8.84,4.43644,8.84,2.818395707
8.85,3.3,8.85,4.514396332,8.85,2.820287747
8.86,3.293,8.86,4.36164941,8.86,2.824789606
8.87,3.272,8.87,4.317216512,8.87,2.834817606
8.88,3.277,8.88,4.231009744,8.88,2.838148623
8.89,3.278,8.89,4.595917496,8.89,2.831786265
8.9,3.282,8.9,4.445747382,8.9,2.832423833
8.91,3.292,8.91,4.62227077,8.91,2.837033512
8.92,3.296,8.92,4.330009385,8.92,2.83108927
8.93,3.29,8.93,4.097824826,8.93,2.833200793
8.94,3.291,8.94,4.343305901,8.94,2.832172892
8.95,3.296,8.95,3.780314167,8.95,2.818563121
8.96,3.29,8.96,4.037960595,8.96,2.829786106
8.97,3.292,8.97,4.35823291,8.97,2.842479487
8.98,3.291,8.98,4.90433648,8.98,2.828618963
8.99,3.277,8.99,4.49861171,8.99,2.831646871
9,3.288,9,3.910176481,9,2.837117136
9.01,3.301,9.01,4.1911266,9.01,2.838838379
9.02,3.287,9.02,4.515127966,9.02,2.825312333
9.03,3.29,9.03,4.197984322,9.03,2.825395884
9.04,3.296,9.04,4.296686515,9.04,2.832367943
9.05,3.298,9.05,3.944762045,9.05,2.83639587
9.06,3.284,9.06,4.295202682,9.06,2.845228733
9.07,3.284,9.07,4.417457208,9.07,2.835922123
9.08,3.291,9.08,4.066922868,9.08,2.82881056
9.09,3.295,9.09,4.236373426,9.09,2.826949845
9.1,3.304,9.1,3.610786071,9.1,2.830117047
9.11,3.295,9.11,4.187824129,9.11,2.83150737
9.12,3.288,9.12,4.205243059,9.12,2.825814044
9.13,3.286,9.13,4.319866313,9.13,2.833702535
9.14,3.289,9.14,4.649509808,9.14,2.836451657
9.15,3.29,9.15,4.086202058,9.15,2.828507439
9.16,3.284,9.16,4.385252582,9.16,2.824702554
9.17,3.292,9.17,4.569748084,9.17,2.833479477
9.18,3.295,9.18,4.401924484,9.18,2.835423754
9.19,3.287,9.19,4.185774932,9.19,2.825730452
9.2,3.283,9.2,4.470265795,9.2,2.827758299
9.21,3.292,9.21,4.083942034,9.21,2.835451609
9.22,3.294,9.22,4.302786256,9.22,2.837340157
9.23,3.284,9.23,4.216832169,9.23,2.834368105
9.24,3.286,9.24,4.30131638,9.24,2.831200816
9.25,3.294,9.25,4.308458008,9.25,2.833033502
9.26,3.296,9.26,4.458946602,9.26,2.825312242
9.27,3.293,9.27,4.04950209,9.27,2.823702492
9.28,3.29,9.28,4.670184656,9.28,2.837618863
9.29,3.292,9.29,4.892467462,9.29,2.840368043
9.3,3.284,9.3,4.24970432,9.3,2.831423877
9.31,3.282,9.31,4.181231814,9.31,2.7943158
9.32,3.296,9.32,3.763016472,9.32,2.778625678
9.33,3.299,9.33,4.457883611,9.33,2.848374715
9.34,3.29,9.34,4.328446541,9.34,2.999859428
9.35,3.252,9.35,4.490854246,9.35,2.994121623
9.36,3.235,9.36,3.826271904,9.36,2.794870876
9.37,3.305,9.37,3.927850872,9.37,2.677489582
9.38,3.461,9.38,3.770817312,9.38,2.714139511
9.39,3.46,9.39,4.110092849,9.39,2.7911609
9.4,3.261,9.4,3.95912382,9.4,2.837012881
9.41,3.141,9.41,4.498412461,9.41,2.837289007
9.42,3.174,9.42,4.427405251,9.42,2.842940257
9.43,3.245,9.43,4.281239325,9.43,2.857009445
9.44,3.286,9.44,4.577456146,9.44,2.844364672
9.45,3.287,9.45,4.174332673,9.45,2.841918644
9.46,3.297,9.46,4.220496773,9.46,2.840528262
9.47,3.315,9.47,3.904156689,9.47,2.835556055
9.48,3.304,9.48,4.203791181,9.48,2.835113599
9.49,3.302,9.49,4.737518494,9.49,2.817866208
9.5,3.301,9.5,4.722194758,9.5,2.822451541
9.51,3.296,9.51,4.425969064,9.51,2.826897545
9.52,3.295,9.52,4.732977012,9.52,2.81651086
9.53,3.277,9.53,4.100701228,9.53,2.816124169
9.54,3.281,9.54,4.242351332,9.54,2.83178962
9.55,3.285,9.55,4.073785142,9.55,2.844204313
9.56,3.274,9.56,4.209373484,9.56,2.858312468
9.57,3.273,9.57,4.371878372,9.57,2.867807274
9.58,3.289,9.58,4.57083134,9.58,2.859469222
9.59,3.302,9.59,3.81610711,9.59,2.853716487
9.6,3.317,9.6,4.231535691,9.6,2.836799957
9.61,3.328,9.61,4.163333343,9.61,2.82466396
9.62,3.321,9.62,4.246761887,9.62,2.820974047
9.63,3.316,9.63,4.303958336,9.63,2.821116944
9.64,3.299,9.64,4.294020421,9.64,2.821148427
9.65,3.286,9.65,4.396057169,9.65,2.820733879
9.66,3.281,9.66,4.037228629,9.66,2.819012651
9.67,3.28,9.67,4.444392767,9.67,2.833733911
9.68,3.279,9.68,4.194142995,9.68,2.836343718
9.69,3.278,9.69,4.541361436,9.69,2.835925649
9.7,3.276,9.7,4.030257547,9.7,2.831591126
9.71,3.291,9.71,4.162445461,9.71,2.830228648
9.72,3.294,9.72,4.526026964,9.72,2.829312243
9.73,3.294,9.73,4.107261083,9.73,2.827535246
9.74,3.29,9.74,4.805663637,9.74,2.83261889
9.75,3.289,9.75,4.401532126,9.75,2.833563161
9.76,3.288,9.76,3.913850754,9.76,2.835423813
9.77,3.286,9.77,4.172530722,9.77,2.824563187
9.78,3.291,9.78,4.141810907,9.78,2.830479504
9.79,3.292,9.79,4.800401966,9.79,2.838312244
9.8,3.294,9.8,4.364456475,9.8,2.837200802
9.81,3.283,9.81,3.730195423,9.81,2.825479603
9.82,3.289,9.82,4.530012347,9.82,2.835172889
9.83,3.297,9.83,4.155759819,9.83,2.836005605
9.84,3.296,9.84,4.047655817,9.84,2.834117166
9.85,3.284,9.85,4.302091716,9.85,2.824479569
9.86,3.294,9.86,4.535715161,9.86,2.830340103
9.87,3.295,9.87,3.972018306,9.87,2.843117109
9.88,3.293,9.88,4.107815908,9.88,2.837089324
9.89,3.283,9.89,3.92958704,9.89,2.822423862
9.9,3.289,9.9,4.091551893,9.9,2.821507356
9.91,3.302,9.91,4.933680792,9.91,2.830507269
9.92,3.296,9.92,4.11695735,9.92,2.839618874
9.93,3.281,9.93,4.160999875,9.93,2.827897751
9.94,3.28,9.94,4.023708904,9.94,2.831646842
9.95,3.289,9.95,4.347283623,9.95,2.83720076
9.96,3.298,9.96,4.507760679,9.96,2.843810527
9.97,3.286,9.97,4.388496792,9.97,2.825200855
9.98,3.29,9.98,3.948862699,9.98,2.831089275
9.99,3.296,9.99,4.478641554,9.99,2.837894081
10,3.303,10,4.460685529,10,2.824256493
10.01,3.284,10.01,3.832523783,10.01,2.828702553
10.02,3.29,10.02,3.906845236,10.02,2.834451613
10.03,3.297,10.03,4.486715154,10.03,2.84020077
10.04,3.283,10.04,4.389567667,10.04,2.826535359
10.05,3.287,10.05,4.091221508,10.05,2.822591036
10.06,3.293,10.06,4.670166765,10.06,2.834423701
10.07,3.299,10.07,4.432869945,10.07,2.831507358
10.08,3.285,10.08,4.30776936,10.08,2.829814085
10.09,3.281,10.09,3.900416291,10.09,2.829730438
10.1,3.293,10.1,4.025030952,10.1,2.845089263
10.11,3.29,10.11,4.324631312,10.11,2.80881406
10.12,3.288,10.12,4.200958437,10.12,2.78126346
10.13,3.288,10.13,4.409970263,10.13,2.865287674
10.14,3.304,10.14,4.402950484,10.14,3.016936022
10.15,3.267,10.15,4.252010991,10.15,2.969257498
10.16,3.238,10.16,3.612661451,10.16,2.75262337
10.17,3.323,10.17,3.750783219,10.17,2.657910842
10.18,3.48,10.18,4.277467932,10.18,2.726756054
10.19,3.436,10.19,4.448704401,10.19,2.799140256
10.2,3.218,10.2,4.598394501,10.2,2.841239716
10.21,3.12,10.21,4.078025336,10.21,2.856759507
10.22,3.185,10.22,4.528209424,10.22,2.844741635
10.23,3.251,10.23,4.095563916,10.23,2.846396204
10.24,3.289,10.24,3.937075907,10.24,2.850723458
10.25,3.307,10.25,4.728084083,10.25,2.837472526
10.26,3.3,10.26,4.653548396,10.26,2.82994639
10.27,3.305,10.27,4.205594121,10.27,2.835085669
10.28,3.311,10.28,4.445340145,10.28,2.831475914
10.29,3.298,10.29,4.085026533,10.29,2.830089251
10.3,3.29,10.3,4.408923625,10.3,2.82353526
10.31,3.295,10.31,4.239146774,10.31,2.827646718
10.32,3.291,10.32,4.409874028,10.32,2.826925491
10.33,3.289,10.33,4.526281561,10.33,2.830009152
10.34,3.282,10.34,4.3131473,10.34,2.836841943
10.35,3.286,10.35,4.461991948,10.35,2.847172964
10.36,3.285,10.36,4.365810014,10.36,2.849531893
10.37,3.288,10.37,4.54987307,10.37,2.864416907
10.38,3.295,10.38,3.849664283,10.38,2.857552774
10.39,3.306,10.39,4.128157897,10.39,2.844246089
10.4,3.309,10.4,4.627763608,10.4,2.82674771
10.41,3.325,10.41,4.458219876,10.41,2.821500167
10.42,3.319,10.42,4.019802781,10.42,2.819782417
10.43,3.306,10.43,4.500489157,10.43,2.819925383
10.44,3.288,10.44,3.717494786,10.44,2.82167811
10.45,3.282,10.45,4.173306887,10.45,2.830678158
10.46,3.279,10.46,4.846227993,10.46,2.837315841
10.47,3.278,10.47,4.592662035,10.47,2.830065008
10.48,3.279,10.48,4.374896375,10.48,2.828814097
10.49,3.288,10.49,3.908683362,10.49,2.83345164
10.5,3.295,10.5,4.210649645,10.5,2.824591002
10.51,3.288,10.51,4.697797497,10.51,2.824925524
10.52,3.287,10.52,4.165866659,10.52,2.832841876
10.53,3.292,10.53,4.339453247,10.53,2.844395908
10.54,3.283,10.54,4.472213385,10.54,2.83534026
10.55,3.283,10.55,4.282308143,10.55,2.83114511
10.56,3.291,10.56,3.9175968,10.56,2.832894128
10.57,3.303,10.57,5.007202171,10.57,2.834810459
10.58,3.294,10.58,4.655740811,10.58,2.824368021
10.59,3.29,10.59,4.099674126,10.59,2.823702504
10.6,3.292,10.6,4.121411286,10.6,2.833646717
10.61,3.294,10.61,3.835218339,10.61,2.833646765
10.62,3.283,10.62,4.090052808,10.62,2.835646852
10.63,3.282,10.63,4.07426562,10.63,2.841172969
10.64,3.292,10.64,4.401960348,10.64,2.829977807
10.65,3.292,10.65,4.511356086,10.65,2.827145026
10.66,3.294,10.66,4.289417992,10.66,2.838977723
10.67,3.3,10.67,4.031059483,10.67,2.832061372
10.68,3.289,10.68,4.023298232,10.68,2.828423815
10.69,3.286,10.69,4.243568805,10.69,2.821674641
10.7,3.298,10.7,4.218602453,10.7,2.832535194
10.71,3.291,10.71,4.774863518,10.71,2.850228651
10.72,3.287,10.72,4.357571663,10.72,2.829312387
10.73,3.28,10.73,3.934441823,10.73,2.829284493
10.74,3.291,10.74,4.266886443,10.74,2.830033464
10.75,3.309,10.75,4.44121663,10.75,2.836894053
10.76,3.288,10.76,3.916252864,10.76,2.844061449
10.77,3.288,10.77,4.603611608,10.77,2.829061475
10.78,3.289,10.78,4.765320569,10.78,2.82614504
10.79,3.296,10.79,3.814403419,10.79,2.828200691
10.8,3.303,10.8,4.444672516,10.8,2.832340068
10.81,3.288,10.81,4.467280751,10.81,2.833646801
10.82,3.285,10.82,3.990322689,10.82,2.828674696
10.83,3.287,10.83,3.943965331,10.83,2.827646785
10.84,3.291,10.84,4.75597476,10.84,2.831563124
10.85,3.292,10.85,4.543724718,10.85,2.83547952
10.86,3.287,10.86,4.184178086,10.86,2.828618943
10.87,3.286,10.87,4.231904162,10.87,2.825702546
10.88,3.29,10.88,3.937557425,10.88,2.825758238
10.89,3.294,10.89,4.594783864,10.89,2.801622332
10.9,3.287,10.9,3.792286193,10.9,2.787043905
10.91,3.284,10.91,4.113485587,10.91,2.82909959
10.92,3.284,10.92,4.325500152,10.92,2.985584132
10.93,3.259,10.93,3.991826364,10.93,3.009260853
10.94,3.243,10.94,3.772713949,10.94,2.821452795
10.95,3.285,10.95,4.086379764,10.95,2.674378353
10.96,3.446,10.96,4.324467097,10.96,2.695000218
10.97,3.475,10.97,4.485041009,10.97,2.786714676
10.98,3.288,10.98,4.05918839,10.98,2.836012683
10.99,3.138,10.99,4.231562507,10.99,2.850679318
11,3.155,11,4.391720876,11,2.853940421
11.01,3.241,11.01,4.068399177,11.01,2.843842277
11.02,3.285,11.02,4.715719734,11.02,2.84311375
11.03,3.3,11.03,4.323397832,11.03,2.843584014
11.04,3.308,11.04,4.337534364,11.04,2.837639737
11.05,3.302,11.05,4.231776929,11.05,2.842779127
11.06,3.303,11.06,3.828717235,11.06,2.837890619
11.07,3.304,11.07,4.575499252,11.07,2.833169369
11.08,3.298,11.08,3.765294406,11.08,2.823754728
11.09,3.303,11.09,4.034200437,11.09,2.829033421
11.1,3.298,11.1,3.778345795,11.1,2.829451579
11.11,3.293,11.11,4.080436793,11.11,2.835563148
11.12,3.283,11.12,4.044313141,11.12,2.834563209
11.13,3.288,11.13,4.155185241,11.13,2.820674682
11.14,3.288,11.14,4.382630904,11.14,2.828702498
11.15,3.294,11.15,4.219749939,11.15,2.844284349
11.16,3.293,11.16,4.420363315,11.16,2.848894217
11.17,3.279,11.17,4.269189574,11.17,2.85139258
11.18,3.287,11.18,4.257944101,11.18,2.841751387
11.19,3.303,11.19,4.049302845,11.19,2.839388887
11.2,3.308,11.2,3.802828859,11.2,2.833639695
11.21,3.311,11.21,4.19961856,11.21,2.821392291
11.22,3.302,11.22,4.446291954,11.22,2.81445153
11.23,3.3,11.23,4.281124448,11.23,2.817204125
11.24,3.294,11.24,4.476417273,11.24,2.821789556
11.25,3.281,11.25,4.551906168,11.25,2.836789676
11.26,3.273,11.26,4.142750187,11.26,2.832538897
11.27,3.275,11.27,4.123190171,11.27,2.845674784
11.28,3.279,11.28,4.193534435,11.28,2.839033633
11.29,3.294,11.29,3.682420961,11.29,2.825866315
11.3,3.29,11.3,4.145026547,11.3,2.830977746
11.31,3.304,11.31,4.454450005,11.31,2.835838301
11.32,3.298,11.32,4.055910135,11.32,2.834145018
11.33,3.285,11.33,4.574689603,11.33,2.825535324
11.34,3.29,11.34,4.331551531,11.34,2.830423753
11.35,3.295,11.35,4.35418706,11.35,2.831423728
11.36,3.293,11.36,4.616293445,11.36,2.839340157
11.37,3.284,11.37,3.931802288,11.37,2.830451716
11.38,3.289,11.38,4.725522412,11.38,2.825451671
11.39,3.29,11.39,3.841744169,11.39,2.833367988
11.4,3.298,11.4,4.439830416,11.4,2.836228611
11.41,3.289,11.41,4.400490904,11.41,2.8353402
11.42,3.284,11.42,4.144804496,11.42,2.835200836
11.43,3.292,11.43,4.600487261,11.43,2.832005655
11.44,3.295,11.44,4.273074385,11.44,2.827172877
11.45,3.294,11.45,4.857265633,11.45,2.824507356
11.46,3.294,11.46,4.278842601,11.46,2.836479476
11.47,3.291,11.47,4.152662661,11.47,2.836451664
11.48,3.286,11.48,4.145414823,11.48,2.833423849
11.49,3.283,11.49,4.028137484,11.49,2.828395947
11.5,3.295,11.5,4.799438276,11.5,2.835089238
11.51,3.295,11.51,4.52623748,11.51,2.837061384
11.52,3.292,11.52,4.445443162,11.52,2.834117184
11.53,3.287,11.53,4.285650933,11.53,2.837977816
11.54,3.294,11.54,4.241932767,11.54,2.830894149
11.55,3.296,11.55,4.629092203,11.55,2.823228625
11.56,3.293,11.56,4.399646813,11.56,2.829451592
11.57,3.297,11.57,4.336398063,11.57,2.834451594
11.58,3.29,11.58,4.634679544,11.58,2.827758302
11.59,3.282,11.59,4.514079211,11.59,2.834674699
11.6,3.288,11.6,4.674917106,11.6,2.831451659
11.61,3.293,11.61,3.866887968,11.61,2.826535277
11.62,3.286,11.62,4.467015556,11.62,2.833563153
11.63,3.293,11.63,4.777192843,11.63,2.823674628
11.64,3.29,11.64,4.314481179,11.64,2.820092761
11.65,3.285,11.65,4.195105331,11.65,2.795151963
11.66,3.292,11.66,4.277693815,11.66,2.798988104
11.67,3.282,11.67,4.248091286,11.67,2.894315692
11.68,3.278,11.68,4.265644533,11.68,2.999298701
11.69,3.252,11.69,4.394744865,11.69,2.931954389
11.7,3.255,11.7,4.283660066,11.7,2.753873908
11.71,3.352,11.71,3.953779749,11.71,2.685854916
11.72,3.462,11.72,4.152308435,11.72,2.745007233
11.73,3.398,11.73,4.611313499,11.73,2.812499472
11.74,3.219,11.74,4.44654851,11.74,2.846344235
11.75,3.148,11.75,4.17196678,11.75,2.840309856
11.76,3.203,11.76,4.220743558,11.76,2.842128216
11.77,3.265,11.77,4.427354974,11.77,2.851145198
11.78,3.296,11.78,4.067112698,11.78,2.836280959
11.79,3.292,11.79,4.643008963,11.79,2.836280946
11.8,3.298,11.8,4.177270556,11.8,2.842974231
11.81,3.31,11.81,4.305079687,11.81,2.833113592
11.82,3.296,11.82,4.83825713,11.82,2.834559651
11.83,3.296,11.83,4.299693968,11.83,2.829754735
11.84,3.303,11.84,4.132094936,11.84,2.827033455
11.85,3.293,11.85,4.512580728,11.85,2.826535234
11.86,3.294,11.86,4.211628566,11.86,2.83842374
11.87,3.289,11.87,4.386303537,11.87,2.841256565
11.88,3.286,11.88,4.224349953,11.88,2.839005746
11.89,3.285,11.89,4.204278474,11.89,2.837699096
11.9,3.297,11.9,4.080637862,11.9,2.844169395
11.91,3.3,11.91,4.241522424,11.91,2.843002155
11.92,3.298,11.92,4.683550517,11.92,2.836113676
11.93,3.297,11.93,3.867444271,11.93,2.840057891
11.94,3.304,11.94,4.239880957,11.94,2.839974227
11.95,3.303,11.95,3.729796949,11.95,2.829392376
11.96,3.296,11.96,4.524255304,11.96,2.831726868
11.97,3.3,11.97,4.50249745,11.97,2.823117071
11.98,3.3,11.98,4.332743974,11.98,2.829451577
11.99,3.289,11.99,4.129754278,11.99,2.833674634
12,3.291,12,4.476089819,12,2.819981287
12.01,3.282,12.01,4.558451889,12.01,2.826176412
12.02,3.288,12.02,4.4982558,12.02,2.830981236
12.03,3.292,12.03,4.433907123,12.03,2.825120651
12.04,3.278,12.04,3.794579225,12.04,2.835092836
12.05,3.284,12.05,4.274656072,12.05,2.83370256
12.06,3.289,12.06,3.978014946,12.06,2.820841933
12.07,3.283,12.07,4.169111171,12.07,2.823064896
12.08,3.293,12.08,4.710611729,12.08,2.831869702
12.09,3.292,12.09,4.447494209,12.09,2.839730407
12.1,3.279,12.1,4.308538813,12.1,2.835674767
12.11,3.281,12.11,4.468351558,12.11,2.832340237
12.12,3.29,12.12,4.349397471,12.12,2.841782656
12.13,3.298,12.13,4.249462368,12.13,2.831754767
12.14,3.294,12.14,4.36077335,12.14,2.826117156
12.15,3.291,12.15,3.990411721,12.15,2.833172859
12.16,3.301,12.16,4.293797839,12.16,2.835089216
12.17,3.291,12.17,4.331946335,12.17,2.837228685
12.18,3.285,12.18,4.354130875,12.18,2.832228708
12.19,3.292,12.19,4.274366133,12.19,2.836922031
12.2,3.294,12.2,4.684402504,12.2,2.82320076
12.21,3.296,12.21,4.324949493,12.21,2.828395854
12.22,3.291,12.22,4.387011852,12.22,2.835451608
12.23,3.296,12.23,4.568395121,12.23,2.842172907
12.24,3.282,12.24,4.438085398,12.24,2.831340253
12.25,3.287,12.25,4.314738823,12.25,2.827228684
12.26,3.294,12.26,4.327169533,12.26,2.82822859
12.27,3.301,12.27,4.219077308,12.27,2.834256453
12.28,3.29,12.28,4.623995846,12.28,2.832535294
12.29,3.286,12.29,3.529324971,12.29,2.832507445
12.3,3.287,12.3,4.510611428,12.3,2.829451668
12.31,3.293,12.31,4.101422843,12.31,2.833312258
12.32,3.291,12.32,4.114794737,12.32,2.825563144
12.33,3.291,12.33,4.397350389,12.33,2.829646762
12.34,3.288,12.34,4.120604397,12.34,2.83847952
12.35,3.292,12.35,4.652099242,12.35,2.831423803
12.36,3.284,12.36,3.90797346,12.36,2.829535332
12.37,3.288,12.37,4.579482236,12.37,2.812897627
12.38,3.297,12.38,4.362272133,12.38,2.781291258
12.39,3.29,12.39,4.209219488,12.39,2.803350414
12.4,3.288,12.4,4.833327118,12.4,2.956838331
12.41,3.271,12.41,4.748322398,12.41,3.024236272
12.42,3.238,12.42,4.096153852,12.42,2.863592271
12.43,3.259,12.43,4.424815168,12.43,2.688960632
12.44,3.416,12.44,4.068191594,12.44,2.693857621
12.45,3.489,12.45,3.796623156,12.45,2.763348638
12.46,3.33,12.46,4.138952174,12.46,2.829203963
12.47,3.153,12.47,4.034798206,12.47,2.852985791
12.48,3.155,12.48,4.589669183,12.48,2.845916087
12.49,3.219,12.49,4.396288502,12.49,2.845790136
12.5,3.279,12.5,3.888063272,12.5,2.848308889
12.51,3.302,12.51,4.17997556,12.51,2.837779165
12.52,3.299,12.52,4.257279422,12.52,2.853444661
12.53,3.303,12.53,4.357942251,12.53,2.836500395
12.54,3.308,12.54,4.621108305,12.54,2.826946365
12.55,3.298,12.55,3.951688932,12.55,2.824615303
12.56,3.314,12.56,4.725389806,12.56,2.832782481
12.57,3.297,12.57,4.081032132,12.57,2.830479491
12.58,3.287,12.58,4.274268954,12.58,2.823897681
12.59,3.284,12.59,3.590877956,12.59,2.824037022
12.6,3.292,12.6,4.366846569,12.6,2.835758228
12.61,3.289,12.61,4.295253129,12.61,2.843479559
12.62,3.282,12.62,3.977253947,12.62,2.843117278
12.63,3.282,12.63,4.26819052,12.63,2.844504018
12.64,3.294,12.64,4.133147706,12.64,2.851667696
12.65,3.302,12.65,3.815575078,12.65,2.850193809
12.66,3.302,12.66,4.183743563,12.66,2.838277435
12.67,3.304,12.67,4.153205246,12.67,2.834472483
12.68,3.312,12.68,4.546523149,12.68,2.825002017
12.69,3.311,12.69,4.233406241,12.69,2.823810383
12.7,3.299,12.7,3.832767726,12.7,2.818758173
12.71,3.295,12.71,4.086403725,12.71,2.82034357
12.72,3.285,12.72,4.69849418,12.72,2.825678123
12.73,3.283,12.73,4.135964551,12.73,2.838371553
12.74,3.277,12.74,4.199142502,12.74,2.830232258
12.75,3.278,12.75,4.565308822,12.75,2.829925618
12.76,3.283,12.76,4.490231349,12.76,2.82964679
12.77,3.296,12.77,4.127878353,12.77,2.839228622
12.78,3.288,12.78,4.826521677,12.78,2.836256572
12.79,3.288,12.79,4.311021909,12.79,2.838005712
12.8,3.288,12.8,4.228008831,12.8,2.827061428
12.81,3.298,12.81,4.411517463,12.81,2.81545159
12.82,3.295,12.82,4.346744602,12.82,2.83070242
12.83,3.297,12.83,4.097143594,12.83,2.83767459
12.84,3.286,12.84,4.326642406,12.84,2.835758363
12.85,3.274,12.85,4.461148012,12.85,2.824842017
12.86,3.289,12.86,4.693083293,12.86,2.829451629
12.87,3.296,12.87,4.550848006,12.87,2.830451588
12.88,3.294,12.88,4.378145629,12.88,2.835507396
12.89,3.283,12.89,4.508311386,12.89,2.835507462
12.9,3.288,12.9,3.799575767,12.9,2.834228694
12.91,3.289,12.91,3.995235595,12.91,2.832145046
12.92,3.294,12.92,4.228505653,12.92,2.834033511
12.93,3.294,12.93,3.944186123,12.93,2.833089265
12.94,3.293,12.94,4.261611351,12.94,2.830228649
12.95,3.291,12.95,4.36509122,12.95,2.83325652
12.96,3.293,12.96,4.446069102,12.96,2.84003352
12.97,3.292,12.97,3.811720644,12.97,2.835005685
12.98,3.289,12.98,4.338106498,12.98,2.835922069
12.99,3.292,12.99,4.630358615,12.99,2.831866274
13,3.299,13,4.733210326,13,2.836754741
13.01,3.294,13.01,4.417715986,13.01,2.831977769
13.02,3.295,13.02,4.420825934,13.02,2.819423759
13.03,3.291,13.03,4.448782047,13.03,2.831563096
13.04,3.296,13.04,4.315751793,13.04,2.840340098
13.05,3.291,13.05,4.102043752,13.05,2.834423838
13.06,3.278,13.06,4.508470051,13.06,2.831451751
13.07,3.29,13.07,3.883609628,13.07,2.829172888
13.08,3.299,13.08,4.766106782,13.08,2.82922859
13.09,3.293,13.09,4.177301622,13.09,2.821758244
13.1,3.29,13.1,4.038574664,13.1,2.798789595
13.11,3.288,13.11,4.123312358,13.11,2.775434111
13.12,3.288,13.12,4.286591321,13.12,2.809103014
13.13,3.28,13.13,4.241768481,13.13,2.978922055
13.14,3.256,13.14,4.726094098,13.14,3.019236454
13.15,3.231,13.15,3.84188133,13.15,2.861229955
13.16,3.264,13.16,4.302354092,13.16,2.701040666
13.17,3.438,13.17,4.260787076,13.17,2.699881934
13.18,3.484,13.18,4.11134095,13.18,2.770763356
13.19,3.328,13.19,3.8952099,13.19,2.820702229
13.2,3.166,13.2,4.317560073,13.2,2.847567565
13.21,3.162,13.21,5.159552737,13.21,2.8555815
13.22,3.227,13.22,4.202601908,13.22,2.843706509
13.23,3.271,13.23,4.720197282,13.23,2.839699204
13.24,3.297,13.24,4.75696575,13.24,2.836974256
13.25,3.309,13.25,4.435355665,13.25,2.834057822
13.26,3.301,13.26,3.940932827,13.26,2.833503855
13.27,3.299,13.27,4.134280968,13.27,2.827894106
13.28,3.297,13.28,4.459000524,13.28,2.81947947
13.29,3.294,13.29,3.713743522,13.29,2.833618829
13.3,3.293,13.3,4.25438654,13.3,2.827841872
13.31,3.287,13.31,4.506492879,13.31,2.830953442
13.32,3.278,13.32,4.162523675,13.32,2.833814079
13.33,3.292,13.33,4.555680191,13.33,2.829535282
13.34,3.286,13.34,4.233431268,13.34,2.84131231
13.35,3.289,13.35,3.89181087,13.35,2.846754822
13.36,3.292,13.36,4.129061191,13.36,2.856974373
13.37,3.288,13.37,4.36649446,13.37,2.851416912
13.38,3.3,13.38,4.200152301,13.38,2.850747841
13.39,3.306,13.39,4.163299748,13.39,2.841664137
13.4,3.317,13.4,3.90361571,13.4,2.837859181
13.41,3.312,13.41,4.10891583,13.41,2.824751163
13.42,3.312,13.42,4.146935588,13.42,2.815782496
13.43,3.303,13.43,4.628154844,13.43,2.818758114
13.44,3.299,13.44,4.361605348,13.44,2.829204162
13.45,3.285,13.45,4.273640011,13.45,2.826622424
13.46,3.275,13.46,4.150322442,13.46,2.821789733
13.47,3.277,13.47,4.115897834,13.47,2.838204311
13.48,3.287,13.48,3.973548717,13.48,2.84350744
13.49,3.284,13.49,4.449325174,13.49,2.830451769
13.5,3.279,13.5,3.677643082,13.5,2.826423845
13.51,3.296,13.51,4.374016565,13.51,2.824312192
13.52,3.302,13.52,4.074517163,13.52,2.834395809
13.53,3.289,13.53,4.492061984,13.53,2.819092782
13.54,3.285,13.54,4.443795778,13.54,2.833037038
13.55,3.283,13.55,4.48166854,13.55,2.836758287
13.56,3.293,13.56,4.040887292,13.56,2.835451694
13.57,3.277,13.57,3.639114912,13.57,2.832507499
13.58,3.291,13.58,4.085965338,13.58,2.83211715
13.59,3.295,13.59,4.422929535,13.59,2.824340118
13.6,3.294,13.6,4.176893654,13.6,2.83925649
13.61,3.291,13.61,4.561992183,13.61,2.84108929
13.62,3.291,13.62,3.85814716,13.62,2.835005723
13.63,3.283,13.63,4.296799315,13.63,2.828117208
13.64,3.298,13.64,4.332548722,13.64,2.828005583
13.65,3.3,13.65,4.387505063,13.65,2.82734007
13.66,3.294,13.66,3.920929521,13.66,2.83842375
13.67,3.287,13.67,4.109272926,13.67,2.832507444
13.68,3.287,13.68,4.245124506,13.68,2.829479575
13.69,3.286,13.69,4.366667004,13.69,2.827507401
13.7,3.297,13.7,3.873913131,13.7,2.834312223
13.71,3.291,13.71,4.575130602,13.71,2.835395908
13.72,3.288,13.72,4.620853923,13.72,2.83628445
13.73,3.286,13.73,4.353148132,13.73,2.825395941
13.74,3.293,13.74,3.585681842,13.74,2.829340118
13.75,3.294,13.75,4.229724607,13.75,2.831423725
13.76,3.295,13.76,4.127693504,13.76,2.831535263
13.77,3.284,13.77,4.300362555,13.77,2.843340202
13.78,3.288,13.78,4.245278323,13.78,2.836033585
13.79,3.29,13.79,4.342714674,13.79,2.834866328
13.8,3.29,13.8,4.432300513,13.8,2.829894149
13.81,3.302,13.81,4.048364114,13.81,2.821172826
13.82,3.295,13.82,3.861366987,13.82,2.82956308
13.83,3.294,13.83,4.324441378,13.83,2.829758229
13.84,3.289,13.84,4.722823018,13.84,2.82020429
13.85,3.28,13.85,4.557734342,13.85,2.787458633
13.86,3.288,13.86,3.828977364,13.86,2.782629196
13.87,3.288,13.87,4.248028772,13.87,2.877346944
13.88,3.278,13.88,4.140003864,13.88,3.029661017
13.89,3.244,13.89,4.309892079,13.89,2.973146192
13.9,3.238,13.9,4.198401294,13.9,2.758675639
13.91,3.334,13.91,4.071644549,13.91,2.676405551
13.92,3.492,13.92,4.089847708,13.92,2.721668935
13.93,3.44,13.93,4.503743354,13.93,2.789638493
13.94,3.225,13.94,4.200066264,13.94,2.834044457
13.95,3.14,13.95,4.751996403,13.95,2.851898735
13.96,3.181,13.96,4.544818895,13.96,2.847382772
13.97,3.242,13.97,4.437695249,13.97,2.845953765
13.98,3.282,13.98,4.336859164,13.98,2.852002261
13.99,3.302,13.99,4.882151436,13.99,2.839500425
14,3.302,14,4.281129622,14,2.842472526
14.01,3.304,14.01,4.250512232,14.01,2.842444602
14.02,3.312,14.02,4.686811347,14.02,2.825946332
14.03,3.3,14.03,4.360902812,14.03,2.813061321
14.04,3.303,14.04,4.605569812,14.04,2.824535101
14.05,3.303,14.05,4.522393627,14.05,2.832869654
14.06,3.286,14.06,4.597509386,14.06,2.826399454
14.07,3.272,14.07,3.981326433,14.07,2.828399499
14.08,3.283,14.08,3.982808922,14.08,2.828009159
14.09,3.291,14.09,4.468495349,14.09,2.82403701
14.1,3.284,14.1,4.143754421,14.1,2.851507426
14.11,3.286,14.11,4.147716621,14.11,2.86244826
14.12,3.286,14.12,4.195937502,14.12,2.859500626
14.13,3.282,14.13,3.829529873,14.13,2.838138208
14.14,3.31,14.14,4.462136516,14.14,2.839608326
14.15,3.322,14.15,4.23721292,14.15,2.84180335
14.16,3.32,14.16,4.032270457,14.16,2.836500295
14.17,3.299,14.17,4.367011319,14.17,2.81964325
14.18,3.301,14.18,4.700144814,14.18,2.827005538
14.19,3.303,14.19,3.932347715,14.19,2.829367901
14.2,3.297,14.2,3.993778168,14.2,2.828814001
14.21,3.279,14.21,4.440419228,14.21,2.826176455
14.22,3.286,14.22,4.063279087,14.22,2.825064899
14.23,3.288,14.23,3.867134542,14.23,2.827092756
14.24,3.287,14.24,3.897503173,14.24,2.828148525
14.25,3.284,14.25,5.01984879,14.25,2.83206493
14.26,3.283,14.26,4.335175536,14.26,2.828009193
14.27,3.285,14.27,4.276180939,14.27,2.825981299
14.28,3.286,14.28,4.788000121,14.28,2.834758274
14.29,3.29,14.29,4.964504069,14.29,2.834563163
14.3,3.286,14.3,4.762746696,14.3,2.829618957
14.31,3.284,14.31,3.901716565,14.31,2.832479556
14.32,3.293,14.32,3.949045618,14.32,2.830340129
14.33,3.293,14.33,4.753235616,14.33,2.837256522
14.34,3.288,14.34,4.435706477,14.34,2.843977816
14.35,3.291,14.35,3.940325869,14.35,2.83675484
14.36,3.289,14.36,3.878582831,14.36,2.823977816
14.37,3.296,14.37,4.200644625,14.37,2.831921956
14.38,3.303,14.38,4.128795752,14.38,2.83594981
14.39,3.296,14.39,4.673955116,14.39,2.821591027
14.4,3.283,14.4,4.709353773,14.4,2.828841916
14.41,3.291,14.41,4.183600797,14.41,2.838451608
14.42,3.295,14.42,4.384227588,14.42,2.836340174
14.43,3.28,14.43,4.584012819,14.43,2.828563248
14.44,3.287,14.44,4.015989147,14.44,2.834200782
14.45,3.297,14.45,4.262214664,14.45,2.836949862
14.46,3.295,14.46,4.478925015,14.46,2.830172912
14.47,3.287,14.47,4.708571087,14.47,2.81964679
14.48,3.293,14.48,3.905831293,14.48,2.8247582
14.49,3.296,14.49,4.098857301,14.49,2.839618829
14.5,3.289,14.5,3.873090745,14.5,2.84345171
14.51,3.278,14.51,4.0279662,14.51,2.8343403
14.52,3.283,14.52,4.301200006,14.52,2.823228705
14.53,3.298,14.53,4.310350357,14.53,2.822284304
14.54,3.302,14.54,4.205782137,14.54,2.829563031
14.55,3.293,14.55,4.504130392,14.55,2.839674637
14.56,3.282,14.56,4.641564189,14.56,2.83370262
14.57,3.281,14.57,3.813729912,14.57,2.841200867
14.58,3.288,14.58,4.125843553,14.58,2.829005683
14.59,3.298,14.59,3.998224043,14.59,2.837754754
14.6,3.292,14.6,4.221917586,14.6,2.834866266
14.61,3.3,14.61,4.313618313,14.61,2.827033508
14.62,3.288,14.62,4.36675897,14.62,2.788538735
14.63,3.297,14.63,3.997835336,14.63,2.765406145
14.64,3.294,14.64,4.292546175,14.64,2.851127317
14.65,3.286,14.65,4.51114917,14.65,3.017970952
14.66,3.246,14.66,4.609938585,14.66,2.992177505
14.67,3.221,14.67,4.53339093,14.67,2.786982477
14.68,3.307,14.68,4.387389362,14.68,2.665545235
14.69,3.479,14.69,4.76655406,14.69,2.715222984
14.7,3.458,14.7,3.649685597,14.7,2.789802029
14.71,3.253,14.71,4.182103237,14.71,2.840514702
14.72,3.129,14.72,4.368246702,14.72,2.849233334
14.73,3.175,14.73,4.04556206,14.73,2.852271312
14.74,3.243,14.74,4.470256112,14.74,2.851507757
14.75,3.289,14.75,4.496093709,14.75,2.845751383
14.76,3.299,14.76,4.268444993,14.76,2.839444673
14.77,3.307,14.77,3.73270638,14.77,2.826779082
14.78,3.31,14.78,4.216673158,14.78,2.827336517
14.79,3.306,14.79,4.366547872,14.79,2.83672678
14.8,3.3,14.8,4.136387937,14.8,2.830200746
14.81,3.287,14.81,3.846885183,14.81,2.82564681
14.82,3.287,14.82,5.121298198,14.82,2.835451636
14.83,3.296,14.83,4.163330808,14.83,2.823590993
14.84,3.289,14.84,4.557284422,14.84,2.823009151
14.85,3.284,14.85,4.419694817,14.85,2.826148498
14.86,3.294,14.86,3.850031527,14.86,2.846563123
14.87,3.282,14.87,4.411557736,14.87,2.84722877
14.88,3.281,14.88,4.706735569,14.88,2.850448324
14.89,3.284,14.89,4.909965683,14.89,2.854500525
14.9,3.305,14.9,4.296406153,14.9,2.844887178
14.91,3.306,14.91,4.018604652,14.91,2.837082263
14.92,3.31,14.92,4.627799459,14.92,2.833416677
14.93,3.315,14.93,4.395024248,14.93,2.828029885
14.94,3.306,14.94,4.67633675,14.94,2.818089166
14.95,3.298,14.95,4.082606951,14.95,2.818897542
14.96,3.294,14.96,4.246103946,14.96,2.822399306
14.97,3.288,14.97,4.171735361,14.97,2.834455135
14.98,3.277,14.98,4.513513122,14.98,2.831427365
14.99,3.277,14.99,4.199243799,14.99,2.828176499
15,3.28,15,4.013302085,15,2.835702566
15.01,3.292,15.01,4.039712612,15.01,2.832395902
15.02,3.289,15.02,4.626165942,15.02,2.826591054
15.03,3.286,15.03,4.265875799,15.03,2.818925517
15.04,3.294,15.04,4.143366249,15.04,2.821120566
15.05,3.291,15.05,4.476084404,15.05,2.820566585
15.06,3.285,15.06,3.731775803,15.06,2.84231578
15.07,3.277,15.07,4.419712598,15.07,2.855507527
15.08,3.279,15.08,4.512663723,15.08,2.837950105
15.09,3.278,15.09,4.260356245,15.09,2.836476155
15.1,3.3,15.1,4.344261865,15.1,2.83305783
15.11,3.314,15.11,4.790771039,15.11,2.838113538
15.12,3.297,15.12,3.863251422,15.12,2.833699014
15.13,3.296,15.13,4.871887215,15.13,2.825061389
15.14,3.293,15.14,4.390975468,15.14,2.829284354
15.15,3.298,15.15,4.253840106,15.15,2.836228587
15.16,3.293,15.16,4.313430987,15.16,2.833395918
15.17,3.284,15.17,3.983510475,15.17,2.821758328
15.18,3.288,15.18,4.183122573,15.18,2.83353525
15.19,3.295,15.19,4.222064736,15.19,2.839256487
15.2,3.292,15.2,4.294114817,15.2,2.838200831
15.21,3.28,15.21,4.010064001,15.21,2.837089376
15.22,3.292,15.22,4.457686977,15.22,2.828866284
15.23,3.298,15.23,4.165962503,15.23,2.830921976
15.24,3.297,15.24,3.809337613,15.24,2.825312218
15.25,3.296,15.25,4.242951959,15.25,2.822758225
15.26,3.288,15.26,3.788230511,15.26,2.83775825
15.27,3.29,15.27,4.325775331,15.27,2.83267467
15.28,3.284,15.28,4.357176803,15.28,2.833618979
15.29,3.281,15.29,4.202403537,15.29,2.835340201
15.3,3.296,15.3,3.882169857,15.3,2.832061389
15.31,3.291,15.31,4.288628458,15.31,2.829284406
15.32,3.292,15.32,4.480205808,15.32,2.826451626
15.33,3.294,15.33,4.281146773,15.33,2.828590982
15.34,3.291,15.34,4.429686344,15.34,2.831702507
15.35,3.288,15.35,4.406583993,15.35,2.834646798
15.36,3.285,15.36,3.752177986,15.36,2.829646823
15.37,3.287,15.37,3.935841725,15.37,2.833451673
15.38,3.29,15.38,3.902646232,15.38,2.840117156
15.39,3.293,15.39,4.036036746,15.39,2.830145053
15.4,3.288,15.4,4.401153995,15.4,2.815674666
15.41,3.292,15.41,4.430051129,15.41,2.802455042
15.42,3.299,15.42,3.913810375,15.42,2.781960179
15.43,3.289,15.43,4.204835229,15.43,2.829350448
15.44,3.274,15.44,4.076892294,15.44,2.997639931
15.45,3.26,15.45,4.868590405,15.45,3.008065775
15.46,3.238,15.46,3.988391209,15.46,2.814480716
15.47,3.285,15.47,4.338125233,15.47,2.679127426
15.48,3.458,15.48,4.329732226,15.48,2.701554162
15.49,3.474,15.49,4.021014369,15.49,2.779798354
15.5,3.281,15.5,4.666725295,15.5,2.837040577
15.51,3.143,15.51,4.051402664,15.51,2.853428387
15.52,3.162,15.52,4.379795639,15.52,2.851884661
15.53,3.234,15.53,4.425576368,15.53,2.857591449
15.54,3.286,15.54,3.927648208,15.54,2.857249667
15.55,3.303,15.55,4.497008715,15.55,2.838859334
15.56,3.306,15.56,4.108098431,15.56,2.828249477
15.57,3.316,15.57,4.216205684,15.57,2.842332974
15.58,3.318,15.58,3.609867864,15.58,2.828113518
15.59,3.3,15.59,4.492707451,15.59,2.823117121
15.6,3.289,15.6,4.200641104,15.6,2.832367971
15.61,3.303,15.61,4.589624668,15.61,2.827451571
15.62,3.288,15.62,4.42966855,15.62,2.825009169
15.63,3.282,15.63,4.414307238,15.63,2.831953412
15.64,3.291,15.64,3.737859345,15.64,2.831730393
15.65,3.286,15.65,4.144660419,15.65,2.824953439
15.66,3.283,15.66,4.051629415,15.66,2.844479554
15.67,3.29,15.67,4.146378778,15.67,2.858503954
15.68,3.29,15.68,4.327795273,15.68,2.856751444
15.69,3.283,15.69,4.864596695,15.69,2.839472701
15.7,3.303,15.7,4.438210054,15.7,2.832193739
15.71,3.318,15.71,4.015645351,15.71,2.828583843
15.72,3.317,15.72,3.865413745,15.72,2.838141368
15.73,3.3,15.73,4.210245174,15.73,2.826033489
15.74,3.293,15.74,4.150082319,15.74,2.815758256
15.75,3.289,15.75,4.464134921,15.75,2.820176315
15.76,3.298,15.76,4.42278491,15.76,2.823399289
15.77,3.285,15.77,4.15131386,15.77,2.817068401
15.78,3.274,15.78,4.504214428,15.78,2.832929071
15.79,3.278,15.79,4.56119652,15.79,2.841232212
15.8,3.281,15.8,4.352206601,15.8,2.837730529
15.81,3.274,15.81,4.487152751,15.81,2.832451784
15.82,3.29,15.82,4.014411759,15.82,2.830033524
15.83,3.299,15.83,4.181213796,15.83,2.832977716
15.84,3.296,15.84,4.415643511,15.84,2.83900563
15.85,3.291,15.85,4.575902641,15.85,2.830200808
15.86,3.289,15.86,4.302877211,15.86,2.831228671
15.87,3.292,15.87,4.17801252,15.87,2.825367992
15.88,3.298,15.88,3.656737756,15.88,2.83336797
15.89,3.289,15.89,3.986613898,15.89,2.83353528
15.9,3.29,15.9,4.530196908,15.9,2.834423809
15.91,3.284,15.91,4.379327616,15.91,2.827535319
15.92,3.292,15.92,4.421474161,15.92,2.838172888
15.93,3.292,15.93,4.653058755,15.93,2.830256525
15.94,3.293,15.94,4.180405075,15.94,2.824507406
15.95,3.286,15.95,3.995230981,15.95,2.82867463
15.96,3.297,15.96,4.943149367,15.96,2.838367973
15.97,3.289,15.97,4.492950709,15.97,2.841284452
15.98,3.283,15.98,4.457794384,15.98,2.837089381
15.99,3.287,15.99,4.292516689,15.99,2.831866323
16,3.297,16,4.285439267,16,2.826894106
16.01,3.3,16.01,4.700315175,16.01,2.836921954
16.02,3.296,16.02,4.468917428,16.02,2.83703351
16.03,3.291,16.03,4.051732972,16.03,2.829256568
16.04,3.286,16.04,4.548699554,16.04,2.824479538
16.05,3.296,16.05,4.233150545,16.05,2.822618822
16.06,3.296,16.06,4.570969959,16.06,2.826925451
16.07,3.288,16.07,3.623911594,16.07,2.831120644
16.08,3.283,16.08,4.389973143,16.08,2.836925579
16.09,3.281,16.09,4.383958202,16.09,2.83659111
16.1,3.285,16.1,4.070262259,16.1,2.818702578
16.11,3.289,16.11,4.009701436,16.11,2.824758235
16.12,3.295,16.12,4.519547016,16.12,2.83659094
16.13,3.295,16.13,3.723725157,16.13,2.835618914
16.14,3.277,16.14,4.474442636,16.14,2.837591148
16.15,3.283,16.15,4.621710688,16.15,2.832200836
16.16,3.295,16.16,4.63618062,16.16,2.834894138
16.17,3.294,16.17,4.596030245,16.17,2.829089258
16.18,3.296,16.18,4.448828575,16.18,2.78939934
16.19,3.291,16.19,4.574986249,16.19,2.784932325
16.2,3.294,16.2,4.20609523,16.2,2.873817276
16.21,3.288,16.21,4.184790266,16.21,3.00110693
16.22,3.247,16.22,4.431240831,16.22,2.954428297
16.23,3.241,16.23,4.313549367,16.23,2.764901998
16.24,3.331,16.24,4.253536672,16.24,2.684520616
16.25,3.463,16.25,4.156866991,16.25,2.74408732
16.26,3.42,16.26,4.326245353,16.26,2.799941814
16.27,3.23,16.27,4.721129606,16.27,2.828901624
16.28,3.147,16.28,4.112295286,16.28,2.832424765
16.29,3.203,16.29,4.048815458,16.29,2.849048053
16.3,3.253,16.3,4.376607257,16.3,2.859842188
16.31,3.278,16.31,4.329834098,16.31,2.845392627
16.32,3.283,16.32,4.089510362,16.32,2.843667786
16.33,3.304,16.33,3.971947321,16.33,2.830444593
16.34,3.318,16.34,4.074033546,16.34,2.833723255
16.35,3.305,16.35,4.063533045,16.35,2.828559553
16.36,3.304,16.36,3.920538967,16.36,2.834866207
16.37,3.291,16.37,4.216266201,16.37,2.837089278
16.38,3.294,16.38,4.333898112,16.38,2.829172917
16.39,3.288,16.39,4.160257424,16.39,2.819618904
16.4,3.294,16.4,3.881408803,16.4,2.829618821
16.41,3.296,16.41,4.441518498,16.41,2.838535223
16.42,3.288,16.42,4.683236028,16.42,2.837535345
16.43,3.278,16.43,4.412059291,16.43,2.848977901
16.44,3.288,16.44,4.386607096,16.44,2.852030116
16.45,3.297,16.45,4.334230379,16.45,2.85622174
16.46,3.296,16.46,4.100765732,16.46,2.838165978
16.47,3.308,16.47,4.495300699,16.47,2.830305222
16.48,3.312,16.48,4.034254888,16.48,2.827862616
16.49,3.317,16.49,4.737959537,16.49,2.829503731
16.5,3.299,16.5,4.177733287,16.5,2.827367967
16.51,3.291,16.51,4.024733486,16.51,2.816064876
16.52,3.288,16.52,4.454128976,16.52,2.811678088
16.53,3.289,16.53,4.004517662,16.53,2.822901053
16.54,3.286,16.54,4.223745874,16.54,2.843566641
16.55,3.274,16.55,4.726571095,16.55,2.844120817
16.56,3.269,16.56,4.187243692,16.56,2.838479741
16.57,3.28,16.57,4.113241216,16.57,2.836726988
16.58,3.301,16.58,4.166371279,16.58,2.833364479
16.59,3.302,16.59,3.909320462,16.59,2.826782594
16.6,3.297,16.6,4.477963394,16.6,2.829172844
16.61,3.296,16.61,4.309520922,16.61,2.826507345
16.62,3.293,16.62,4.115890776,16.62,2.825841872
16.63,3.286,16.63,3.826524783,16.63,2.830953399
16.64,3.288,16.64,4.293919567,16.64,2.83670254
16.65,3.285,16.65,4.500872669,16.65,2.840395969
16.66,3.284,16.66,4.242530962,16.66,2.837089362
16.67,3.289,16.67,4.813083176,16.67,2.828005687
16.68,3.295,16.68,4.135407718,16.68,2.826117105
16.69,3.299,16.69,4.356880337,16.69,2.828340065
16.7,3.296,16.7,4.016878109,16.7,2.821869725
16.71,3.287,16.71,3.892490466,16.71,2.834953395
16.72,3.285,16.72,4.204042851,16.72,2.838674682
16.73,3.287,16.73,4.027269194,16.73,2.838340233
16.74,3.28,16.74,4.13464506,16.74,2.845838503
16.75,3.293,16.75,4.22065019,16.75,2.836392443
16.76,3.297,16.76,4.02071192,16.76,2.824643276
16.77,3.297,16.77,4.430602888,16.77,2.82014494
16.78,3.305,16.78,4.700982755,16.78,2.82842363
16.79,3.296,16.79,4.522305259,16.79,2.837674606
16.8,3.284,16.8,4.344095143,16.8,2.837674733
16.81,3.279,16.81,3.97813746,16.81,2.829563255
16.82,3.287,16.82,4.002094745,16.82,2.831256538
16.83,3.296,16.83,4.411240046,16.83,2.833117104
16.84,3.296,16.84,4.525476865,16.84,2.82545163
16.85,3.288,16.85,4.737556954,16.85,2.823841894
16.86,3.29,16.86,4.102020375,16.86,2.825953354
16.87,3.292,16.87,4.576840425,16.87,2.837786124
16.88,3.284,16.88,4.438794515,16.88,2.837674718
16.89,3.282,16.89,4.112364331,16.89,2.830535372
16.9,3.284,16.9,4.434827105,16.9,2.836172937
16.91,3.296,16.91,4.304540067,16.91,2.834894125
16.92,3.296,16.92,3.830004928,16.92,2.81745164
16.93,3.289,16.93,3.647927817,16.93,2.778151942
16.94,3.295,16.94,4.160058344,16.94,2.795210992
16.95,3.294,16.95,4.556868372,16.95,2.929618731
16.96,3.276,16.96,4.616379178,16.96,3.013518379
16.97,3.235,16.97,4.038805665,16.97,2.892233347
16.98,3.251,16.98,4.174362019,16.98,2.709932954
16.99,3.388,16.99,4.062986413,16.99,2.693607065
17,3.477,17,4.135231793,17,2.768150062
17.01,3.358,17.01,4.136263582,17.01,2.822810025
17.02,3.174,17.02,4.332893416,17.02,2.842651166
17.03,3.155,17.03,4.668777971,17.03,2.844222649
17.04,3.225,17.04,4.202763078,17.04,2.840263956
17.05,3.274,17.05,4.339801117,17.05,2.84214516
17.06,3.292,17.06,4.34138485,17.06,2.842364565
17.07,3.297,17.07,4.27730558,17.07,2.847918555
17.08,3.297,17.08,4.374408401,17.08,2.839834937
17.09,3.301,17.09,3.797841134,17.09,2.824197262
17.1,3.302,17.1,3.671482302,17.1,2.812033408
17.11,3.308,17.11,4.185010822,17.11,2.823590822
17.12,3.3,17.12,3.999978944,17.12,2.838897549
17.13,3.284,17.13,4.269503518,17.13,2.83898137
17.14,3.271,17.14,4.052466427,17.14,2.838619074
17.15,3.282,17.15,4.676602222,17.15,2.833033598
17.16,3.297,17.16,3.982224881,17.16,2.826921995
17.17,3.297,17.17,4.27619609,17.17,2.840838348
17.18,3.297,17.18,4.043971051,17.18,2.849503901
17.19,3.292,17.19,3.995205789,17.19,2.857918639
17.2,3.286,17.2,4.390693341,17.2,2.851361184
17.21,3.3,17.21,4.210012419,17.21,2.839942952
17.22,3.309,17.22,4.41276709,17.22,2.8340822
17.23,3.318,17.23,4.623305905,17.23,2.823778986
17.24,3.312,17.24,4.381000296,17.24,2.824726745
17.25,3.301,17.25,4.399084346,17.25,2.820646665
17.26,3.295,17.26,4.45614863,17.26,2.826120587
17.27,3.284,17.27,4.226532084,17.27,2.835176408
17.28,3.284,17.28,4.476693267,17.28,2.833953463
17.29,3.279,17.29,4.306353407,17.29,2.824009237
17.3,3.284,17.3,4.247839021,17.3,2.818092772
17.31,3.293,17.31,4.447544651,17.31,2.818315681
17.32,3.292,17.32,4.016409708,17.32,2.825594453
17.33,3.282,17.33,3.820018487,17.33,2.833622427
17.34,3.276,17.34,4.012443656,17.34,2.839204383
17.35,3.276,17.35,4.394883478,17.35,2.837646904
17.36,3.283,17.36,4.207556291,17.36,2.835145105
17.37,3.291,17.37,4.191526249,17.37,2.828033532
17.38,3.297,17.38,4.28279911,17.38,2.831061351
17.39,3.296,17.39,3.999504261,17.39,2.834172858
17.4,3.294,17.4,3.74286885,17.4,2.835228654
17.41,3.287,17.41,4.0986043,17.41,2.832312318
17.42,3.29,17.42,4.202696814,17.42,2.846782672
17.43,3.293,17.43,4.304668892,17.43,2.835643314
17.44,3.294,17.44,4.171466657,17.44,2.822949929
17.45,3.291,17.45,4.241775986,17.45,2.822312212
17.46,3.306,17.46,3.728513484,17.46,2.828423629
17.47,3.295,17.47,4.345780485,17.47,2.837702496
17.48,3.282,17.48,4.416895461,17.48,2.83961899
17.49,3.281,17.49,4.184941646,17.49,2.84111726
17.5,3.287,17.5,4.104625979,17.5,2.833782711
17.51,3.296,17.51,4.297440498,17.51,2.82875476
17.52,3.298,17.52,4.061787888,17.52,2.827033459
17.53,3.3,17.53,4.132820577,17.53,2.820563066
17.54,3.293,17.54,4.16912956,17.54,2.818232086
17.55,3.288,17.55,4.532363939,17.55,2.831343601
17.56,3.286,17.56,4.226695471,17.56,2.835204295
17.57,3.279,17.57,4.568039283,17.57,2.830148631
17.58,3.276,17.58,4.225661354,17.58,2.832814109
17.59,3.289,17.59,4.466711499,17.59,2.845033537
17.6,3.293,17.6,3.837927987,17.6,2.837810574
17.61,3.288,17.61,4.771121581,17.61,2.828949969
17.62,3.291,17.62,4.008243364,17.62,2.828949872
17.63,3.304,17.63,4.371221874,17.63,2.835838304
17.64,3.297,17.64,4.25387687,17.64,2.838033515
17.65,3.288,17.65,4.420494766,17.65,2.832200832
17.66,3.288,17.66,4.298787945,17.66,2.822395916
17.67,3.295,17.67,4.224091241,17.67,2.81578607
17.68,3.297,17.68,4.578630445,17.68,2.784291251
17.69,3.291,17.69,4.32342399,17.69,2.780019425
17.7,3.281,17.7,3.74858612,17.7,2.887542107
17.71,3.274,17.71,4.264029926,17.71,3.029661074
17.72,3.241,17.72,4.478940969,17.72,2.956508602
17.73,3.235,17.73,3.847473569,17.73,2.738539682
17.74,3.344,17.74,4.394307728,17.74,2.680102263
17.75,3.492,17.75,3.985739771,17.75,2.747919834
17.76,3.423,17.76,3.989265039,17.76,2.81030425
17.77,3.204,17.77,4.730610086,17.77,2.849762459
17.78,3.143,17.78,4.165290186,17.78,2.850031136
17.79,3.207,17.79,3.995416639,17.79,2.843654367
17.8,3.263,17.8,4.010137551,17.8,2.840089473
17.81,3.299,17.81,4.576428122,17.81,2.82353175
17.82,3.302,17.82,4.779386377,17.82,2.839531694
17.83,3.3,17.83,4.402267311,17.83,2.848364481
17.84,3.299,17.84,4.529847948,17.84,2.83550396
17.85,3.283,17.85,3.798223424,17.85,2.827838477
17.86,3.299,17.86,4.328466101,17.86,2.826754684
17.87,3.308,17.87,4.184467569,17.87,2.822256392
17.88,3.295,17.88,4.620620475,17.88,2.835646723
17.89,3.287,17.89,4.204830504,17.89,2.838591054
17.9,3.286,17.9,3.702820409,17.9,2.829563231
17.91,3.281,17.91,4.307777812,17.91,2.823674697
17.92,3.294,17.92,4.275240458,17.92,2.828507331
17.93,3.297,17.93,4.247596845,17.93,2.854949861
17.94,3.288,17.94,4.147643196,17.94,2.854476154
17.95,3.282,17.95,4.816796315,17.95,2.856667865
17.96,3.287,17.96,4.398901672,17.96,2.845970898
17.97,3.314,17.97,4.347412949,17.97,2.837636218
17.98,3.314,17.98,3.801921218,17.98,2.831249404
17.99,3.317,17.99,4.382980988,17.99,2.819224985
18,3.307,18,3.858972624,18,2.819312123
18.01,3.299,18.01,4.371182702,18.01,2.826925405
18.02,3.292,18.02,4.934778436,18.02,2.819538741
18.03,3.279,18.03,3.928460242,18.03,2.82870606
18.04,3.278,18.04,4.375774095,18.04,2.831427312
18.05,3.285,18.05,4.450680074,18.05,2.833064953
18.06,3.277,18.06,4.246434774,18.06,2.83678624
18.07,3.286,18.07,3.891656379,18.07,2.828507446
18.08,3.289,18.08,4.432762955,18.08,2.8197304
18.09,3.291,18.09,4.524935332,18.09,2.82100908
18.1,3.295,18.1,3.966909704,18.1,2.843702454
18.11,3.287,18.11,3.737919008,18.11,2.846423853
18.12,3.278,18.12,4.272774442,18.12,2.839117333
18.13,3.279,18.13,4.022253304,18.13,2.82786637
18.14,3.302,18.14,4.557876007,18.14,2.833475938
18.15,3.305,18.15,4.295121795,18.15,2.826921929
18.16,3.298,18.16,4.298804026,18.16,2.830367987
18.17,3.287,18.17,4.117699888,18.17,2.831591026
18.18,3.293,18.18,4.285401802,18.18,2.826646767
18.19,3.286,18.19,4.458151411,18.19,2.831730412
18.2,3.289,18.2,3.874509333,18.2,2.83356315
18.21,3.29,18.21,4.056225018,18.21,2.837368054
18.22,3.285,18.22,4.41880106,18.22,2.840117214
18.23,3.29,18.23,4.033837407,18.23,2.829033568
18.24,3.292,18.24,4.598741125,18.24,2.830061393
18.25,3.296,18.25,4.595291461,18.25,2.827228589
18.26,3.299,18.26,4.578440874,18.26,2.827507342
18.27,3.288,18.27,4.475346646,18.27,2.836618899
18.28,3.289,18.28,3.772292725,18.28,2.836423807
18.29,3.286,18.29,4.366477406,18.29,2.836256594
18.3,3.286,18.3,3.989887017,18.3,2.832117194
18.31,3.295,18.31,4.108497025,18.31,2.838782637
18.32,3.295,18.32,4.10610226,18.32,2.834810523
18.33,3.295,18.33,4.513467721,18.33,2.827061405
18.34,3.291,18.34,4.181535993,18.34,2.822451618
18.35,3.298,18.35,4.539222111,18.35,2.826618807
18.36,3.294,18.36,4.395508199,18.36,2.825036975
18.37,3.286,18.37,4.023711103,18.37,2.826315784
18.38,3.281,18.38,4.044676076,18.38,2.827343675
18.39,3.285,18.39,4.361504546,18.39,2.839869799
18.4,3.283,18.4,4.016883355,18.4,2.844368108
18.41,3.284,18.41,4.214077469,18.41,2.824368133
18.42,3.285,18.42,3.988350571,18.42,2.824395913
18.43,3.298,18.43,4.624822334,18.43,2.831256413
18.44,3.303,18.44,4.767828921,18.44,2.828563083
18.45,3.283,18.45,4.183716955,18.45,2.807622431
18.46,3.283,18.46,3.600100497,18.46,2.786737314
18.47,3.29,18.47,4.490234344,18.47,2.811183175
18.48,3.287,18.48,4.846347582,18.48,2.976113656
18.49,3.265,18.49,4.821289621,18.49,3.013762497
18.5,3.243,18.5,4.1004231,18.5,2.843508597
18.51,3.267,18.51,3.915040323,18.51,2.683183442
18.52,3.436,18.52,4.368997713,18.52,2.695275596
18.53,3.479,18.53,3.90424487,18.53,2.780850495
18.54,3.31,18.54,5.006103803,18.54,2.82651077
18.55,3.147,18.55,4.675956077,18.55,2.846902221
18.56,3.156,18.56,4.19448646,18.56,2.849553639
18.57,3.236,18.57,4.580486184,18.57,2.839622797
18.58,3.276,18.58,4.437845605,18.58,2.843754905
18.59,3.296,18.59,4.715200683,18.59,2.846890664
18.6,3.303,18.6,4.021058604,18.6,2.840751289
18.61,3.297,18.61,4.527280992,18.61,2.831085788
18.62,3.303,18.62,4.399186415,18.62,2.826392318
18.63,3.307,18.63,4.476407754,18.63,2.830754649
18.64,3.301,18.64,4.732049904,18.64,2.838033464
18.65,3.291,18.65,3.96183385,18.65,2.82745168
18.66,3.286,18.66,4.392463836,18.66,2.818841919
18.67,3.29,18.67,4.042452919,18.67,2.825897579
18.68,3.297,18.68,4.482010198,18.68,2.832869702
18.69,3.286,18.69,3.67347701,18.69,2.841786206
18.7,3.277,18.7,4.733601424,18.7,2.844312412
18.71,3.284,18.71,4.650300157,18.71,2.842615512
18.72,3.291,18.72,3.9588432,18.72,2.844057957
18.73,3.3,18.73,4.138935655,18.73,2.846611907
18.74,3.303,18.74,3.842791028,18.74,2.847388909
18.75,3.302,18.75,4.132799843,18.75,2.845305293
18.76,3.304,18.76,4.097109234,18.76,2.826723381
18.77,3.307,18.77,3.700455035,18.77,2.828169293
18.78,3.308,18.78,4.097563068,18.78,2.822866122
18.79,3.306,18.79,4.318082684,18.79,2.82650729
18.8,3.287,18.8,3.986851201,18.8,2.830009139
18.81,3.288,18.81,4.230570372,18.81,2.829981291
18.82,3.282,18.82,4.332399176,18.82,2.835814077
18.83,3.285,18.83,4.297752518,18.83,2.830618945
18.84,3.288,18.84,4.263825289,18.84,2.82273042
18.85,3.288,18.85,4.305587871,18.85,2.82778612
18.86,3.294,18.86,4.1050158,18.86,2.825897596
18.87,3.289,18.87,4.262169506,18.87,2.832009153
18.88,3.281,18.88,4.316897903,18.88,2.836841953
18.89,3.286,18.89,4.039660591,18.89,2.830618958
18.9,3.284,18.9,4.340223795,18.9,2.827618943
18.91,3.29,18.91,4.303151803,18.91,2.829507375
18.92,3.295,18.92,4.116601388,18.92,2.826646735
18.93,3.289,18.93,4.441045759,18.93,2.84053528
18.94,3.286,18.94,4.239182493,18.94,2.844145085
18.95,3.288,18.95,4.371736673,18.95,2.830061493
18.96,3.285,18.96,4.829492171,18.96,2.824200806
18.97,3.299,18.97,3.525033856,18.97,2.82134004
18.98,3.303,18.98,4.260931773,18.98,2.837423666
18.99,3.289,18.99,3.938607408,18.99,2.834702552
19,3.283,19,4.66815223,19,2.83459112
19.01,3.28,19.01,4.129689814,19.01,2.833340213
19.02,3.296,19.02,4.702253684,19.02,2.834949882
19.03,3.293,19.03,4.335814222,19.03,2.831117149
19.04,3.293,19.04,3.820908769,19.04,2.831200768
19.05,3.292,19.05,4.443723899,19.05,2.83225651
19.06,3.294,19.06,4.629808855,19.06,2.837145016
19.07,3.29,19.07,4.578152537,19.07,2.830284427
19.08,3.29,19.08,4.221438657,19.08,2.825451658
19.09,3.291,19.09,3.830487749,19.09,2.831451612
19.1,3.296,19.1,4.035203853,19.1,2.843144995
19.11,3.289,19.11,3.96070925,19.11,2.833256593
19.12,3.284,19.12,4.643058035,19.12,2.823451716
19.13,3.29,19.13,4.468731919,19.13,2.823507346
19.14,3.302,19.14,4.323150612,19.14,2.824702408
19.15,3.292,19.15,4.137223121,19.15,2.834953374
19.16,3.282,19.16,4.35166117,19.16,2.833953464
19.17,3.282,19.17,4.312172461,19.17,2.829786228
19.18,3.283,19.18,4.425582595,19.18,2.833507435
19.19,3.293,19.19,3.521509134,19.19,2.832284386
19.2,3.292,19.2,4.241852196,19.2,2.834284409
19.21,3.288,19.21,4.848511011,19.21,2.838145054
19.22,3.292,19.22,4.392314509,19.22,2.834005675
19.23,3.291,19.23,4.638090297,19.23,2.831061419
19.24,3.293,19.24,4.362182286,19.24,2.833033505
19.25,3.297,19.25,4.562084189,19.25,2.815563104
19.26,3.293,19.26,4.101130715,19.26,2.780235548
19.27,3.29,19.27,4.261783976,19.27,2.809988038
19.28,3.292,19.28,4.652483899,19.28,2.970085709
19.29,3.274,19.29,4.543934252,19.29,3.020678821
19.3,3.237,19.3,4.088070512,19.3,2.842703766
19.31,3.266,19.31,3.78806761,19.31,2.686127728
19.32,3.43,19.32,3.483189794,19.32,2.696164119
19.33,3.486,19.33,4.076240073,19.33,2.765017708
19.34,3.309,19.34,4.711921656,19.34,2.822984587
19.35,3.15,19.35,3.885496897,19.35,2.851236654
19.36,3.157,19.36,4.521773938,19.36,2.848999677
19.37,3.22,19.37,3.91585779,19.37,2.8410689
19.38,3.272,19.38,4.29161374,19.38,2.850559798
19.39,3.3,19.39,4.271869641,19.39,2.844639794
19.4,3.302,19.4,4.211514339,19.4,2.846444681
19.41,3.298,19.41,4.685215347,19.41,2.838528287
19.42,3.31,19.42,4.489496917,19.42,2.826834827
19.43,3.305,19.43,4.432024177,19.43,2.824559537
19.44,3.307,19.44,4.189069862,19.44,2.82806126
19.45,3.299,19.45,3.678080556,19.45,2.82570246
19.46,3.287,19.46,4.083528763,19.46,2.829037031
19.47,3.284,19.47,4.451197263,19.47,2.836814049
19.48,3.287,19.48,4.197152673,19.48,2.832618947
19.49,3.284,19.49,4.243971986,19.49,2.829591084
19.5,3.287,19.5,4.072923525,19.5,2.846005666
19.51,3.295,19.51,3.965980884,19.51,2.847448185
19.52,3.291,19.52,3.998193932,19.52,2.855862893
19.53,3.288,19.53,4.117014408,19.53,2.845444769
19.54,3.305,19.54,4.189422713,19.54,2.838138029
19.55,3.307,19.55,4.518346532,19.55,2.831500317
19.56,3.316,19.56,3.993265609,19.56,2.830946253
19.57,3.306,19.57,4.289572886,19.57,2.825810425
19.58,3.299,19.58,3.898794139,19.58,2.820563078
19.59,3.292,19.59,3.454146766,19.59,2.826953338
19.6,3.291,19.6,3.819598934,19.6,2.824232113
19.61,3.285,19.61,4.553563786,19.61,2.824483039
19.62,3.279,19.62,3.891412523,19.62,2.830399429
19.63,3.285,19.63,3.915313273,19.63,2.829176424
19.64,3.282,19.64,3.716494656,19.64,2.833009204
19.65,3.282,19.65,3.942830078,19.65,2.833730451
19.66,3.288,19.66,4.22151614,19.66,2.830535307
19.67,3.287,19.67,4.271993953,19.67,2.829535293
19.68,3.291,19.68,3.970896225,19.68,2.826591006
19.69,3.292,19.69,4.710315338,19.69,2.843284384
19.7,3.289,19.7,4.515748864,19.7,2.835228698
19.71,3.288,19.71,4.392308322,19.71,2.822451713
19.72,3.285,19.72,4.199728597,19.72,2.837228635
19.73,3.302,19.73,4.110918617,19.73,2.846643216
19.74,3.294,19.74,4.66796809,19.74,2.831949975
19.75,3.281,19.75,4.276732539,19.75,2.826200851
19.76,3.296,19.76,4.458893851,19.76,2.830949817
19.77,3.306,19.77,4.321025539,19.77,2.83208918
